datetime,date,hour,temperature_c,humidity_pct,precipitation_mm,rain_mm,snowfall_cm,snow_depth_m,weather_code,weather_condition,cloud_cover_pct,visibility_m,wind_speed_kmh,wind_gusts_kmh,simple_condition,temperature_f
2025-01-01T00:00,2025-01-01,0,9.1,95,0.9,0.9,0.0,0.0,53,Moderate Drizzle,100,,12.4,37.4,Rain,48.379999999999995
2025-01-01T01:00,2025-01-01,1,8.6,98,0.0,0.0,0.0,0.0,3,Overcast,100,,5.0,23.4,Cloudy,47.48
2025-01-01T02:00,2025-01-01,2,8.9,99,0.0,0.0,0.0,0.0,3,Overcast,100,,8.3,15.1,Cloudy,48.02
2025-01-01T03:00,2025-01-01,3,8.8,98,0.0,0.0,0.0,0.0,3,Overcast,100,,9.3,18.0,Cloudy,47.84
2025-01-01T04:00,2025-01-01,4,8.3,99,0.0,0.0,0.0,0.0,3,Overcast,100,,10.7,20.5,Cloudy,46.94
2025-01-01T05:00,2025-01-01,5,7.9,97,0.0,0.0,0.0,0.0,0,Clear,6,,14.2,28.1,Clear,46.22
2025-01-01T06:00,2025-01-01,6,6.7,96,0.0,0.0,0.0,0.0,0,Clear,15,,13.3,28.4,Clear,44.06
2025-01-01T07:00,2025-01-01,7,5.6,96,0.0,0.0,0.0,0.0,0,Clear,7,,12.3,26.6,Clear,42.08
2025-01-01T08:00,2025-01-01,8,7.1,96,0.0,0.0,0.0,0.0,0,Clear,13,,12.6,24.8,Clear,44.78
2025-01-01T09:00,2025-01-01,9,8.1,92,0.0,0.0,0.0,0.0,0,Clear,10,,12.3,27.4,Clear,46.58
2025-01-01T10:00,2025-01-01,10,9.6,85,0.0,0.0,0.0,0.0,0,Clear,8,,11.1,26.6,Clear,49.28
2025-01-01T11:00,2025-01-01,11,10.4,76,0.0,0.0,0.0,0.0,1,Mainly Clear,25,,15.9,38.5,Clear,50.72
2025-01-01T12:00,2025-01-01,12,10.9,70,0.0,0.0,0.0,0.0,1,Mainly Clear,35,,15.7,38.2,Clear,51.620000000000005
2025-01-01T13:00,2025-01-01,13,10.6,67,0.0,0.0,0.0,0.0,3,Overcast,100,,19.9,44.6,Cloudy,51.08
2025-01-01T14:00,2025-01-01,14,8.4,70,0.0,0.0,0.0,0.0,3,Overcast,100,,22.5,51.1,Cloudy,47.120000000000005
2025-01-01T15:00,2025-01-01,15,6.8,69,0.0,0.0,0.0,0.0,2,Partly Cloudy,72,,23.2,54.7,Cloudy,44.239999999999995
2025-01-01T16:00,2025-01-01,16,5.9,71,0.1,0.1,0.0,0.0,51,Light Drizzle,51,,20.8,53.3,Rain,42.620000000000005
2025-01-01T17:00,2025-01-01,17,5.2,72,0.1,0.1,0.0,0.0,51,Light Drizzle,20,,19.5,47.9,Rain,41.36
2025-01-01T18:00,2025-01-01,18,4.9,67,0.0,0.0,0.0,0.0,0,Clear,1,,19.7,45.0,Clear,40.82
2025-01-01T19:00,2025-01-01,19,4.6,63,0.0,0.0,0.0,0.0,1,Mainly Clear,20,,19.4,44.6,Clear,40.28
2025-01-01T20:00,2025-01-01,20,5.1,59,0.0,0.0,0.0,0.0,0,Clear,1,,20.0,45.0,Clear,41.18
2025-01-01T21:00,2025-01-01,21,4.6,55,0.0,0.0,0.0,0.0,0,Clear,1,,20.9,47.2,Clear,40.28
2025-01-01T22:00,2025-01-01,22,3.9,54,0.0,0.0,0.0,0.0,0,Clear,1,,18.8,46.8,Clear,39.02
2025-01-01T23:00,2025-01-01,23,3.3,58,0.0,0.0,0.0,0.0,0,Clear,2,,17.8,42.1,Clear,37.94
2025-01-02T00:00,2025-01-02,0,3.0,61,0.0,0.0,0.0,0.0,0,Clear,0,,17.7,40.0,Clear,37.4
2025-01-02T01:00,2025-01-02,1,2.5,59,0.0,0.0,0.0,0.0,0,Clear,0,,18.7,41.8,Clear,36.5
2025-01-02T02:00,2025-01-02,2,2.0,63,0.0,0.0,0.0,0.0,0,Clear,1,,18.2,42.1,Clear,35.6
2025-01-02T03:00,2025-01-02,3,1.8,66,0.0,0.0,0.0,0.0,0,Clear,3,,16.9,40.7,Clear,35.24
2025-01-02T04:00,2025-01-02,4,1.6,67,0.0,0.0,0.0,0.0,1,Mainly Clear,35,,16.4,37.8,Clear,34.88
2025-01-02T05:00,2025-01-02,5,1.1,66,0.0,0.0,0.0,0.0,0,Clear,12,,16.9,37.8,Clear,33.98
2025-01-02T06:00,2025-01-02,6,0.6,66,0.0,0.0,0.0,0.0,0,Clear,5,,17.9,40.3,Clear,33.08
2025-01-02T07:00,2025-01-02,7,0.3,66,0.0,0.0,0.0,0.0,0,Clear,17,,16.4,40.0,Clear,32.54
2025-01-02T08:00,2025-01-02,8,1.9,60,0.0,0.0,0.0,0.0,0,Clear,0,,18.0,41.4,Clear,35.42
2025-01-02T09:00,2025-01-02,9,3.0,58,0.0,0.0,0.0,0.0,0,Clear,4,,18.2,42.5,Clear,37.4
2025-01-02T10:00,2025-01-02,10,4.0,55,0.0,0.0,0.0,0.0,0,Clear,1,,18.0,40.7,Clear,39.2
2025-01-02T11:00,2025-01-02,11,4.8,50,0.0,0.0,0.0,0.0,1,Mainly Clear,22,,24.8,58.7,Clear,40.64
2025-01-02T12:00,2025-01-02,12,5.2,47,0.0,0.0,0.0,0.0,2,Partly Cloudy,69,,25.1,56.5,Cloudy,41.36
2025-01-02T13:00,2025-01-02,13,5.4,44,0.0,0.0,0.0,0.0,2,Partly Cloudy,53,,22.6,57.2,Cloudy,41.72
2025-01-02T14:00,2025-01-02,14,5.3,42,0.0,0.0,0.0,0.0,2,Partly Cloudy,63,,24.1,54.4,Cloudy,41.54
2025-01-02T15:00,2025-01-02,15,4.6,44,0.0,0.0,0.0,0.0,3,Overcast,98,,20.0,60.8,Cloudy,40.28
2025-01-02T16:00,2025-01-02,16,3.4,46,0.0,0.0,0.0,0.0,3,Overcast,87,,20.5,47.9,Cloudy,38.12
2025-01-02T17:00,2025-01-02,17,2.2,51,0.0,0.0,0.0,0.0,0,Clear,9,,18.8,47.9,Clear,35.96
2025-01-02T18:00,2025-01-02,18,1.6,53,0.0,0.0,0.0,0.0,2,Partly Cloudy,64,,17.1,42.8,Cloudy,34.88
2025-01-02T19:00,2025-01-02,19,1.2,54,0.0,0.0,0.0,0.0,2,Partly Cloudy,59,,17.1,38.9,Cloudy,34.16
2025-01-02T20:00,2025-01-02,20,1.5,52,0.0,0.0,0.0,0.0,3,Overcast,82,,19.7,44.6,Cloudy,34.7
2025-01-02T21:00,2025-01-02,21,1.1,54,0.0,0.0,0.0,0.0,2,Partly Cloudy,58,,17.9,44.6,Cloudy,33.98
2025-01-02T22:00,2025-01-02,22,0.7,57,0.0,0.0,0.0,0.0,2,Partly Cloudy,50,,15.3,40.3,Cloudy,33.26
2025-01-02T23:00,2025-01-02,23,0.2,60,0.0,0.0,0.0,0.0,1,Mainly Clear,27,,13.6,34.6,Clear,32.36
2025-01-03T00:00,2025-01-03,0,-0.3,61,0.0,0.0,0.0,0.0,0,Clear,6,,13.2,30.6,Clear,31.46
2025-01-03T01:00,2025-01-03,1,-0.7,60,0.0,0.0,0.0,0.0,0,Clear,4,,14.5,32.8,Clear,30.74
2025-01-03T02:00,2025-01-03,2,-0.9,59,0.0,0.0,0.0,0.0,0,Clear,4,,15.7,35.6,Clear,30.38
2025-01-03T03:00,2025-01-03,3,-1.0,59,0.0,0.0,0.0,0.0,0,Clear,3,,15.5,36.0,Clear,30.2
2025-01-03T04:00,2025-01-03,4,-1.4,59,0.0,0.0,0.0,0.0,0,Clear,10,,14.6,34.9,Clear,29.48
2025-01-03T05:00,2025-01-03,5,-1.5,61,0.0,0.0,0.0,0.0,0,Clear,4,,13.0,32.8,Clear,29.3
2025-01-03T06:00,2025-01-03,6,-1.8,63,0.0,0.0,0.0,0.0,0,Clear,2,,11.6,29.2,Clear,28.76
2025-01-03T07:00,2025-01-03,7,-1.9,65,0.0,0.0,0.0,0.0,0,Clear,10,,10.8,25.6,Clear,28.580000000000002
2025-01-03T08:00,2025-01-03,8,-0.5,61,0.0,0.0,0.0,0.0,0,Clear,3,,11.4,24.8,Clear,31.1
2025-01-03T09:00,2025-01-03,9,0.4,60,0.0,0.0,0.0,0.0,0,Clear,0,,11.1,26.3,Clear,32.72
2025-01-03T10:00,2025-01-03,10,1.4,56,0.0,0.0,0.0,0.0,0,Clear,1,,14.0,33.5,Clear,34.52
2025-01-03T11:00,2025-01-03,11,2.1,51,0.0,0.0,0.0,0.0,1,Mainly Clear,40,,17.1,40.7,Clear,35.78
2025-01-03T12:00,2025-01-03,12,2.5,51,0.0,0.0,0.0,0.0,2,Partly Cloudy,64,,15.6,41.0,Cloudy,36.5
2025-01-03T13:00,2025-01-03,13,3.0,49,0.0,0.0,0.0,0.0,2,Partly Cloudy,71,,15.7,37.8,Cloudy,37.4
2025-01-03T14:00,2025-01-03,14,3.2,49,0.0,0.0,0.0,0.0,0,Clear,13,,16.1,40.0,Clear,37.76
2025-01-03T15:00,2025-01-03,15,3.2,48,0.0,0.0,0.0,0.0,3,Overcast,100,,15.6,38.9,Cloudy,37.76
2025-01-03T16:00,2025-01-03,16,2.8,53,0.0,0.0,0.0,0.0,3,Overcast,80,,10.3,40.0,Cloudy,37.04
2025-01-03T17:00,2025-01-03,17,1.9,59,0.0,0.0,0.0,0.0,3,Overcast,92,,9.6,23.8,Cloudy,35.42
2025-01-03T18:00,2025-01-03,18,1.5,61,0.0,0.0,0.0,0.0,3,Overcast,100,,9.9,21.6,Cloudy,34.7
2025-01-03T19:00,2025-01-03,19,0.9,63,0.0,0.0,0.0,0.0,3,Overcast,100,,9.6,22.7,Cloudy,33.62
2025-01-03T20:00,2025-01-03,20,-1.0,71,0.0,0.0,0.0,0.0,1,Mainly Clear,34,,6.9,19.4,Clear,30.2
2025-01-03T21:00,2025-01-03,21,-1.2,70,0.0,0.0,0.0,0.0,3,Overcast,100,,9.3,20.5,Cloudy,29.84
2025-01-03T22:00,2025-01-03,22,-1.5,70,0.0,0.0,0.0,0.0,0,Clear,4,,9.6,21.2,Clear,29.3
2025-01-03T23:00,2025-01-03,23,-1.8,71,0.0,0.0,0.0,0.0,0,Clear,0,,10.3,22.3,Clear,28.76
2025-01-04T00:00,2025-01-04,0,-1.8,66,0.0,0.0,0.0,0.0,0,Clear,0,,13.0,28.8,Clear,28.76
2025-01-04T01:00,2025-01-04,1,-1.9,59,0.0,0.0,0.0,0.0,0,Clear,4,,14.1,31.7,Clear,28.580000000000002
2025-01-04T02:00,2025-01-04,2,-2.0,59,0.0,0.0,0.0,0.0,3,Overcast,100,,13.9,32.8,Cloudy,28.4
2025-01-04T03:00,2025-01-04,3,-1.8,58,0.0,0.0,0.0,0.0,3,Overcast,100,,14.3,32.8,Cloudy,28.76
2025-01-04T04:00,2025-01-04,4,-1.4,56,0.0,0.0,0.0,0.0,2,Partly Cloudy,52,,14.5,32.8,Cloudy,29.48
2025-01-04T05:00,2025-01-04,5,-1.7,47,0.0,0.0,0.0,0.0,2,Partly Cloudy,78,,16.1,37.1,Cloudy,28.94
2025-01-04T06:00,2025-01-04,6,-2.2,49,0.0,0.0,0.0,0.0,1,Mainly Clear,24,,16.7,38.9,Clear,28.04
2025-01-04T07:00,2025-01-04,7,-2.5,51,0.0,0.0,0.0,0.0,1,Mainly Clear,23,,16.9,39.6,Clear,27.5
2025-01-04T08:00,2025-01-04,8,-1.5,55,0.0,0.0,0.0,0.0,2,Partly Cloudy,79,,15.2,35.6,Cloudy,29.3
2025-01-04T09:00,2025-01-04,9,-0.6,55,0.0,0.0,0.0,0.0,3,Overcast,93,,16.3,35.6,Cloudy,30.92
2025-01-04T10:00,2025-01-04,10,-0.1,49,0.0,0.0,0.0,0.0,3,Overcast,98,,21.7,49.0,Cloudy,31.82
2025-01-04T11:00,2025-01-04,11,-0.2,48,0.0,0.0,0.0,0.0,3,Overcast,100,,20.9,50.4,Cloudy,31.64
2025-01-04T12:00,2025-01-04,12,-0.3,45,0.0,0.0,0.0,0.0,3,Overcast,91,,22.6,51.8,Cloudy,31.46
2025-01-04T13:00,2025-01-04,13,-0.1,39,0.0,0.0,0.0,0.0,2,Partly Cloudy,65,,26.1,58.3,Cloudy,31.82
2025-01-04T14:00,2025-01-04,14,-0.1,40,0.0,0.0,0.0,0.0,2,Partly Cloudy,74,,23.1,59.4,Cloudy,31.82
2025-01-04T15:00,2025-01-04,15,-0.4,42,0.0,0.0,0.0,0.0,3,Overcast,100,,23.1,55.1,Cloudy,31.28
2025-01-04T16:00,2025-01-04,16,-1.0,44,0.0,0.0,0.0,0.0,2,Partly Cloudy,72,,18.3,58.7,Cloudy,30.2
2025-01-04T17:00,2025-01-04,17,-1.6,45,0.0,0.0,0.0,0.0,3,Overcast,81,,15.9,41.8,Cloudy,29.12
2025-01-04T18:00,2025-01-04,18,-2.0,46,0.0,0.0,0.0,0.0,2,Partly Cloudy,56,,15.1,36.7,Cloudy,28.4
2025-01-04T19:00,2025-01-04,19,-2.2,47,0.0,0.0,0.0,0.0,1,Mainly Clear,35,,14.7,34.6,Clear,28.04
2025-01-04T20:00,2025-01-04,20,-2.2,49,0.0,0.0,0.0,0.0,0,Clear,6,,13.6,31.0,Clear,28.04
2025-01-04T21:00,2025-01-04,21,-2.3,49,0.0,0.0,0.0,0.0,0,Clear,0,,14.1,32.0,Clear,27.86
2025-01-04T22:00,2025-01-04,22,-2.7,51,0.0,0.0,0.0,0.0,0,Clear,1,,13.9,32.4,Clear,27.14
2025-01-04T23:00,2025-01-04,23,-2.9,51,0.0,0.0,0.0,0.0,0,Clear,13,,14.0,32.4,Clear,26.78
2025-01-05T00:00,2025-01-05,0,-3.2,50,0.0,0.0,0.0,0.0,1,Mainly Clear,26,,13.9,32.8,Clear,26.240000000000002
2025-01-05T01:00,2025-01-05,1,-3.3,49,0.0,0.0,0.0,0.0,0,Clear,15,,15.0,33.8,Clear,26.060000000000002
2025-01-05T02:00,2025-01-05,2,-3.5,50,0.0,0.0,0.0,0.0,0,Clear,8,,13.5,34.2,Clear,25.7
2025-01-05T03:00,2025-01-05,3,-3.6,51,0.0,0.0,0.0,0.0,0,Clear,6,,13.0,31.0,Clear,25.52
2025-01-05T04:00,2025-01-05,4,-3.5,51,0.0,0.0,0.0,0.0,0,Clear,2,,11.5,29.5,Clear,25.7
2025-01-05T05:00,2025-01-05,5,-3.5,52,0.0,0.0,0.0,0.0,0,Clear,17,,12.1,27.0,Clear,25.7
2025-01-05T06:00,2025-01-05,6,-3.4,53,0.0,0.0,0.0,0.0,1,Mainly Clear,41,,12.4,28.8,Clear,25.880000000000003
2025-01-05T07:00,2025-01-05,7,-3.4,53,0.0,0.0,0.0,0.0,2,Partly Cloudy,62,,12.5,28.8,Cloudy,25.880000000000003
2025-01-05T08:00,2025-01-05,8,-3.1,57,0.0,0.0,0.0,0.0,1,Mainly Clear,42,,13.7,32.0,Clear,26.42
2025-01-05T09:00,2025-01-05,9,-2.5,56,0.0,0.0,0.0,0.0,2,Partly Cloudy,76,,14.7,33.8,Cloudy,27.5
2025-01-05T10:00,2025-01-05,10,-1.5,53,0.0,0.0,0.0,0.0,3,Overcast,100,,18.7,42.1,Cloudy,29.3
2025-01-05T11:00,2025-01-05,11,-0.9,51,0.0,0.0,0.0,0.0,3,Overcast,100,,19.6,46.4,Cloudy,30.38
2025-01-05T12:00,2025-01-05,12,-0.6,50,0.0,0.0,0.0,0.0,3,Overcast,100,,19.0,46.1,Cloudy,30.92
2025-01-05T13:00,2025-01-05,13,-0.2,49,0.0,0.0,0.0,0.0,3,Overcast,89,,19.9,46.1,Cloudy,31.64
2025-01-05T14:00,2025-01-05,14,0.3,46,0.0,0.0,0.0,0.0,1,Mainly Clear,33,,18.6,47.5,Clear,32.54
2025-01-05T15:00,2025-01-05,15,0.2,45,0.0,0.0,0.0,0.0,0,Clear,17,,17.5,43.6,Clear,32.36
2025-01-05T16:00,2025-01-05,16,-0.6,48,0.0,0.0,0.0,0.0,2,Partly Cloudy,60,,13.0,39.6,Cloudy,30.92
2025-01-05T17:00,2025-01-05,17,-1.7,52,0.0,0.0,0.0,0.0,0,Clear,12,,12.2,31.0,Clear,28.94
2025-01-05T18:00,2025-01-05,18,-2.2,55,0.0,0.0,0.0,0.0,1,Mainly Clear,48,,11.2,27.4,Clear,28.04
2025-01-05T19:00,2025-01-05,19,-2.2,56,0.0,0.0,0.0,0.0,2,Partly Cloudy,53,,12.4,27.7,Cloudy,28.04
2025-01-05T20:00,2025-01-05,20,-2.0,57,0.0,0.0,0.0,0.0,3,Overcast,100,,12.2,27.4,Cloudy,28.4
2025-01-05T21:00,2025-01-05,21,-2.2,60,0.0,0.0,0.0,0.0,3,Overcast,99,,11.1,26.6,Cloudy,28.04
2025-01-05T22:00,2025-01-05,22,-2.4,62,0.0,0.0,0.0,0.0,3,Overcast,100,,10.1,24.1,Cloudy,27.68
2025-01-05T23:00,2025-01-05,23,-2.5,64,0.0,0.0,0.0,0.0,3,Overcast,100,,9.0,22.0,Cloudy,27.5
2025-01-06T00:00,2025-01-06,0,-2.8,66,0.0,0.0,0.0,0.0,3,Overcast,100,,8.6,20.2,Cloudy,26.96
2025-01-06T01:00,2025-01-06,1,-2.7,67,0.0,0.0,0.0,0.0,3,Overcast,100,,8.6,18.7,Cloudy,27.14
2025-01-06T02:00,2025-01-06,2,-2.5,67,0.0,0.0,0.0,0.0,3,Overcast,100,,7.8,19.8,Cloudy,27.5
2025-01-06T03:00,2025-01-06,3,-2.5,67,0.0,0.0,0.0,0.0,3,Overcast,100,,7.6,16.9,Cloudy,27.5
2025-01-06T04:00,2025-01-06,4,-2.5,70,0.0,0.0,0.0,0.0,3,Overcast,100,,4.0,17.3,Cloudy,27.5
2025-01-06T05:00,2025-01-06,5,-2.3,70,0.0,0.0,0.0,0.0,3,Overcast,100,,3.5,9.4,Cloudy,27.86
2025-01-06T06:00,2025-01-06,6,-2.2,69,0.0,0.0,0.0,0.0,3,Overcast,100,,3.9,9.4,Cloudy,28.04
2025-01-06T07:00,2025-01-06,7,-2.0,69,0.0,0.0,0.0,0.0,3,Overcast,100,,2.9,9.7,Cloudy,28.4
2025-01-06T08:00,2025-01-06,8,-2.0,75,0.0,0.0,0.0,0.0,3,Overcast,100,,3.9,10.8,Cloudy,28.4
2025-01-06T09:00,2025-01-06,9,-2.0,76,0.2,0.0,0.14,0.0,71,Slight Snow,100,,2.8,9.7,Snow,28.4
2025-01-06T10:00,2025-01-06,10,-1.6,76,0.2,0.0,0.14,0.0,71,Slight Snow,100,,0.9,8.6,Snow,29.12
2025-01-06T11:00,2025-01-06,11,-1.8,79,0.4,0.0,0.28,0.0,73,Moderate Snow,100,,1.3,7.6,Snow,28.76
2025-01-06T12:00,2025-01-06,12,-1.9,83,0.5,0.0,0.35,0.01,73,Moderate Snow,100,,2.8,9.7,Snow,28.580000000000002
2025-01-06T13:00,2025-01-06,13,-1.8,83,0.3,0.0,0.21,0.01,73,Moderate Snow,100,,3.6,10.1,Snow,28.76
2025-01-06T14:00,2025-01-06,14,-1.8,83,0.1,0.0,0.07,0.01,71,Slight Snow,100,,4.3,12.6,Snow,28.76
2025-01-06T15:00,2025-01-06,15,-1.6,83,0.0,0.0,0.0,0.02,3,Overcast,100,,6.8,15.8,Cloudy,29.12
2025-01-06T16:00,2025-01-06,16,-1.5,82,0.0,0.0,0.0,0.02,3,Overcast,100,,8.4,21.2,Cloudy,29.3
2025-01-06T17:00,2025-01-06,17,-1.7,83,0.0,0.0,0.0,0.02,3,Overcast,99,,6.0,19.8,Cloudy,28.94
2025-01-06T18:00,2025-01-06,18,-2.1,78,0.0,0.0,0.0,0.02,3,Overcast,100,,10.3,22.7,Cloudy,28.22
2025-01-06T19:00,2025-01-06,19,-2.8,76,0.0,0.0,0.0,0.02,3,Overcast,100,,11.3,25.2,Cloudy,26.96
2025-01-06T20:00,2025-01-06,20,-3.4,73,0.0,0.0,0.0,0.02,3,Overcast,100,,13.5,29.2,Cloudy,25.880000000000003
2025-01-06T21:00,2025-01-06,21,-3.5,69,0.0,0.0,0.0,0.02,3,Overcast,100,,15.4,33.8,Cloudy,25.7
2025-01-06T22:00,2025-01-06,22,-4.4,67,0.0,0.0,0.0,0.02,3,Overcast,100,,16.7,37.8,Cloudy,24.08
2025-01-06T23:00,2025-01-06,23,-5.8,66,0.0,0.0,0.0,0.02,3,Overcast,100,,18.4,41.8,Cloudy,21.560000000000002
2025-01-07T00:00,2025-01-07,0,-7.2,67,0.0,0.0,0.0,0.02,3,Overcast,100,,17.3,40.0,Cloudy,19.04
2025-01-07T01:00,2025-01-07,1,-8.1,66,0.0,0.0,0.0,0.02,3,Overcast,100,,18.8,40.0,Cloudy,17.42
2025-01-07T02:00,2025-01-07,2,-8.6,64,0.0,0.0,0.0,0.02,2,Partly Cloudy,61,,20.9,46.4,Cloudy,16.520000000000003
2025-01-07T03:00,2025-01-07,3,-8.7,66,0.0,0.0,0.0,0.02,2,Partly Cloudy,66,,20.0,48.2,Cloudy,16.34
2025-01-07T04:00,2025-01-07,4,-8.1,67,0.0,0.0,0.0,0.02,2,Partly Cloudy,63,,17.0,43.9,Cloudy,17.42
2025-01-07T05:00,2025-01-07,5,-7.4,67,0.0,0.0,0.0,0.02,2,Partly Cloudy,65,,15.6,37.4,Cloudy,18.68
2025-01-07T06:00,2025-01-07,6,-7.2,66,0.0,0.0,0.0,0.02,2,Partly Cloudy,61,,15.2,34.2,Cloudy,19.04
2025-01-07T07:00,2025-01-07,7,-6.7,64,0.0,0.0,0.0,0.02,3,Overcast,99,,16.6,37.4,Cloudy,19.939999999999998
2025-01-07T08:00,2025-01-07,8,-6.0,65,0.0,0.0,0.0,0.02,0,Clear,12,,17.8,39.6,Clear,21.2
2025-01-07T09:00,2025-01-07,9,-5.4,63,0.0,0.0,0.0,0.02,3,Overcast,94,,19.4,44.3,Cloudy,22.28
2025-01-07T10:00,2025-01-07,10,-5.0,62,0.0,0.0,0.0,0.02,3,Overcast,99,,22.8,65.2,Cloudy,23.0
2025-01-07T11:00,2025-01-07,11,-4.1,60,0.0,0.0,0.0,0.02,3,Overcast,100,,20.4,64.1,Cloudy,24.62
2025-01-07T12:00,2025-01-07,12,-3.3,58,0.0,0.0,0.0,0.02,3,Overcast,83,,29.9,68.8,Cloudy,26.060000000000002
2025-01-07T13:00,2025-01-07,13,-3.2,61,0.0,0.0,0.0,0.01,3,Overcast,92,,29.7,68.4,Cloudy,26.240000000000002
2025-01-07T14:00,2025-01-07,14,-3.0,62,0.0,0.0,0.0,0.01,3,Overcast,87,,28.0,66.2,Cloudy,26.6
2025-01-07T15:00,2025-01-07,15,-3.0,61,0.0,0.0,0.0,0.01,3,Overcast,100,,21.2,73.4,Cloudy,26.6
2025-01-07T16:00,2025-01-07,16,-3.1,60,0.0,0.0,0.0,0.01,3,Overcast,100,,21.2,65.5,Cloudy,26.42
2025-01-07T17:00,2025-01-07,17,-3.5,62,0.0,0.0,0.0,0.01,2,Partly Cloudy,61,,20.7,49.7,Cloudy,25.7
2025-01-07T18:00,2025-01-07,18,-3.5,63,0.0,0.0,0.0,0.01,3,Overcast,100,,22.7,51.8,Cloudy,25.7
2025-01-07T19:00,2025-01-07,19,-3.6,63,0.0,0.0,0.0,0.01,3,Overcast,86,,23.1,54.7,Cloudy,25.52
2025-01-07T20:00,2025-01-07,20,-3.0,54,0.0,0.0,0.0,0.01,2,Partly Cloudy,66,,18.5,48.6,Cloudy,26.6
2025-01-07T21:00,2025-01-07,21,-3.5,56,0.0,0.0,0.0,0.01,3,Overcast,100,,18.4,40.7,Cloudy,25.7
2025-01-07T22:00,2025-01-07,22,-3.7,57,0.0,0.0,0.0,0.01,3,Overcast,93,,15.7,40.0,Cloudy,25.34
2025-01-07T23:00,2025-01-07,23,-3.8,56,0.0,0.0,0.0,0.01,3,Overcast,90,,14.8,36.0,Cloudy,25.16
2025-01-08T00:00,2025-01-08,0,-4.0,55,0.0,0.0,0.0,0.01,2,Partly Cloudy,64,,17.0,37.4,Cloudy,24.8
2025-01-08T01:00,2025-01-08,1,-4.0,55,0.0,0.0,0.0,0.01,2,Partly Cloudy,57,,20.2,45.0,Cloudy,24.8
2025-01-08T02:00,2025-01-08,2,-4.1,55,0.0,0.0,0.0,0.01,1,Mainly Clear,46,,19.9,46.1,Clear,24.62
2025-01-08T03:00,2025-01-08,3,-4.3,55,0.0,0.0,0.0,0.01,3,Overcast,84,,20.2,46.8,Cloudy,24.26
2025-01-08T04:00,2025-01-08,4,-4.4,56,0.0,0.0,0.0,0.01,3,Overcast,100,,18.6,45.0,Cloudy,24.08
2025-01-08T05:00,2025-01-08,5,-4.3,57,0.0,0.0,0.0,0.01,3,Overcast,100,,16.5,41.0,Cloudy,24.26
2025-01-08T06:00,2025-01-08,6,-4.4,57,0.0,0.0,0.0,0.01,3,Overcast,100,,17.5,38.5,Cloudy,24.08
2025-01-08T07:00,2025-01-08,7,-4.8,58,0.0,0.0,0.0,0.01,3,Overcast,84,,15.8,38.9,Cloudy,23.36
2025-01-08T08:00,2025-01-08,8,-4.1,50,0.0,0.0,0.0,0.01,0,Clear,14,,17.3,38.9,Clear,24.62
2025-01-08T09:00,2025-01-08,9,-3.5,45,0.0,0.0,0.0,0.01,1,Mainly Clear,43,,18.5,46.8,Clear,25.7
2025-01-08T10:00,2025-01-08,10,-3.0,45,0.0,0.0,0.0,0.01,2,Partly Cloudy,61,,19.7,53.3,Cloudy,26.6
2025-01-08T11:00,2025-01-08,11,-2.7,44,0.0,0.0,0.0,0.01,3,Overcast,98,,23.4,56.2,Cloudy,27.14
2025-01-08T12:00,2025-01-08,12,-2.5,43,0.0,0.0,0.0,0.01,3,Overcast,82,,23.9,56.5,Cloudy,27.5
2025-01-08T13:00,2025-01-08,13,-2.5,41,0.0,0.0,0.0,0.01,3,Overcast,90,,25.4,56.5,Cloudy,27.5
2025-01-08T14:00,2025-01-08,14,-2.6,39,0.0,0.0,0.0,0.01,2,Partly Cloudy,64,,24.5,59.4,Cloudy,27.32
2025-01-08T15:00,2025-01-08,15,-3.2,40,0.0,0.0,0.0,0.01,1,Mainly Clear,26,,24.2,58.7,Clear,26.240000000000002
2025-01-08T16:00,2025-01-08,16,-4.2,43,0.0,0.0,0.0,0.01,0,Clear,10,,22.2,54.7,Clear,24.439999999999998
2025-01-08T17:00,2025-01-08,17,-5.4,46,0.0,0.0,0.0,0.01,1,Mainly Clear,31,,19.8,49.3,Clear,22.28
2025-01-08T18:00,2025-01-08,18,-6.2,49,0.0,0.0,0.0,0.01,1,Mainly Clear,49,,19.6,46.1,Clear,20.84
2025-01-08T19:00,2025-01-08,19,-6.6,50,0.0,0.0,0.0,0.01,1,Mainly Clear,37,,19.3,43.9,Clear,20.12
2025-01-08T20:00,2025-01-08,20,-5.6,47,0.0,0.0,0.0,0.01,1,Mainly Clear,42,,20.1,45.4,Clear,21.92
2025-01-08T21:00,2025-01-08,21,-5.8,50,0.0,0.0,0.0,0.01,1,Mainly Clear,43,,18.1,46.1,Clear,21.560000000000002
2025-01-08T22:00,2025-01-08,22,-6.2,53,0.0,0.0,0.0,0.01,1,Mainly Clear,29,,17.6,42.1,Clear,20.84
2025-01-08T23:00,2025-01-08,23,-6.5,55,0.0,0.0,0.0,0.01,2,Partly Cloudy,53,,18.6,43.2,Cloudy,20.3
2025-01-09T00:00,2025-01-09,0,-6.8,55,0.0,0.0,0.0,0.01,2,Partly Cloudy,57,,18.7,45.0,Cloudy,19.76
2025-01-09T01:00,2025-01-09,1,-6.7,55,0.0,0.0,0.0,0.01,2,Partly Cloudy,57,,19.7,44.3,Cloudy,19.939999999999998
2025-01-09T02:00,2025-01-09,2,-6.3,54,0.0,0.0,0.0,0.01,3,Overcast,100,,22.1,47.9,Cloudy,20.66
2025-01-09T03:00,2025-01-09,3,-6.1,56,0.0,0.0,0.0,0.01,3,Overcast,94,,19.0,49.7,Cloudy,21.02
2025-01-09T04:00,2025-01-09,4,-5.9,55,0.0,0.0,0.0,0.01,3,Overcast,84,,19.7,44.3,Cloudy,21.38
2025-01-09T05:00,2025-01-09,5,-5.8,53,0.0,0.0,0.0,0.01,2,Partly Cloudy,64,,20.5,49.7,Cloudy,21.560000000000002
2025-01-09T06:00,2025-01-09,6,-5.8,53,0.0,0.0,0.0,0.01,1,Mainly Clear,35,,20.6,50.8,Clear,21.560000000000002
2025-01-09T07:00,2025-01-09,7,-6.0,53,0.0,0.0,0.0,0.01,2,Partly Cloudy,53,,21.5,49.3,Cloudy,21.2
2025-01-09T08:00,2025-01-09,8,-4.8,53,0.0,0.0,0.0,0.01,1,Mainly Clear,21,,23.4,52.6,Clear,23.36
2025-01-09T09:00,2025-01-09,9,-4.2,49,0.0,0.0,0.0,0.01,0,Clear,7,,21.1,56.2,Clear,24.439999999999998
2025-01-09T10:00,2025-01-09,10,-3.7,44,0.0,0.0,0.0,0.01,2,Partly Cloudy,69,,24.6,57.2,Cloudy,25.34
2025-01-09T11:00,2025-01-09,11,-2.8,41,0.0,0.0,0.0,0.01,2,Partly Cloudy,69,,24.0,56.9,Cloudy,26.96
2025-01-09T12:00,2025-01-09,12,-2.2,40,0.0,0.0,0.0,0.01,1,Mainly Clear,37,,25.0,59.8,Clear,28.04
2025-01-09T13:00,2025-01-09,13,-1.6,42,0.0,0.0,0.0,0.01,3,Overcast,98,,27.0,62.3,Cloudy,29.12
2025-01-09T14:00,2025-01-09,14,-1.5,44,0.0,0.0,0.0,0.01,2,Partly Cloudy,74,,26.2,63.0,Cloudy,29.3
2025-01-09T15:00,2025-01-09,15,-2.5,48,0.0,0.0,0.0,0.01,3,Overcast,89,,29.0,63.7,Cloudy,27.5
2025-01-09T16:00,2025-01-09,16,-2.8,52,0.0,0.0,0.0,0.01,2,Partly Cloudy,51,,24.3,67.3,Cloudy,26.96
2025-01-09T17:00,2025-01-09,17,-3.8,59,0.0,0.0,0.0,0.01,2,Partly Cloudy,74,,26.7,59.8,Cloudy,25.16
2025-01-09T18:00,2025-01-09,18,-3.5,59,0.0,0.0,0.0,0.01,3,Overcast,91,,24.9,61.9,Cloudy,25.7
2025-01-09T19:00,2025-01-09,19,-3.7,62,0.0,0.0,0.0,0.01,2,Partly Cloudy,74,,28.3,61.6,Cloudy,25.34
2025-01-09T20:00,2025-01-09,20,-2.5,59,0.0,0.0,0.0,0.01,1,Mainly Clear,28,,23.2,54.0,Clear,27.5
2025-01-09T21:00,2025-01-09,21,-2.2,60,0.0,0.0,0.0,0.01,1,Mainly Clear,30,,23.8,52.6,Clear,28.04
2025-01-09T22:00,2025-01-09,22,-2.2,61,0.0,0.0,0.0,0.01,0,Clear,17,,23.1,52.6,Clear,28.04
2025-01-09T23:00,2025-01-09,23,-2.5,61,0.0,0.0,0.0,0.01,0,Clear,18,,22.5,51.5,Clear,27.5
2025-01-10T00:00,2025-01-10,0,-2.8,61,0.0,0.0,0.0,0.01,1,Mainly Clear,30,,22.3,50.0,Clear,26.96
2025-01-10T01:00,2025-01-10,1,-3.0,61,0.0,0.0,0.0,0.01,1,Mainly Clear,25,,22.5,50.0,Clear,26.6
2025-01-10T02:00,2025-01-10,2,-3.4,63,0.0,0.0,0.0,0.01,0,Clear,6,,22.5,50.8,Clear,25.880000000000003
2025-01-10T03:00,2025-01-10,3,-3.5,63,0.0,0.0,0.0,0.01,1,Mainly Clear,26,,21.3,49.7,Clear,25.7
2025-01-10T04:00,2025-01-10,4,-3.6,63,0.0,0.0,0.0,0.01,0,Clear,16,,20.3,47.5,Clear,25.52
2025-01-10T05:00,2025-01-10,5,-3.7,64,0.0,0.0,0.0,0.01,0,Clear,3,,18.7,44.6,Clear,25.34
2025-01-10T06:00,2025-01-10,6,-3.7,63,0.0,0.0,0.0,0.01,0,Clear,9,,17.4,41.0,Clear,25.34
2025-01-10T07:00,2025-01-10,7,-3.8,63,0.0,0.0,0.0,0.01,0,Clear,11,,16.9,38.2,Clear,25.16
2025-01-10T08:00,2025-01-10,8,-2.8,61,0.0,0.0,0.0,0.01,2,Partly Cloudy,60,,17.6,38.2,Cloudy,26.96
2025-01-10T09:00,2025-01-10,9,-1.5,54,0.0,0.0,0.0,0.01,0,Clear,14,,15.1,39.6,Clear,29.3
2025-01-10T10:00,2025-01-10,10,-0.4,49,0.0,0.0,0.0,0.01,2,Partly Cloudy,72,,14.5,36.4,Cloudy,31.28
2025-01-10T11:00,2025-01-10,11,1.1,43,0.0,0.0,0.0,0.01,1,Mainly Clear,41,,13.0,34.6,Clear,33.98
2025-01-10T12:00,2025-01-10,12,2.4,40,0.0,0.0,0.0,0.01,2,Partly Cloudy,51,,13.0,32.4,Cloudy,36.32
2025-01-10T13:00,2025-01-10,13,3.1,41,0.0,0.0,0.0,0.01,2,Partly Cloudy,58,,12.3,33.5,Cloudy,37.58
2025-01-10T14:00,2025-01-10,14,3.3,41,0.0,0.0,0.0,0.01,3,Overcast,97,,11.4,30.6,Cloudy,37.94
2025-01-10T15:00,2025-01-10,15,3.0,42,0.0,0.0,0.0,0.01,3,Overcast,100,,10.7,27.7,Cloudy,37.4
2025-01-10T16:00,2025-01-10,16,2.0,48,0.0,0.0,0.0,0.01,3,Overcast,100,,7.5,24.5,Cloudy,35.6
2025-01-10T17:00,2025-01-10,17,0.6,54,0.0,0.0,0.0,0.01,3,Overcast,98,,6.2,15.8,Cloudy,33.08
2025-01-10T18:00,2025-01-10,18,-0.2,56,0.0,0.0,0.0,0.01,3,Overcast,100,,6.0,14.8,Cloudy,31.64
2025-01-10T19:00,2025-01-10,19,-0.8,56,0.0,0.0,0.0,0.01,3,Overcast,100,,8.3,16.9,Cloudy,30.56
2025-01-10T20:00,2025-01-10,20,0.1,58,0.0,0.0,0.0,0.01,3,Overcast,100,,7.2,14.8,Cloudy,32.18
2025-01-10T21:00,2025-01-10,21,-0.3,61,0.0,0.0,0.0,0.01,3,Overcast,100,,5.5,15.1,Cloudy,31.46
2025-01-10T22:00,2025-01-10,22,-0.4,65,0.0,0.0,0.0,0.01,3,Overcast,100,,3.5,11.2,Cloudy,31.28
2025-01-10T23:00,2025-01-10,23,-0.7,72,0.0,0.0,0.0,0.01,3,Overcast,95,,2.4,6.8,Cloudy,30.74
2025-01-11T00:00,2025-01-11,0,-0.9,66,0.0,0.0,0.0,0.01,3,Overcast,100,,3.5,6.8,Cloudy,30.38
2025-01-11T01:00,2025-01-11,1,-0.9,65,0.0,0.0,0.0,0.01,3,Overcast,100,,4.2,9.0,Cloudy,30.38
2025-01-11T02:00,2025-01-11,2,-1.2,69,0.6,0.0,0.42,0.01,73,Moderate Snow,100,,1.5,11.5,Snow,29.84
2025-01-11T03:00,2025-01-11,3,-1.5,65,0.1,0.0,0.07,0.01,71,Slight Snow,100,,5.9,13.0,Snow,29.3
2025-01-11T04:00,2025-01-11,4,-1.9,69,0.2,0.0,0.14,0.01,71,Slight Snow,100,,7.3,15.8,Snow,28.580000000000002
2025-01-11T05:00,2025-01-11,5,-2.7,83,0.7,0.0,0.49,0.02,73,Moderate Snow,100,,3.1,15.1,Snow,27.14
2025-01-11T06:00,2025-01-11,6,-2.8,86,0.3,0.0,0.21,0.02,73,Moderate Snow,100,,1.9,7.6,Snow,26.96
2025-01-11T07:00,2025-01-11,7,-2.9,86,0.1,0.0,0.07,0.02,71,Slight Snow,100,,2.2,7.2,Snow,26.78
2025-01-11T08:00,2025-01-11,8,-2.5,83,0.0,0.0,0.0,0.02,3,Overcast,100,,3.3,7.9,Cloudy,27.5
2025-01-11T09:00,2025-01-11,9,-2.1,82,0.0,0.0,0.0,0.02,3,Overcast,98,,4.3,10.8,Cloudy,28.22
2025-01-11T10:00,2025-01-11,10,-1.2,79,0.0,0.0,0.0,0.02,3,Overcast,96,,6.6,15.8,Cloudy,29.84
2025-01-11T11:00,2025-01-11,11,-0.4,76,0.0,0.0,0.0,0.02,3,Overcast,100,,9.3,22.7,Cloudy,31.28
2025-01-11T12:00,2025-01-11,12,0.1,74,0.0,0.0,0.0,0.02,3,Overcast,100,,11.5,27.4,Cloudy,32.18
2025-01-11T13:00,2025-01-11,13,0.2,70,0.0,0.0,0.0,0.02,3,Overcast,99,,12.5,28.8,Cloudy,32.36
2025-01-11T14:00,2025-01-11,14,0.4,69,0.0,0.0,0.0,0.02,3,Overcast,100,,15.3,34.9,Cloudy,32.72
2025-01-11T15:00,2025-01-11,15,0.4,69,0.0,0.0,0.0,0.02,3,Overcast,100,,13.1,39.2,Cloudy,32.72
2025-01-11T16:00,2025-01-11,16,0.2,70,0.0,0.0,0.0,0.02,3,Overcast,100,,12.4,30.2,Cloudy,32.36
2025-01-11T17:00,2025-01-11,17,-0.4,68,0.0,0.0,0.0,0.02,3,Overcast,88,,16.2,35.6,Cloudy,31.28
2025-01-11T18:00,2025-01-11,18,-1.1,68,0.0,0.0,0.0,0.02,0,Clear,19,,15.6,35.6,Clear,30.02
2025-01-11T19:00,2025-01-11,19,-2.0,68,0.0,0.0,0.0,0.02,0,Clear,8,,15.5,34.6,Clear,28.4
2025-01-11T20:00,2025-01-11,20,-1.5,63,0.0,0.0,0.0,0.02,0,Clear,14,,17.1,37.1,Clear,29.3
2025-01-11T21:00,2025-01-11,21,-1.6,64,0.0,0.0,0.0,0.02,0,Clear,5,,17.3,37.8,Clear,29.12
2025-01-11T22:00,2025-01-11,22,-1.7,65,0.0,0.0,0.0,0.02,0,Clear,9,,16.7,37.4,Clear,28.94
2025-01-11T23:00,2025-01-11,23,-1.5,68,0.0,0.0,0.0,0.02,1,Mainly Clear,32,,14.9,36.0,Clear,29.3
2025-01-12T00:00,2025-01-12,0,-1.5,71,0.0,0.0,0.0,0.02,1,Mainly Clear,24,,14.3,32.0,Clear,29.3
2025-01-12T01:00,2025-01-12,1,-1.2,71,0.0,0.0,0.0,0.02,3,Overcast,100,,13.5,31.0,Cloudy,29.84
2025-01-12T02:00,2025-01-12,2,-0.9,70,0.0,0.0,0.0,0.02,2,Partly Cloudy,54,,12.3,28.8,Cloudy,30.38
2025-01-12T03:00,2025-01-12,3,-0.8,70,0.0,0.0,0.0,0.02,2,Partly Cloudy,54,,11.6,26.3,Cloudy,30.56
2025-01-12T04:00,2025-01-12,4,-1.0,72,0.0,0.0,0.0,0.02,2,Partly Cloudy,50,,10.3,24.8,Cloudy,30.2
2025-01-12T05:00,2025-01-12,5,-1.2,72,0.0,0.0,0.0,0.02,1,Mainly Clear,43,,10.6,22.3,Clear,29.84
2025-01-12T06:00,2025-01-12,6,-1.5,72,0.0,0.0,0.0,0.02,1,Mainly Clear,29,,10.2,22.3,Clear,29.3
2025-01-12T07:00,2025-01-12,7,-1.9,73,0.0,0.0,0.0,0.02,0,Clear,2,,7.0,21.2,Clear,28.580000000000002
2025-01-12T08:00,2025-01-12,8,-1.1,71,0.0,0.0,0.0,0.02,0,Clear,2,,7.2,13.0,Clear,30.02
2025-01-12T09:00,2025-01-12,9,0.8,61,0.0,0.0,0.0,0.02,0,Clear,4,,10.8,22.7,Clear,33.44
2025-01-12T10:00,2025-01-12,10,2.2,56,0.0,0.0,0.0,0.02,0,Clear,1,,7.5,24.8,Clear,35.96
2025-01-12T11:00,2025-01-12,11,3.1,55,0.0,0.0,0.0,0.02,0,Clear,2,,9.2,23.8,Clear,37.58
2025-01-12T12:00,2025-01-12,12,4.2,51,0.0,0.0,0.0,0.02,3,Overcast,83,,12.2,29.5,Cloudy,39.56
2025-01-12T13:00,2025-01-12,13,4.7,51,0.0,0.0,0.0,0.02,3,Overcast,81,,10.7,29.5,Cloudy,40.46
2025-01-12T14:00,2025-01-12,14,4.8,51,0.0,0.0,0.0,0.02,3,Overcast,90,,10.2,26.3,Cloudy,40.64
2025-01-12T15:00,2025-01-12,15,4.6,53,0.0,0.0,0.0,0.02,0,Clear,3,,9.2,24.5,Clear,40.28
2025-01-12T16:00,2025-01-12,16,3.6,62,0.0,0.0,0.0,0.02,0,Clear,7,,5.6,20.2,Clear,38.48
2025-01-12T17:00,2025-01-12,17,1.3,68,0.0,0.0,0.0,0.02,0,Clear,1,,3.0,10.8,Clear,34.34
2025-01-12T18:00,2025-01-12,18,0.6,68,0.0,0.0,0.0,0.02,0,Clear,6,,3.1,4.3,Clear,33.08
2025-01-12T19:00,2025-01-12,19,-0.2,71,0.0,0.0,0.0,0.02,0,Clear,1,,2.7,4.3,Clear,31.64
2025-01-12T20:00,2025-01-12,20,-0.6,75,0.0,0.0,0.0,0.02,3,Overcast,84,,4.4,8.6,Cloudy,30.92
2025-01-12T21:00,2025-01-12,21,-1.0,77,0.0,0.0,0.0,0.02,1,Mainly Clear,31,,2.8,7.6,Clear,30.2
2025-01-12T22:00,2025-01-12,22,-1.4,80,0.0,0.0,0.0,0.02,3,Overcast,100,,3.1,6.5,Cloudy,29.48
2025-01-12T23:00,2025-01-12,23,-0.2,78,0.0,0.0,0.0,0.02,3,Overcast,100,,3.7,7.9,Cloudy,31.64
2025-01-13T00:00,2025-01-13,0,0.1,75,0.0,0.0,0.0,0.02,3,Overcast,100,,5.2,10.4,Cloudy,32.18
2025-01-13T01:00,2025-01-13,1,0.2,73,0.0,0.0,0.0,0.02,2,Partly Cloudy,69,,6.2,12.2,Cloudy,32.36
2025-01-13T02:00,2025-01-13,2,-0.7,75,0.0,0.0,0.0,0.02,2,Partly Cloudy,77,,5.1,12.2,Cloudy,30.74
2025-01-13T03:00,2025-01-13,3,-1.0,75,0.0,0.0,0.0,0.02,3,Overcast,87,,5.5,11.5,Cloudy,30.2
2025-01-13T04:00,2025-01-13,4,-1.2,76,0.0,0.0,0.0,0.02,1,Mainly Clear,37,,5.7,12.2,Clear,29.84
2025-01-13T05:00,2025-01-13,5,-1.5,76,0.0,0.0,0.0,0.02,0,Clear,19,,6.6,13.0,Clear,29.3
2025-01-13T06:00,2025-01-13,6,-1.6,75,0.0,0.0,0.0,0.02,0,Clear,2,,7.1,14.8,Clear,29.12
2025-01-13T07:00,2025-01-13,7,-1.9,75,0.0,0.0,0.0,0.02,0,Clear,0,,7.0,14.8,Clear,28.580000000000002
2025-01-13T08:00,2025-01-13,8,-1.0,71,0.0,0.0,0.0,0.02,0,Clear,3,,8.7,16.9,Clear,30.2
2025-01-13T09:00,2025-01-13,9,0.3,67,0.0,0.0,0.0,0.02,1,Mainly Clear,29,,7.3,18.7,Clear,32.54
2025-01-13T10:00,2025-01-13,10,1.6,62,0.0,0.0,0.0,0.02,3,Overcast,98,,7.4,20.5,Cloudy,34.88
2025-01-13T11:00,2025-01-13,11,2.3,61,0.0,0.0,0.0,0.02,3,Overcast,91,,7.3,20.2,Cloudy,36.14
2025-01-13T12:00,2025-01-13,12,3.5,59,0.0,0.0,0.0,0.02,0,Clear,1,,8.0,21.6,Clear,38.3
2025-01-13T13:00,2025-01-13,13,5.2,56,0.0,0.0,0.0,0.02,0,Clear,5,,10.3,26.3,Clear,41.36
2025-01-13T14:00,2025-01-13,14,6.6,49,0.0,0.0,0.0,0.01,1,Mainly Clear,30,,14.5,31.7,Clear,43.879999999999995
2025-01-13T15:00,2025-01-13,15,6.2,49,0.0,0.0,0.0,0.01,1,Mainly Clear,32,,18.3,42.1,Clear,43.16
2025-01-13T16:00,2025-01-13,16,4.9,50,0.0,0.0,0.0,0.01,2,Partly Cloudy,76,,17.2,41.4,Cloudy,40.82
2025-01-13T17:00,2025-01-13,17,3.4,51,0.0,0.0,0.0,0.01,0,Clear,1,,15.2,39.6,Clear,38.12
2025-01-13T18:00,2025-01-13,18,2.2,54,0.0,0.0,0.0,0.01,0,Clear,0,,10.8,33.5,Clear,35.96
2025-01-13T19:00,2025-01-13,19,1.2,54,0.0,0.0,0.0,0.01,0,Clear,0,,11.8,24.8,Clear,34.16
2025-01-13T20:00,2025-01-13,20,1.0,63,0.0,0.0,0.0,0.01,0,Clear,0,,9.9,20.5,Clear,33.8
2025-01-13T21:00,2025-01-13,21,0.5,62,0.0,0.0,0.0,0.01,0,Clear,0,,10.6,21.2,Clear,32.9
2025-01-13T22:00,2025-01-13,22,0.6,58,0.0,0.0,0.0,0.01,0,Clear,0,,13.4,27.4,Clear,33.08
2025-01-13T23:00,2025-01-13,23,0.2,58,0.0,0.0,0.0,0.01,0,Clear,0,,11.9,28.4,Clear,32.36
2025-01-14T00:00,2025-01-14,0,-0.6,62,0.0,0.0,0.0,0.01,0,Clear,0,,8.5,24.5,Clear,30.92
2025-01-14T01:00,2025-01-14,1,-1.2,64,0.0,0.0,0.0,0.01,0,Clear,0,,8.0,17.6,Clear,29.84
2025-01-14T02:00,2025-01-14,2,-2.0,67,0.0,0.0,0.0,0.01,0,Clear,0,,7.3,16.6,Clear,28.4
2025-01-14T03:00,2025-01-14,3,-2.3,66,0.0,0.0,0.0,0.01,0,Clear,12,,7.8,16.6,Clear,27.86
2025-01-14T04:00,2025-01-14,4,-2.7,64,0.0,0.0,0.0,0.01,0,Clear,3,,9.2,20.2,Clear,27.14
2025-01-14T05:00,2025-01-14,5,-3.0,60,0.0,0.0,0.0,0.01,0,Clear,8,,9.8,21.6,Clear,26.6
2025-01-14T06:00,2025-01-14,6,-3.3,55,0.0,0.0,0.0,0.01,0,Clear,1,,12.6,27.4,Clear,26.060000000000002
2025-01-14T07:00,2025-01-14,7,-3.7,49,0.0,0.0,0.0,0.01,0,Clear,0,,14.6,32.8,Clear,25.34
2025-01-14T08:00,2025-01-14,8,-2.9,51,0.0,0.0,0.0,0.01,0,Clear,4,,15.9,36.0,Clear,26.78
2025-01-14T09:00,2025-01-14,9,-2.2,47,0.0,0.0,0.0,0.01,0,Clear,0,,16.0,37.1,Clear,28.04
2025-01-14T10:00,2025-01-14,10,-1.5,41,0.0,0.0,0.0,0.01,0,Clear,0,,19.8,46.1,Clear,29.3
2025-01-14T11:00,2025-01-14,11,-1.4,40,0.0,0.0,0.0,0.01,0,Clear,0,,20.7,49.7,Clear,29.48
2025-01-14T12:00,2025-01-14,12,-0.2,36,0.0,0.0,0.0,0.01,2,Partly Cloudy,79,,21.1,49.0,Cloudy,31.64
2025-01-14T13:00,2025-01-14,13,-0.1,40,0.0,0.0,0.0,0.01,3,Overcast,100,,18.4,49.7,Cloudy,31.82
2025-01-14T14:00,2025-01-14,14,0.1,41,0.0,0.0,0.0,0.01,2,Partly Cloudy,50,,17.2,43.9,Cloudy,32.18
2025-01-14T15:00,2025-01-14,15,0.3,37,0.0,0.0,0.0,0.01,0,Clear,16,,16.7,41.0,Clear,32.54
2025-01-14T16:00,2025-01-14,16,-0.4,41,0.0,0.0,0.0,0.01,0,Clear,10,,13.6,38.5,Clear,31.28
2025-01-14T17:00,2025-01-14,17,-1.7,46,0.0,0.0,0.0,0.01,1,Mainly Clear,37,,10.6,31.0,Clear,28.94
2025-01-14T18:00,2025-01-14,18,-2.3,46,0.0,0.0,0.0,0.01,3,Overcast,88,,12.4,27.7,Cloudy,27.86
2025-01-14T19:00,2025-01-14,19,-2.6,46,0.0,0.0,0.0,0.01,2,Partly Cloudy,69,,12.3,28.1,Cloudy,27.32
2025-01-14T20:00,2025-01-14,20,-2.3,48,0.0,0.0,0.0,0.01,3,Overcast,96,,12.8,29.5,Cloudy,27.86
2025-01-14T21:00,2025-01-14,21,-2.7,50,0.0,0.0,0.0,0.01,3,Overcast,100,,12.7,29.9,Cloudy,27.14
2025-01-14T22:00,2025-01-14,22,-2.7,53,0.0,0.0,0.0,0.01,3,Overcast,94,,12.6,29.9,Cloudy,27.14
2025-01-14T23:00,2025-01-14,23,-3.2,47,0.0,0.0,0.0,0.01,1,Mainly Clear,23,,16.2,37.4,Clear,26.240000000000002
2025-01-15T00:00,2025-01-15,0,-4.3,48,0.0,0.0,0.0,0.01,0,Clear,3,,13.5,38.9,Clear,24.26
2025-01-15T01:00,2025-01-15,1,-4.9,49,0.0,0.0,0.0,0.01,0,Clear,10,,12.6,38.5,Clear,23.18
2025-01-15T02:00,2025-01-15,2,-5.2,46,0.0,0.0,0.0,0.01,0,Clear,0,,17.2,39.6,Clear,22.64
2025-01-15T03:00,2025-01-15,3,-5.4,47,0.0,0.0,0.0,0.01,0,Clear,19,,16.1,39.6,Clear,22.28
2025-01-15T04:00,2025-01-15,4,-5.7,50,0.0,0.0,0.0,0.01,1,Mainly Clear,24,,13.9,36.4,Clear,21.74
2025-01-15T05:00,2025-01-15,5,-5.5,52,0.0,0.0,0.0,0.01,1,Mainly Clear,22,,15.3,34.9,Clear,22.1
2025-01-15T06:00,2025-01-15,6,-5.2,53,0.0,0.0,0.0,0.01,1,Mainly Clear,21,,14.7,34.9,Clear,22.64
2025-01-15T07:00,2025-01-15,7,-4.8,54,0.0,0.0,0.0,0.01,1,Mainly Clear,36,,14.6,33.8,Clear,23.36
2025-01-15T08:00,2025-01-15,8,-4.4,55,0.0,0.0,0.0,0.01,1,Mainly Clear,25,,16.9,38.2,Clear,24.08
2025-01-15T09:00,2025-01-15,9,-3.2,50,0.0,0.0,0.0,0.01,0,Clear,4,,15.8,39.6,Clear,26.240000000000002
2025-01-15T10:00,2025-01-15,10,-2.1,43,0.0,0.0,0.0,0.01,3,Overcast,90,,23.7,58.3,Cloudy,28.22
2025-01-15T11:00,2025-01-15,11,-1.6,43,0.0,0.0,0.0,0.01,3,Overcast,91,,21.1,56.5,Cloudy,29.12
2025-01-15T12:00,2025-01-15,12,-1.2,42,0.0,0.0,0.0,0.01,3,Overcast,95,,22.5,52.6,Cloudy,29.84
2025-01-15T13:00,2025-01-15,13,-1.1,41,0.0,0.0,0.0,0.01,0,Clear,17,,21.4,53.3,Clear,30.02
2025-01-15T14:00,2025-01-15,14,-1.0,40,0.0,0.0,0.0,0.01,2,Partly Cloudy,70,,20.4,52.9,Cloudy,30.2
2025-01-15T15:00,2025-01-15,15,-1.2,41,0.0,0.0,0.0,0.01,2,Partly Cloudy,55,,19.3,49.0,Cloudy,29.84
2025-01-15T16:00,2025-01-15,16,-1.8,43,0.0,0.0,0.0,0.01,0,Clear,11,,17.4,45.0,Clear,28.76
2025-01-15T17:00,2025-01-15,17,-2.7,47,0.0,0.0,0.0,0.01,0,Clear,13,,13.1,39.2,Clear,27.14
2025-01-15T18:00,2025-01-15,18,-3.2,49,0.0,0.0,0.0,0.01,1,Mainly Clear,22,,11.0,29.5,Clear,26.240000000000002
2025-01-15T19:00,2025-01-15,19,-3.2,50,0.0,0.0,0.0,0.01,3,Overcast,81,,8.7,24.5,Cloudy,26.240000000000002
2025-01-15T20:00,2025-01-15,20,-3.0,55,0.0,0.0,0.0,0.01,0,Clear,9,,9.7,25.6,Clear,26.6
2025-01-15T21:00,2025-01-15,21,-3.2,58,0.0,0.0,0.0,0.01,0,Clear,14,,7.4,21.6,Clear,26.240000000000002
2025-01-15T22:00,2025-01-15,22,-3.7,64,0.0,0.0,0.0,0.01,1,Mainly Clear,24,,4.4,16.2,Clear,25.34
2025-01-15T23:00,2025-01-15,23,-4.0,67,0.0,0.0,0.0,0.01,2,Partly Cloudy,56,,3.8,9.4,Cloudy,24.8
2025-01-16T00:00,2025-01-16,0,-3.7,63,0.0,0.0,0.0,0.01,3,Overcast,100,,4.7,10.4,Cloudy,25.34
2025-01-16T01:00,2025-01-16,1,-3.4,61,0.0,0.0,0.0,0.01,3,Overcast,86,,4.4,11.9,Cloudy,25.880000000000003
2025-01-16T02:00,2025-01-16,2,-3.3,59,0.0,0.0,0.0,0.01,1,Mainly Clear,32,,5.6,11.5,Clear,26.060000000000002
2025-01-16T03:00,2025-01-16,3,-3.6,60,0.0,0.0,0.0,0.01,0,Clear,2,,9.7,20.9,Clear,25.52
2025-01-16T04:00,2025-01-16,4,-4.2,60,0.0,0.0,0.0,0.01,2,Partly Cloudy,51,,8.8,21.6,Cloudy,24.439999999999998
2025-01-16T05:00,2025-01-16,5,-4.8,60,0.0,0.0,0.0,0.01,3,Overcast,87,,6.5,19.1,Cloudy,23.36
2025-01-16T06:00,2025-01-16,6,-5.2,61,0.0,0.0,0.0,0.01,3,Overcast,86,,6.2,14.0,Cloudy,22.64
2025-01-16T07:00,2025-01-16,7,-5.8,61,0.0,0.0,0.0,0.01,0,Clear,14,,5.0,13.7,Clear,21.560000000000002
2025-01-16T08:00,2025-01-16,8,-5.9,59,0.0,0.0,0.0,0.01,2,Partly Cloudy,74,,7.3,14.4,Cloudy,21.38
2025-01-16T09:00,2025-01-16,9,-4.8,51,0.0,0.0,0.0,0.01,1,Mainly Clear,32,,7.7,20.2,Clear,23.36
2025-01-16T10:00,2025-01-16,10,-3.5,46,0.0,0.0,0.0,0.01,1,Mainly Clear,20,,7.7,22.7,Clear,25.7
2025-01-16T11:00,2025-01-16,11,-2.3,41,0.0,0.0,0.0,0.01,3,Overcast,95,,8.2,24.8,Cloudy,27.86
2025-01-16T12:00,2025-01-16,12,-1.4,39,0.0,0.0,0.0,0.01,3,Overcast,100,,10.3,29.2,Cloudy,29.48
2025-01-16T13:00,2025-01-16,13,-0.6,38,0.0,0.0,0.0,0.01,3,Overcast,100,,10.6,29.2,Cloudy,30.92
2025-01-16T14:00,2025-01-16,14,-1.1,44,0.0,0.0,0.0,0.01,3,Overcast,100,,10.7,29.5,Cloudy,30.02
2025-01-16T15:00,2025-01-16,15,-1.3,49,0.0,0.0,0.0,0.01,3,Overcast,100,,10.4,27.0,Cloudy,29.66
2025-01-16T16:00,2025-01-16,16,-2.0,55,0.1,0.0,0.07,0.01,71,Slight Snow,100,,9.6,25.6,Snow,28.4
2025-01-16T17:00,2025-01-16,17,-2.3,58,0.1,0.0,0.07,0.01,71,Slight Snow,100,,6.2,22.3,Snow,27.86
2025-01-16T18:00,2025-01-16,18,-2.4,58,0.0,0.0,0.0,0.01,3,Overcast,100,,3.2,13.3,Cloudy,27.68
2025-01-16T19:00,2025-01-16,19,-2.3,57,0.0,0.0,0.0,0.01,3,Overcast,100,,5.1,9.7,Cloudy,27.86
2025-01-16T20:00,2025-01-16,20,-2.5,71,0.1,0.0,0.07,0.01,71,Slight Snow,100,,8.3,19.1,Snow,27.5
2025-01-16T21:00,2025-01-16,21,-2.8,76,0.0,0.0,0.0,0.01,3,Overcast,98,,7.4,19.1,Cloudy,26.96
2025-01-16T22:00,2025-01-16,22,-2.9,77,0.0,0.0,0.0,0.01,3,Overcast,93,,7.7,16.9,Cloudy,26.78
2025-01-16T23:00,2025-01-16,23,-3.2,79,0.0,0.0,0.0,0.01,2,Partly Cloudy,55,,7.6,16.9,Cloudy,26.240000000000002
2025-01-17T00:00,2025-01-17,0,-3.8,82,0.0,0.0,0.0,0.01,2,Partly Cloudy,75,,6.5,16.6,Cloudy,25.16
2025-01-17T01:00,2025-01-17,1,-4.0,82,0.0,0.0,0.0,0.01,0,Clear,17,,6.5,14.4,Clear,24.8
2025-01-17T02:00,2025-01-17,2,-4.4,83,0.0,0.0,0.0,0.01,0,Clear,1,,5.6,14.0,Clear,24.08
2025-01-17T03:00,2025-01-17,3,-4.7,82,0.0,0.0,0.0,0.01,0,Clear,8,,5.8,11.9,Clear,23.54
2025-01-17T04:00,2025-01-17,4,-4.9,82,0.0,0.0,0.0,0.01,0,Clear,1,,5.2,12.2,Clear,23.18
2025-01-17T05:00,2025-01-17,5,-4.9,80,0.0,0.0,0.0,0.01,0,Clear,0,,6.4,12.2,Clear,23.18
2025-01-17T06:00,2025-01-17,6,-4.4,77,0.0,0.0,0.0,0.01,0,Clear,0,,9.6,19.4,Clear,24.08
2025-01-17T07:00,2025-01-17,7,-4.3,75,0.0,0.0,0.0,0.01,0,Clear,0,,8.3,20.2,Clear,24.26
2025-01-17T08:00,2025-01-17,8,-4.2,71,0.0,0.0,0.0,0.01,1,Mainly Clear,23,,6.8,14.0,Clear,24.439999999999998
2025-01-17T09:00,2025-01-17,9,-2.2,62,0.0,0.0,0.0,0.01,0,Clear,10,,6.8,16.6,Clear,28.04
2025-01-17T10:00,2025-01-17,10,0.1,53,0.0,0.0,0.0,0.01,0,Clear,3,,5.6,17.6,Clear,32.18
2025-01-17T11:00,2025-01-17,11,2.0,48,0.0,0.0,0.0,0.01,0,Clear,0,,6.5,20.5,Clear,35.6
2025-01-17T12:00,2025-01-17,12,3.3,47,0.0,0.0,0.0,0.01,0,Clear,1,,7.3,22.3,Clear,37.94
2025-01-17T13:00,2025-01-17,13,4.5,47,0.0,0.0,0.0,0.01,2,Partly Cloudy,67,,9.2,23.8,Cloudy,40.1
2025-01-17T14:00,2025-01-17,14,5.0,46,0.0,0.0,0.0,0.01,3,Overcast,95,,10.8,25.2,Cloudy,41.0
2025-01-17T15:00,2025-01-17,15,4.9,50,0.0,0.0,0.0,0.01,3,Overcast,100,,6.2,27.4,Cloudy,40.82
2025-01-17T16:00,2025-01-17,16,4.1,56,0.0,0.0,0.0,0.01,3,Overcast,99,,7.0,13.7,Cloudy,39.38
2025-01-17T17:00,2025-01-17,17,2.5,61,0.0,0.0,0.0,0.01,1,Mainly Clear,30,,8.6,17.6,Clear,36.5
2025-01-17T18:00,2025-01-17,18,1.4,63,0.0,0.0,0.0,0.01,0,Clear,3,,7.4,17.3,Clear,34.52
2025-01-17T19:00,2025-01-17,19,0.8,64,0.0,0.0,0.0,0.01,0,Clear,8,,7.8,15.1,Clear,33.44
2025-01-17T20:00,2025-01-17,20,0.6,65,0.0,0.0,0.0,0.01,0,Clear,3,,6.0,16.6,Clear,33.08
2025-01-17T21:00,2025-01-17,21,0.2,69,0.0,0.0,0.0,0.01,0,Clear,2,,7.1,14.4,Clear,32.36
2025-01-17T22:00,2025-01-17,22,-0.2,69,0.0,0.0,0.0,0.01,0,Clear,0,,8.2,16.2,Clear,31.64
2025-01-17T23:00,2025-01-17,23,-0.2,67,0.0,0.0,0.0,0.01,0,Clear,0,,10.3,21.2,Clear,31.64
2025-01-18T00:00,2025-01-18,0,-0.6,69,0.0,0.0,0.0,0.01,3,Overcast,98,,10.1,21.2,Cloudy,30.92
2025-01-18T01:00,2025-01-18,1,-0.9,71,0.0,0.0,0.0,0.01,3,Overcast,97,,9.3,20.5,Cloudy,30.38
2025-01-18T02:00,2025-01-18,2,-0.8,72,0.0,0.0,0.0,0.01,3,Overcast,98,,10.1,20.5,Cloudy,30.56
2025-01-18T03:00,2025-01-18,3,-0.8,71,0.0,0.0,0.0,0.01,1,Mainly Clear,21,,9.7,20.5,Clear,30.56
2025-01-18T04:00,2025-01-18,4,-0.4,69,0.0,0.0,0.0,0.01,3,Overcast,100,,10.9,22.3,Cloudy,31.28
2025-01-18T05:00,2025-01-18,5,0.0,69,0.0,0.0,0.0,0.01,3,Overcast,100,,11.0,22.7,Cloudy,32.0
2025-01-18T06:00,2025-01-18,6,0.3,71,0.0,0.0,0.0,0.01,3,Overcast,100,,10.7,22.7,Cloudy,32.54
2025-01-18T07:00,2025-01-18,7,0.9,73,0.0,0.0,0.0,0.01,3,Overcast,100,,11.8,24.5,Cloudy,33.62
2025-01-18T08:00,2025-01-18,8,2.2,73,0.0,0.0,0.0,0.01,3,Overcast,100,,12.8,28.1,Cloudy,35.96
2025-01-18T09:00,2025-01-18,9,3.7,73,0.0,0.0,0.0,0.01,3,Overcast,100,,12.2,27.7,Cloudy,38.660000000000004
2025-01-18T10:00,2025-01-18,10,5.4,71,0.0,0.0,0.0,0.01,3,Overcast,100,,8.7,26.6,Cloudy,41.72
2025-01-18T11:00,2025-01-18,11,6.1,70,0.0,0.0,0.0,0.01,3,Overcast,100,,13.4,27.7,Cloudy,42.980000000000004
2025-01-18T12:00,2025-01-18,12,6.5,75,0.0,0.0,0.0,0.01,3,Overcast,100,,14.9,33.1,Cloudy,43.7
2025-01-18T13:00,2025-01-18,13,6.3,81,0.1,0.1,0.0,0.01,51,Light Drizzle,100,,11.4,32.4,Rain,43.34
2025-01-18T14:00,2025-01-18,14,6.1,85,0.6,0.6,0.0,0.01,53,Moderate Drizzle,100,,9.2,24.1,Rain,42.980000000000004
2025-01-18T15:00,2025-01-18,15,5.7,89,0.5,0.5,0.0,0.01,53,Moderate Drizzle,100,,7.3,17.3,Rain,42.260000000000005
2025-01-18T16:00,2025-01-18,16,5.2,93,0.2,0.2,0.0,0.01,51,Light Drizzle,100,,2.9,13.3,Rain,41.36
2025-01-18T17:00,2025-01-18,17,4.7,93,0.7,0.7,0.0,0.01,53,Moderate Drizzle,100,,2.6,5.0,Rain,40.46
2025-01-18T18:00,2025-01-18,18,4.3,95,0.0,0.0,0.0,0.01,3,Overcast,100,,3.1,4.0,Cloudy,39.74
2025-01-18T19:00,2025-01-18,19,4.0,97,0.0,0.0,0.0,0.01,1,Mainly Clear,29,,5.9,9.0,Clear,39.2
2025-01-18T20:00,2025-01-18,20,4.3,98,0.0,0.0,0.0,0.01,2,Partly Cloudy,53,,5.7,7.9,Cloudy,39.74
2025-01-18T21:00,2025-01-18,21,3.5,99,0.0,0.0,0.0,0.01,2,Partly Cloudy,72,,5.4,8.6,Cloudy,38.3
2025-01-18T22:00,2025-01-18,22,2.4,99,0.0,0.0,0.0,0.01,0,Clear,16,,6.3,8.6,Clear,36.32
2025-01-18T23:00,2025-01-18,23,2.2,95,0.0,0.0,0.0,0.01,1,Mainly Clear,24,,9.6,17.6,Clear,35.96
2025-01-19T00:00,2025-01-19,0,1.8,94,0.0,0.0,0.0,0.01,0,Clear,3,,8.3,18.0,Clear,35.24
2025-01-19T01:00,2025-01-19,1,1.0,94,0.0,0.0,0.0,0.01,0,Clear,1,,8.1,15.5,Clear,33.8
2025-01-19T02:00,2025-01-19,2,0.6,94,0.0,0.0,0.0,0.01,0,Clear,1,,8.0,15.1,Clear,33.08
2025-01-19T03:00,2025-01-19,3,0.7,93,0.0,0.0,0.0,0.01,0,Clear,2,,10.2,18.4,Clear,33.26
2025-01-19T04:00,2025-01-19,4,0.7,93,0.0,0.0,0.0,0.01,0,Clear,0,,9.2,20.5,Clear,33.26
2025-01-19T05:00,2025-01-19,5,0.4,93,0.0,0.0,0.0,0.01,0,Clear,0,,9.8,18.4,Clear,32.72
2025-01-19T06:00,2025-01-19,6,0.2,93,0.0,0.0,0.0,0.01,1,Mainly Clear,21,,10.0,18.7,Clear,32.36
2025-01-19T07:00,2025-01-19,7,-0.2,92,0.0,0.0,0.0,0.01,2,Partly Cloudy,60,,10.8,20.2,Cloudy,31.64
2025-01-19T08:00,2025-01-19,8,1.8,89,0.0,0.0,0.0,0.01,3,Overcast,99,,10.2,19.4,Cloudy,35.24
2025-01-19T09:00,2025-01-19,9,2.2,88,0.0,0.0,0.0,0.01,3,Overcast,100,,7.6,19.4,Cloudy,35.96
2025-01-19T10:00,2025-01-19,10,2.6,87,0.0,0.0,0.0,0.01,3,Overcast,100,,8.5,19.4,Cloudy,36.68
2025-01-19T11:00,2025-01-19,11,2.6,86,0.1,0.1,0.0,0.01,51,Light Drizzle,100,,8.5,21.2,Rain,36.68
2025-01-19T12:00,2025-01-19,12,2.3,85,0.1,0.1,0.0,0.01,51,Light Drizzle,100,,10.1,23.8,Rain,36.14
2025-01-19T13:00,2025-01-19,13,2.1,82,0.1,0.1,0.0,0.01,51,Light Drizzle,100,,8.9,24.5,Rain,35.78
2025-01-19T14:00,2025-01-19,14,1.5,84,0.3,0.0,0.21,0.01,73,Moderate Snow,100,,7.0,21.2,Snow,34.7
2025-01-19T15:00,2025-01-19,15,1.0,87,0.9,0.0,0.63,0.01,73,Moderate Snow,100,,8.8,19.1,Snow,33.8
2025-01-19T16:00,2025-01-19,16,0.6,88,0.6,0.0,0.42,0.01,73,Moderate Snow,100,,13.4,29.5,Snow,33.08
2025-01-19T17:00,2025-01-19,17,0.1,89,0.3,0.0,0.21,0.01,73,Moderate Snow,100,,13.5,29.9,Snow,32.18
2025-01-19T18:00,2025-01-19,18,-0.8,89,0.9,0.0,0.63,0.02,73,Moderate Snow,100,,16.2,35.6,Snow,30.56
2025-01-19T19:00,2025-01-19,19,-1.5,90,2.7,0.0,1.89,0.03,75,Heavy Snow,100,,18.3,38.9,Snow,29.3
2025-01-19T20:00,2025-01-19,20,-1.2,90,1.7,0.0,1.19,0.04,75,Heavy Snow,100,,16.3,34.2,Snow,29.84
2025-01-19T21:00,2025-01-19,21,-1.5,89,0.9,0.0,0.63,0.04,73,Moderate Snow,100,,18.3,38.2,Snow,29.3
2025-01-19T22:00,2025-01-19,22,-2.0,86,0.2,0.0,0.14,0.04,71,Slight Snow,97,,16.0,39.2,Snow,28.4
2025-01-19T23:00,2025-01-19,23,-2.6,84,0.0,0.0,0.0,0.04,3,Overcast,100,,14.5,33.8,Cloudy,27.32
2025-01-20T00:00,2025-01-20,0,-3.8,82,0.1,0.0,0.07,0.04,71,Slight Snow,100,,14.6,31.7,Snow,25.16
2025-01-20T01:00,2025-01-20,1,-5.1,77,0.1,0.0,0.07,0.05,71,Slight Snow,100,,14.8,33.1,Snow,22.82
2025-01-20T02:00,2025-01-20,2,-5.9,74,0.0,0.0,0.0,0.05,3,Overcast,97,,14.7,31.7,Cloudy,21.38
2025-01-20T03:00,2025-01-20,3,-6.8,69,0.0,0.0,0.0,0.05,0,Clear,12,,16.3,35.3,Clear,19.76
2025-01-20T04:00,2025-01-20,4,-8.1,67,0.0,0.0,0.0,0.05,0,Clear,0,,15.5,35.6,Clear,17.42
2025-01-20T05:00,2025-01-20,5,-8.9,66,0.0,0.0,0.0,0.05,0,Clear,0,,13.7,32.8,Clear,15.979999999999997
2025-01-20T06:00,2025-01-20,6,-9.5,65,0.0,0.0,0.0,0.05,0,Clear,0,,12.2,29.2,Clear,14.899999999999999
2025-01-20T07:00,2025-01-20,7,-10.1,66,0.0,0.0,0.0,0.05,0,Clear,0,,11.8,25.6,Clear,13.82
2025-01-20T08:00,2025-01-20,8,-9.6,68,0.0,0.0,0.0,0.05,0,Clear,0,,12.7,27.7,Clear,14.720000000000002
2025-01-20T09:00,2025-01-20,9,-9.0,67,0.0,0.0,0.0,0.05,0,Clear,0,,10.4,25.9,Clear,15.8
2025-01-20T10:00,2025-01-20,10,-7.8,66,0.0,0.0,0.0,0.05,0,Clear,1,,6.4,21.6,Clear,17.96
2025-01-20T11:00,2025-01-20,11,-6.2,61,0.0,0.0,0.0,0.04,0,Clear,0,,5.8,15.1,Clear,20.84
2025-01-20T12:00,2025-01-20,12,-5.2,59,0.0,0.0,0.0,0.04,3,Overcast,80,,15.5,32.8,Cloudy,22.64
2025-01-20T13:00,2025-01-20,13,-4.6,55,0.0,0.0,0.0,0.04,1,Mainly Clear,27,,13.9,37.8,Clear,23.72
2025-01-20T14:00,2025-01-20,14,-4.8,51,0.0,0.0,0.0,0.04,2,Partly Cloudy,50,,12.8,34.9,Cloudy,23.36
2025-01-20T15:00,2025-01-20,15,-5.2,53,0.0,0.0,0.0,0.04,2,Partly Cloudy,59,,11.6,32.8,Cloudy,22.64
2025-01-20T16:00,2025-01-20,16,-5.9,56,0.0,0.0,0.0,0.04,3,Overcast,82,,10.3,25.9,Cloudy,21.38
2025-01-20T17:00,2025-01-20,17,-7.0,62,0.0,0.0,0.0,0.04,3,Overcast,98,,9.2,22.3,Cloudy,19.4
2025-01-20T18:00,2025-01-20,18,-7.6,66,0.0,0.0,0.0,0.04,3,Overcast,98,,8.2,19.1,Cloudy,18.32
2025-01-20T19:00,2025-01-20,19,-8.0,68,0.0,0.0,0.0,0.04,3,Overcast,99,,8.2,18.0,Cloudy,17.6
2025-01-20T20:00,2025-01-20,20,-8.4,60,0.0,0.0,0.0,0.04,0,Clear,5,,10.6,23.8,Clear,16.88
2025-01-20T21:00,2025-01-20,21,-9.4,61,0.0,0.0,0.0,0.04,0,Clear,0,,9.3,22.0,Clear,15.079999999999998
2025-01-20T22:00,2025-01-20,22,-10.5,63,0.0,0.0,0.0,0.04,0,Clear,0,,7.5,19.1,Clear,13.100000000000001
2025-01-20T23:00,2025-01-20,23,-11.6,64,0.0,0.0,0.0,0.04,0,Clear,0,,7.0,15.1,Clear,11.120000000000001
2025-01-21T00:00,2025-01-21,0,-11.9,66,0.0,0.0,0.0,0.04,0,Clear,0,,8.2,15.8,Clear,10.579999999999998
2025-01-21T01:00,2025-01-21,1,-12.1,66,0.0,0.0,0.0,0.04,0,Clear,0,,9.7,19.4,Clear,10.220000000000002
2025-01-21T02:00,2025-01-21,2,-12.7,67,0.0,0.0,0.0,0.04,0,Clear,1,,8.5,19.8,Clear,9.14
2025-01-21T03:00,2025-01-21,3,-13.4,67,0.0,0.0,0.0,0.04,1,Mainly Clear,41,,7.4,17.3,Clear,7.879999999999999
2025-01-21T04:00,2025-01-21,4,-14.8,69,0.0,0.0,0.0,0.04,2,Partly Cloudy,58,,6.3,15.1,Cloudy,5.359999999999996
2025-01-21T05:00,2025-01-21,5,-15.8,70,0.0,0.0,0.0,0.04,2,Partly Cloudy,55,,6.0,12.6,Cloudy,3.559999999999995
2025-01-21T06:00,2025-01-21,6,-15.8,70,0.0,0.0,0.0,0.04,2,Partly Cloudy,63,,6.2,12.6,Cloudy,3.559999999999995
2025-01-21T07:00,2025-01-21,7,-15.6,71,0.0,0.0,0.0,0.04,2,Partly Cloudy,68,,6.5,13.7,Cloudy,3.919999999999998
2025-01-21T08:00,2025-01-21,8,-14.6,66,0.0,0.0,0.0,0.04,1,Mainly Clear,41,,6.8,16.2,Clear,5.719999999999999
2025-01-21T09:00,2025-01-21,9,-13.4,63,0.0,0.0,0.0,0.04,2,Partly Cloudy,69,,7.0,14.8,Cloudy,7.879999999999999
2025-01-21T10:00,2025-01-21,10,-12.0,63,0.0,0.0,0.0,0.04,3,Overcast,85,,6.7,16.9,Cloudy,10.399999999999999
2025-01-21T11:00,2025-01-21,11,-10.4,60,0.0,0.0,0.0,0.04,3,Overcast,95,,5.3,16.2,Cloudy,13.279999999999998
2025-01-21T12:00,2025-01-21,12,-9.3,57,0.0,0.0,0.0,0.04,3,Overcast,100,,5.8,15.8,Cloudy,15.259999999999998
2025-01-21T13:00,2025-01-21,13,-8.6,53,0.0,0.0,0.0,0.04,3,Overcast,87,,7.0,18.0,Cloudy,16.520000000000003
2025-01-21T14:00,2025-01-21,14,-8.4,50,0.0,0.0,0.0,0.04,3,Overcast,100,,7.9,19.4,Cloudy,16.88
2025-01-21T15:00,2025-01-21,15,-8.5,49,0.0,0.0,0.0,0.04,3,Overcast,100,,9.2,22.3,Cloudy,16.7
2025-01-21T16:00,2025-01-21,16,-8.6,51,0.0,0.0,0.0,0.04,3,Overcast,100,,9.4,22.7,Cloudy,16.520000000000003
2025-01-21T17:00,2025-01-21,17,-8.9,57,0.0,0.0,0.0,0.04,3,Overcast,100,,8.6,21.2,Cloudy,15.979999999999997
2025-01-21T18:00,2025-01-21,18,-9.1,61,0.1,0.0,0.07,0.04,71,Slight Snow,100,,8.6,18.7,Snow,15.620000000000001
2025-01-21T19:00,2025-01-21,19,-9.4,65,0.1,0.0,0.07,0.04,71,Slight Snow,100,,8.6,19.1,Snow,15.079999999999998
2025-01-21T20:00,2025-01-21,20,-9.1,62,0.0,0.0,0.0,0.04,3,Overcast,100,,9.1,19.4,Cloudy,15.620000000000001
2025-01-21T21:00,2025-01-21,21,-9.4,65,0.1,0.0,0.07,0.04,71,Slight Snow,100,,10.0,21.2,Snow,15.079999999999998
2025-01-21T22:00,2025-01-21,22,-9.9,66,0.1,0.0,0.07,0.04,71,Slight Snow,100,,9.4,21.6,Snow,14.18
2025-01-21T23:00,2025-01-21,23,-10.2,64,0.0,0.0,0.0,0.05,3,Overcast,100,,11.0,23.0,Cloudy,13.64
2025-01-22T00:00,2025-01-22,0,-10.9,64,0.0,0.0,0.0,0.05,3,Overcast,92,,9.0,23.4,Cloudy,12.379999999999999
2025-01-22T01:00,2025-01-22,1,-11.6,64,0.0,0.0,0.0,0.05,1,Mainly Clear,48,,8.7,18.7,Clear,11.120000000000001
2025-01-22T02:00,2025-01-22,2,-13.4,67,0.0,0.0,0.0,0.05,0,Clear,0,,6.4,18.0,Clear,7.879999999999999
2025-01-22T03:00,2025-01-22,3,-15.4,68,0.0,0.0,0.0,0.05,0,Clear,0,,5.4,12.6,Clear,4.280000000000001
2025-01-22T04:00,2025-01-22,4,-15.7,67,0.0,0.0,0.0,0.05,0,Clear,7,,3.9,10.4,Clear,3.740000000000002
2025-01-22T05:00,2025-01-22,5,-16.1,67,0.0,0.0,0.0,0.05,0,Clear,16,,4.8,10.1,Clear,3.0199999999999996
2025-01-22T06:00,2025-01-22,6,-16.6,67,0.0,0.0,0.0,0.05,0,Clear,0,,5.6,10.1,Clear,2.1199999999999974
2025-01-22T07:00,2025-01-22,7,-16.6,67,0.0,0.0,0.0,0.05,0,Clear,0,,5.1,11.9,Clear,2.1199999999999974
2025-01-22T08:00,2025-01-22,8,-15.2,60,0.0,0.0,0.0,0.05,0,Clear,0,,3.2,11.2,Clear,4.640000000000004
2025-01-22T09:00,2025-01-22,9,-12.7,57,0.0,0.0,0.0,0.05,0,Clear,0,,7.2,16.6,Clear,9.14
2025-01-22T10:00,2025-01-22,10,-11.2,55,0.0,0.0,0.0,0.05,0,Clear,0,,10.2,23.8,Clear,11.84
2025-01-22T11:00,2025-01-22,11,-9.8,48,0.0,0.0,0.0,0.05,0,Clear,0,,7.6,23.8,Clear,14.36
2025-01-22T12:00,2025-01-22,12,-8.9,43,0.0,0.0,0.0,0.04,0,Clear,0,,5.4,18.4,Clear,15.979999999999997
2025-01-22T13:00,2025-01-22,13,-8.4,41,0.0,0.0,0.0,0.04,0,Clear,0,,3.0,14.8,Clear,16.88
2025-01-22T14:00,2025-01-22,14,-8.2,40,0.0,0.0,0.0,0.04,0,Clear,0,,2.2,10.1,Clear,17.240000000000002
2025-01-22T15:00,2025-01-22,15,-8.1,38,0.0,0.0,0.0,0.04,0,Clear,0,,0.9,8.3,Clear,17.42
2025-01-22T16:00,2025-01-22,16,-9.0,44,0.0,0.0,0.0,0.04,0,Clear,0,,0.3,4.0,Clear,15.8
2025-01-22T17:00,2025-01-22,17,-10.4,41,0.0,0.0,0.0,0.04,1,Mainly Clear,38,,0.2,3.6,Clear,13.279999999999998
2025-01-22T18:00,2025-01-22,18,-11.2,44,0.0,0.0,0.0,0.04,3,Overcast,99,,0.7,2.5,Cloudy,11.84
2025-01-22T19:00,2025-01-22,19,-11.8,51,0.0,0.0,0.0,0.04,3,Overcast,100,,0.9,3.2,Cloudy,10.759999999999998
2025-01-22T20:00,2025-01-22,20,-10.0,52,0.0,0.0,0.0,0.04,3,Overcast,96,,0.5,2.5,Cloudy,14.0
2025-01-22T21:00,2025-01-22,21,-10.3,50,0.0,0.0,0.0,0.04,3,Overcast,91,,0.4,2.9,Cloudy,13.46
2025-01-22T22:00,2025-01-22,22,-11.1,48,0.0,0.0,0.0,0.04,1,Mainly Clear,44,,0.5,2.2,Clear,12.020000000000003
2025-01-22T23:00,2025-01-22,23,-11.8,49,0.0,0.0,0.0,0.04,3,Overcast,91,,2.1,5.0,Cloudy,10.759999999999998
2025-01-23T00:00,2025-01-23,0,-12.1,49,0.0,0.0,0.0,0.04,2,Partly Cloudy,70,,1.9,5.4,Cloudy,10.220000000000002
2025-01-23T01:00,2025-01-23,1,-12.7,52,0.0,0.0,0.0,0.04,1,Mainly Clear,40,,3.2,6.5,Clear,9.14
2025-01-23T02:00,2025-01-23,2,-13.1,54,0.0,0.0,0.0,0.04,3,Overcast,96,,4.0,8.3,Cloudy,8.420000000000002
2025-01-23T03:00,2025-01-23,3,-12.6,56,0.0,0.0,0.0,0.04,3,Overcast,100,,4.3,7.9,Cloudy,9.32
2025-01-23T04:00,2025-01-23,4,-11.9,57,0.0,0.0,0.0,0.04,3,Overcast,100,,4.1,9.4,Cloudy,10.579999999999998
2025-01-23T05:00,2025-01-23,5,-10.7,60,0.0,0.0,0.0,0.04,3,Overcast,100,,3.1,7.9,Cloudy,12.740000000000002
2025-01-23T06:00,2025-01-23,6,-10.4,56,0.0,0.0,0.0,0.04,3,Overcast,100,,0.5,5.8,Cloudy,13.279999999999998
2025-01-23T07:00,2025-01-23,7,-11.2,57,0.0,0.0,0.0,0.04,3,Overcast,98,,0.6,2.2,Cloudy,11.84
2025-01-23T08:00,2025-01-23,8,-11.6,59,0.0,0.0,0.0,0.04,3,Overcast,86,,0.8,2.5,Cloudy,11.120000000000001
2025-01-23T09:00,2025-01-23,9,-9.6,55,0.0,0.0,0.0,0.04,2,Partly Cloudy,77,,0.6,3.2,Cloudy,14.720000000000002
2025-01-23T10:00,2025-01-23,10,-7.6,43,0.0,0.0,0.0,0.04,3,Overcast,82,,1.7,5.8,Cloudy,18.32
2025-01-23T11:00,2025-01-23,11,-6.1,46,0.0,0.0,0.0,0.04,3,Overcast,98,,3.1,9.7,Cloudy,21.02
2025-01-23T12:00,2025-01-23,12,-5.0,52,0.0,0.0,0.0,0.04,3,Overcast,95,,5.6,15.1,Cloudy,23.0
2025-01-23T13:00,2025-01-23,13,-4.0,54,0.0,0.0,0.0,0.04,0,Clear,1,,7.5,19.1,Clear,24.8
2025-01-23T14:00,2025-01-23,14,-3.5,52,0.0,0.0,0.0,0.04,0,Clear,1,,7.3,19.1,Clear,25.7
2025-01-23T15:00,2025-01-23,15,-3.5,49,0.0,0.0,0.0,0.04,0,Clear,0,,7.7,19.8,Clear,25.7
2025-01-23T16:00,2025-01-23,16,-4.3,50,0.0,0.0,0.0,0.04,0,Clear,0,,4.8,19.4,Clear,24.26
2025-01-23T17:00,2025-01-23,17,-7.0,49,0.0,0.0,0.0,0.04,0,Clear,0,,5.3,11.9,Clear,19.4
2025-01-23T18:00,2025-01-23,18,-8.0,51,0.0,0.0,0.0,0.04,0,Clear,0,,6.4,11.9,Clear,17.6
2025-01-23T19:00,2025-01-23,19,-8.6,55,0.0,0.0,0.0,0.04,0,Clear,0,,6.3,13.0,Clear,16.520000000000003
2025-01-23T20:00,2025-01-23,20,-6.7,54,0.0,0.0,0.0,0.04,0,Clear,1,,8.2,16.6,Clear,19.939999999999998
2025-01-23T21:00,2025-01-23,21,-7.1,60,0.0,0.0,0.0,0.04,0,Clear,1,,8.3,17.3,Clear,19.22
2025-01-23T22:00,2025-01-23,22,-7.4,65,0.0,0.0,0.0,0.04,0,Clear,5,,7.7,17.3,Clear,18.68
2025-01-23T23:00,2025-01-23,23,-7.9,67,0.0,0.0,0.0,0.04,0,Clear,3,,7.5,16.2,Clear,17.779999999999998
2025-01-24T00:00,2025-01-24,0,-7.8,66,0.0,0.0,0.0,0.04,0,Clear,0,,8.6,17.3,Clear,17.96
2025-01-24T01:00,2025-01-24,1,-7.8,66,0.0,0.0,0.0,0.04,0,Clear,0,,9.3,19.1,Clear,17.96
2025-01-24T02:00,2025-01-24,2,-8.3,68,0.0,0.0,0.0,0.04,0,Clear,0,,7.7,18.7,Clear,17.06
2025-01-24T03:00,2025-01-24,3,-9.5,72,0.0,0.0,0.0,0.04,0,Clear,0,,6.4,15.5,Clear,14.899999999999999
2025-01-24T04:00,2025-01-24,4,-10.1,76,0.0,0.0,0.0,0.04,0,Clear,0,,6.3,12.6,Clear,13.82
2025-01-24T05:00,2025-01-24,5,-10.3,78,0.0,0.0,0.0,0.04,0,Clear,0,,6.7,12.6,Clear,13.46
2025-01-24T06:00,2025-01-24,6,-10.2,81,0.0,0.0,0.0,0.04,0,Clear,0,,6.9,13.3,Clear,13.64
2025-01-24T07:00,2025-01-24,7,-10.6,83,0.0,0.0,0.0,0.04,0,Clear,0,,6.7,12.6,Clear,12.920000000000002
2025-01-24T08:00,2025-01-24,8,-8.6,71,0.0,0.0,0.0,0.04,0,Clear,0,,7.9,15.8,Clear,16.520000000000003
2025-01-24T09:00,2025-01-24,9,-7.1,72,0.0,0.0,0.0,0.04,0,Clear,0,,6.7,16.2,Clear,19.22
2025-01-24T10:00,2025-01-24,10,-4.4,63,0.0,0.0,0.0,0.04,0,Clear,0,,6.1,14.8,Clear,24.08
2025-01-24T11:00,2025-01-24,11,-2.7,59,0.0,0.0,0.0,0.04,0,Clear,0,,8.8,20.5,Clear,27.14
2025-01-24T12:00,2025-01-24,12,-1.9,52,0.0,0.0,0.0,0.04,0,Clear,0,,10.7,26.3,Clear,28.580000000000002
2025-01-24T13:00,2025-01-24,13,-1.4,49,0.0,0.0,0.0,0.04,0,Clear,0,,10.5,25.9,Clear,29.48
2025-01-24T14:00,2025-01-24,14,-1.1,48,0.0,0.0,0.0,0.04,0,Clear,0,,10.1,25.6,Clear,30.02
2025-01-24T15:00,2025-01-24,15,-1.0,47,0.0,0.0,0.0,0.04,0,Clear,0,,8.5,24.5,Clear,30.2
2025-01-24T16:00,2025-01-24,16,-2.0,52,0.0,0.0,0.0,0.04,0,Clear,0,,5.2,20.5,Clear,28.4
2025-01-24T17:00,2025-01-24,17,-4.8,56,0.0,0.0,0.0,0.04,0,Clear,0,,5.9,12.2,Clear,23.36
2025-01-24T18:00,2025-01-24,18,-5.4,60,0.0,0.0,0.0,0.04,0,Clear,4,,6.4,12.6,Clear,22.28
2025-01-24T19:00,2025-01-24,19,-6.6,64,0.0,0.0,0.0,0.04,2,Partly Cloudy,65,,5.8,12.6,Cloudy,20.12
2025-01-24T20:00,2025-01-24,20,-6.5,64,0.0,0.0,0.0,0.04,3,Overcast,82,,5.5,12.2,Cloudy,20.3
2025-01-24T21:00,2025-01-24,21,-7.4,66,0.0,0.0,0.0,0.04,1,Mainly Clear,42,,4.0,9.7,Clear,18.68
2025-01-24T22:00,2025-01-24,22,-8.6,70,0.0,0.0,0.0,0.04,1,Mainly Clear,26,,4.7,9.0,Clear,16.520000000000003
2025-01-24T23:00,2025-01-24,23,-9.1,72,0.0,0.0,0.0,0.04,0,Clear,16,,2.2,8.6,Clear,15.620000000000001
2025-01-25T00:00,2025-01-25,0,-9.9,76,0.0,0.0,0.0,0.04,0,Clear,5,,1.8,4.3,Clear,14.18
2025-01-25T01:00,2025-01-25,1,-10.8,81,0.0,0.0,0.0,0.04,0,Clear,0,,1.7,4.0,Clear,12.559999999999999
2025-01-25T02:00,2025-01-25,2,-11.4,84,0.0,0.0,0.0,0.04,0,Clear,0,,1.5,4.3,Clear,11.479999999999997
2025-01-25T03:00,2025-01-25,3,-11.9,87,0.0,0.0,0.0,0.04,0,Clear,2,,2.5,6.1,Clear,10.579999999999998
2025-01-25T04:00,2025-01-25,4,-12.1,88,0.0,0.0,0.0,0.04,0,Clear,2,,1.4,5.8,Clear,10.220000000000002
2025-01-25T05:00,2025-01-25,5,-12.5,89,0.0,0.0,0.0,0.04,0,Clear,0,,2.1,4.7,Clear,9.5
2025-01-25T06:00,2025-01-25,6,-12.8,88,0.0,0.0,0.0,0.04,0,Clear,0,,2.8,6.8,Clear,8.96
2025-01-25T07:00,2025-01-25,7,-13.0,88,0.0,0.0,0.0,0.04,0,Clear,0,,2.0,6.1,Clear,8.600000000000001
2025-01-25T08:00,2025-01-25,8,-11.6,76,0.0,0.0,0.0,0.04,0,Clear,0,,4.4,10.1,Clear,11.120000000000001
2025-01-25T09:00,2025-01-25,9,-8.4,70,0.0,0.0,0.0,0.04,0,Clear,0,,4.4,9.7,Clear,16.88
2025-01-25T10:00,2025-01-25,10,-6.1,62,0.0,0.0,0.0,0.04,0,Clear,7,,5.2,13.3,Clear,21.02
2025-01-25T11:00,2025-01-25,11,-4.4,58,0.0,0.0,0.0,0.04,1,Mainly Clear,34,,6.2,16.2,Clear,24.08
2025-01-25T12:00,2025-01-25,12,-3.5,52,0.0,0.0,0.0,0.04,0,Clear,6,,9.0,22.3,Clear,25.7
2025-01-25T13:00,2025-01-25,13,-2.8,51,0.0,0.0,0.0,0.04,1,Mainly Clear,48,,11.4,27.7,Clear,26.96
2025-01-25T14:00,2025-01-25,14,-2.3,51,0.0,0.0,0.0,0.04,3,Overcast,96,,11.4,28.4,Cloudy,27.86
2025-01-25T15:00,2025-01-25,15,-2.0,50,0.0,0.0,0.0,0.04,2,Partly Cloudy,68,,11.6,27.4,Cloudy,28.4
2025-01-25T16:00,2025-01-25,16,-2.3,54,0.0,0.0,0.0,0.04,2,Partly Cloudy,78,,8.0,27.0,Cloudy,27.86
2025-01-25T17:00,2025-01-25,17,-3.2,57,0.0,0.0,0.0,0.04,2,Partly Cloudy,75,,7.3,19.1,Cloudy,26.240000000000002
2025-01-25T18:00,2025-01-25,18,-3.4,59,0.0,0.0,0.0,0.04,1,Mainly Clear,47,,8.0,17.3,Clear,25.880000000000003
2025-01-25T19:00,2025-01-25,19,-3.8,60,0.0,0.0,0.0,0.04,2,Partly Cloudy,67,,8.0,16.9,Cloudy,25.16
2025-01-25T20:00,2025-01-25,20,-3.0,55,0.0,0.0,0.0,0.04,1,Mainly Clear,41,,10.3,21.2,Clear,26.6
2025-01-25T21:00,2025-01-25,21,-3.3,60,0.0,0.0,0.0,0.04,2,Partly Cloudy,69,,9.0,21.2,Cloudy,26.060000000000002
2025-01-25T22:00,2025-01-25,22,-4.1,64,0.0,0.0,0.0,0.04,2,Partly Cloudy,73,,6.9,18.4,Cloudy,24.62
2025-01-25T23:00,2025-01-25,23,-4.9,66,0.0,0.0,0.0,0.04,3,Overcast,98,,6.3,14.0,Cloudy,23.18
2025-01-26T00:00,2025-01-26,0,-5.6,68,0.0,0.0,0.0,0.04,3,Overcast,92,,6.0,11.9,Cloudy,21.92
2025-01-26T01:00,2025-01-26,1,-5.6,69,0.0,0.0,0.0,0.04,3,Overcast,98,,5.5,10.4,Cloudy,21.92
2025-01-26T02:00,2025-01-26,2,-4.1,70,0.0,0.0,0.0,0.04,3,Overcast,99,,7.4,13.7,Cloudy,24.62
2025-01-26T03:00,2025-01-26,3,-3.2,72,0.0,0.0,0.0,0.04,3,Overcast,100,,11.3,21.6,Cloudy,26.240000000000002
2025-01-26T04:00,2025-01-26,4,-2.7,71,0.0,0.0,0.0,0.04,3,Overcast,100,,14.1,27.7,Cloudy,27.14
2025-01-26T05:00,2025-01-26,5,-2.1,71,0.0,0.0,0.0,0.04,3,Overcast,100,,14.9,30.2,Cloudy,28.22
2025-01-26T06:00,2025-01-26,6,-1.8,71,0.0,0.0,0.0,0.04,3,Overcast,100,,14.7,30.6,Cloudy,28.76
2025-01-26T07:00,2025-01-26,7,-1.6,71,0.0,0.0,0.0,0.04,3,Overcast,100,,13.9,29.9,Cloudy,29.12
2025-01-26T08:00,2025-01-26,8,-1.6,66,0.0,0.0,0.0,0.04,3,Overcast,85,,11.7,24.1,Cloudy,29.12
2025-01-26T09:00,2025-01-26,9,-0.5,64,0.0,0.0,0.0,0.04,3,Overcast,86,,11.1,24.1,Cloudy,31.1
2025-01-26T10:00,2025-01-26,10,1.2,63,0.0,0.0,0.0,0.04,3,Overcast,96,,6.8,24.5,Cloudy,34.16
2025-01-26T11:00,2025-01-26,11,3.2,53,0.0,0.0,0.0,0.04,3,Overcast,96,,12.9,26.6,Cloudy,37.76
2025-01-26T12:00,2025-01-26,12,3.8,51,0.0,0.0,0.0,0.04,3,Overcast,99,,15.9,34.9,Cloudy,38.839999999999996
2025-01-26T13:00,2025-01-26,13,4.0,52,0.0,0.0,0.0,0.04,3,Overcast,100,,13.6,36.7,Cloudy,39.2
2025-01-26T14:00,2025-01-26,14,4.1,51,0.0,0.0,0.0,0.04,3,Overcast,94,,12.9,32.4,Cloudy,39.38
2025-01-26T15:00,2025-01-26,15,3.8,53,0.0,0.0,0.0,0.04,3,Overcast,98,,10.8,30.6,Cloudy,38.839999999999996
2025-01-26T16:00,2025-01-26,16,3.0,55,0.0,0.0,0.0,0.04,3,Overcast,86,,10.3,26.6,Cloudy,37.4
2025-01-26T17:00,2025-01-26,17,0.6,62,0.0,0.0,0.0,0.04,2,Partly Cloudy,78,,6.8,23.0,Cloudy,33.08
2025-01-26T18:00,2025-01-26,18,-1.9,68,0.0,0.0,0.0,0.04,3,Overcast,85,,6.2,14.0,Cloudy,28.580000000000002
2025-01-26T19:00,2025-01-26,19,-3.2,70,0.0,0.0,0.0,0.04,1,Mainly Clear,33,,4.6,11.5,Clear,26.240000000000002
2025-01-26T20:00,2025-01-26,20,-2.5,65,0.0,0.0,0.0,0.04,3,Overcast,83,,6.5,19.1,Cloudy,27.5
2025-01-26T21:00,2025-01-26,21,-3.1,64,0.0,0.0,0.0,0.04,2,Partly Cloudy,56,,2.7,12.2,Cloudy,26.42
2025-01-26T22:00,2025-01-26,22,-4.1,66,0.0,0.0,0.0,0.04,1,Mainly Clear,38,,4.2,8.3,Clear,24.62
2025-01-26T23:00,2025-01-26,23,-4.6,66,0.0,0.0,0.0,0.04,3,Overcast,91,,5.4,9.7,Cloudy,23.72
2025-01-27T00:00,2025-01-27,0,-4.6,67,0.0,0.0,0.0,0.04,3,Overcast,99,,5.8,11.2,Cloudy,23.72
2025-01-27T01:00,2025-01-27,1,-4.2,67,0.0,0.0,0.0,0.04,3,Overcast,95,,6.0,11.9,Cloudy,24.439999999999998
2025-01-27T02:00,2025-01-27,2,-3.5,68,0.0,0.0,0.0,0.04,3,Overcast,94,,7.7,15.8,Cloudy,25.7
2025-01-27T03:00,2025-01-27,3,-3.2,69,0.0,0.0,0.0,0.04,3,Overcast,98,,8.7,18.0,Cloudy,26.240000000000002
2025-01-27T04:00,2025-01-27,4,-3.2,69,0.0,0.0,0.0,0.04,3,Overcast,98,,9.4,19.1,Cloudy,26.240000000000002
2025-01-27T05:00,2025-01-27,5,-3.2,69,0.0,0.0,0.0,0.04,1,Mainly Clear,49,,10.8,21.6,Clear,26.240000000000002
2025-01-27T06:00,2025-01-27,6,-3.8,70,0.0,0.0,0.0,0.04,0,Clear,0,,10.2,22.0,Clear,25.16
2025-01-27T07:00,2025-01-27,7,-4.8,72,0.0,0.0,0.0,0.04,0,Clear,0,,8.8,21.2,Clear,23.36
2025-01-27T08:00,2025-01-27,8,-3.5,62,0.0,0.0,0.0,0.04,0,Clear,0,,8.1,19.8,Clear,25.7
2025-01-27T09:00,2025-01-27,9,-2.0,60,0.0,0.0,0.0,0.04,0,Clear,0,,4.7,17.3,Clear,28.4
2025-01-27T10:00,2025-01-27,10,-0.4,54,0.0,0.0,0.0,0.04,0,Clear,0,,8.9,21.6,Clear,31.28
2025-01-27T11:00,2025-01-27,11,0.6,50,0.0,0.0,0.0,0.04,0,Clear,0,,11.9,28.1,Clear,33.08
2025-01-27T12:00,2025-01-27,12,1.2,49,0.0,0.0,0.0,0.04,0,Clear,0,,13.9,33.1,Clear,34.16
2025-01-27T13:00,2025-01-27,13,1.8,49,0.0,0.0,0.0,0.03,0,Clear,0,,15.4,36.4,Clear,35.24
2025-01-27T14:00,2025-01-27,14,2.0,49,0.0,0.0,0.0,0.03,0,Clear,0,,14.8,36.4,Clear,35.6
2025-01-27T15:00,2025-01-27,15,2.0,51,0.0,0.0,0.0,0.03,0,Clear,0,,14.2,34.2,Clear,35.6
2025-01-27T16:00,2025-01-27,16,1.5,50,0.0,0.0,0.0,0.03,0,Clear,0,,13.2,32.4,Clear,34.7
2025-01-27T17:00,2025-01-27,17,0.4,51,0.0,0.0,0.0,0.03,0,Clear,0,,14.0,29.9,Clear,32.72
2025-01-27T18:00,2025-01-27,18,-0.2,51,0.0,0.0,0.0,0.03,0,Clear,0,,15.3,32.0,Clear,31.64
2025-01-27T19:00,2025-01-27,19,-0.6,54,0.0,0.0,0.0,0.03,0,Clear,0,,15.5,33.5,Clear,30.92
2025-01-27T20:00,2025-01-27,20,-0.1,48,0.0,0.0,0.0,0.03,0,Clear,2,,15.7,32.8,Clear,31.82
2025-01-27T21:00,2025-01-27,21,0.4,52,0.0,0.0,0.0,0.03,2,Partly Cloudy,77,,17.7,38.2,Cloudy,32.72
2025-01-27T22:00,2025-01-27,22,0.6,56,0.0,0.0,0.0,0.03,0,Clear,11,,16.8,38.2,Clear,33.08
2025-01-27T23:00,2025-01-27,23,0.6,58,0.0,0.0,0.0,0.03,3,Overcast,82,,16.2,36.4,Cloudy,33.08
2025-01-28T00:00,2025-01-28,0,0.8,56,0.0,0.0,0.0,0.03,3,Overcast,95,,16.5,35.6,Cloudy,33.44
2025-01-28T01:00,2025-01-28,1,1.2,48,0.0,0.0,0.0,0.03,3,Overcast,99,,17.6,37.8,Cloudy,34.16
2025-01-28T02:00,2025-01-28,2,1.5,42,0.0,0.0,0.0,0.03,3,Overcast,98,,17.8,38.2,Cloudy,34.7
2025-01-28T03:00,2025-01-28,3,0.9,45,0.0,0.0,0.0,0.03,3,Overcast,99,,18.2,38.9,Cloudy,33.62
2025-01-28T04:00,2025-01-28,4,0.8,46,0.0,0.0,0.0,0.03,3,Overcast,97,,18.4,40.0,Cloudy,33.44
2025-01-28T05:00,2025-01-28,5,0.5,49,0.0,0.0,0.0,0.03,0,Clear,14,,19.2,41.0,Clear,32.9
2025-01-28T06:00,2025-01-28,6,0.0,54,0.0,0.0,0.0,0.03,2,Partly Cloudy,62,,20.1,43.2,Cloudy,32.0
2025-01-28T07:00,2025-01-28,7,-0.1,57,0.0,0.0,0.0,0.03,3,Overcast,88,,19.9,43.9,Cloudy,31.82
2025-01-28T08:00,2025-01-28,8,2.2,49,0.0,0.0,0.0,0.03,1,Mainly Clear,42,,18.2,41.4,Clear,35.96
2025-01-28T09:00,2025-01-28,9,3.1,49,0.0,0.0,0.0,0.03,3,Overcast,100,,18.6,41.4,Cloudy,37.58
2025-01-28T10:00,2025-01-28,10,3.8,50,0.0,0.0,0.0,0.03,1,Mainly Clear,29,,16.9,41.8,Clear,38.839999999999996
2025-01-28T11:00,2025-01-28,11,4.4,46,0.0,0.0,0.0,0.03,1,Mainly Clear,25,,23.3,51.5,Clear,39.92
2025-01-28T12:00,2025-01-28,12,3.7,48,0.0,0.0,0.0,0.03,3,Overcast,96,,22.4,55.1,Cloudy,38.660000000000004
2025-01-28T13:00,2025-01-28,13,2.0,49,0.0,0.0,0.0,0.03,1,Mainly Clear,21,,21.0,51.5,Clear,35.6
2025-01-28T14:00,2025-01-28,14,1.1,46,0.0,0.0,0.0,0.03,1,Mainly Clear,30,,17.0,48.2,Clear,33.98
2025-01-28T15:00,2025-01-28,15,0.7,47,0.0,0.0,0.0,0.03,1,Mainly Clear,37,,13.3,39.2,Clear,33.26
2025-01-28T16:00,2025-01-28,16,0.2,48,0.0,0.0,0.0,0.03,3,Overcast,86,,9.9,31.0,Cloudy,32.36
2025-01-28T17:00,2025-01-28,17,-1.6,62,0.0,0.0,0.0,0.03,3,Overcast,82,,4.2,21.2,Cloudy,29.12
2025-01-28T18:00,2025-01-28,18,-2.5,67,0.0,0.0,0.0,0.03,3,Overcast,95,,3.7,7.9,Cloudy,27.5
2025-01-28T19:00,2025-01-28,19,-3.0,68,0.0,0.0,0.0,0.03,2,Partly Cloudy,62,,3.5,6.8,Cloudy,26.6
2025-01-28T20:00,2025-01-28,20,-2.0,65,0.0,0.0,0.0,0.03,2,Partly Cloudy,74,,4.4,7.9,Cloudy,28.4
2025-01-28T21:00,2025-01-28,21,-1.6,61,0.0,0.0,0.0,0.03,1,Mainly Clear,34,,6.5,11.9,Clear,29.12
2025-01-28T22:00,2025-01-28,22,-1.0,64,0.0,0.0,0.0,0.03,2,Partly Cloudy,79,,6.8,14.8,Cloudy,30.2
2025-01-28T23:00,2025-01-28,23,0.3,62,0.0,0.0,0.0,0.03,2,Partly Cloudy,76,,10.5,19.8,Cloudy,32.54
2025-01-29T00:00,2025-01-29,0,0.6,62,0.0,0.0,0.0,0.03,2,Partly Cloudy,51,,12.5,25.2,Cloudy,33.08
2025-01-29T01:00,2025-01-29,1,0.9,61,0.0,0.0,0.0,0.03,2,Partly Cloudy,72,,13.8,27.7,Cloudy,33.62
2025-01-29T02:00,2025-01-29,2,1.5,59,0.0,0.0,0.0,0.03,3,Overcast,100,,14.0,29.2,Cloudy,34.7
2025-01-29T03:00,2025-01-29,3,2.3,57,0.0,0.0,0.0,0.03,2,Partly Cloudy,57,,16.4,34.6,Cloudy,36.14
2025-01-29T04:00,2025-01-29,4,2.2,58,0.0,0.0,0.0,0.03,0,Clear,5,,16.7,35.6,Clear,35.96
2025-01-29T05:00,2025-01-29,5,2.5,58,0.0,0.0,0.0,0.03,0,Clear,10,,16.7,35.6,Clear,36.5
2025-01-29T06:00,2025-01-29,6,2.7,59,0.0,0.0,0.0,0.03,0,Clear,0,,17.7,37.4,Clear,36.86
2025-01-29T07:00,2025-01-29,7,2.6,60,0.0,0.0,0.0,0.03,0,Clear,13,,17.5,38.2,Clear,36.68
2025-01-29T08:00,2025-01-29,8,2.7,54,0.0,0.0,0.0,0.03,2,Partly Cloudy,67,,14.6,29.9,Cloudy,36.86
2025-01-29T09:00,2025-01-29,9,4.6,49,0.0,0.0,0.0,0.03,2,Partly Cloudy,77,,14.8,32.4,Cloudy,40.28
2025-01-29T10:00,2025-01-29,10,6.4,44,0.0,0.0,0.0,0.03,0,Clear,0,,12.1,32.8,Clear,43.519999999999996
2025-01-29T11:00,2025-01-29,11,7.8,47,0.0,0.0,0.0,0.03,0,Clear,17,,14.8,33.8,Clear,46.04
2025-01-29T12:00,2025-01-29,12,8.9,46,0.0,0.0,0.0,0.02,0,Clear,17,,22.1,47.9,Clear,48.02
2025-01-29T13:00,2025-01-29,13,9.1,46,0.0,0.0,0.0,0.02,1,Mainly Clear,25,,23.3,56.5,Clear,48.379999999999995
2025-01-29T14:00,2025-01-29,14,9.1,46,0.0,0.0,0.0,0.02,1,Mainly Clear,27,,20.2,53.3,Clear,48.379999999999995
2025-01-29T15:00,2025-01-29,15,8.6,47,0.0,0.0,0.0,0.02,1,Mainly Clear,47,,20.8,49.3,Clear,47.48
2025-01-29T16:00,2025-01-29,16,7.4,48,0.0,0.0,0.0,0.02,0,Clear,1,,19.8,48.2,Clear,45.32
2025-01-29T17:00,2025-01-29,17,5.8,42,0.0,0.0,0.0,0.02,0,Clear,0,,22.4,51.1,Clear,42.44
2025-01-29T18:00,2025-01-29,18,3.9,43,0.0,0.0,0.0,0.02,0,Clear,0,,19.2,50.0,Clear,39.02
2025-01-29T19:00,2025-01-29,19,2.5,47,0.0,0.0,0.0,0.02,0,Clear,8,,16.9,42.8,Clear,36.5
2025-01-29T20:00,2025-01-29,20,3.0,49,0.0,0.0,0.0,0.02,3,Overcast,91,,15.9,36.0,Cloudy,37.4
2025-01-29T21:00,2025-01-29,21,2.3,51,0.0,0.0,0.0,0.02,1,Mainly Clear,31,,15.9,35.3,Clear,36.14
2025-01-29T22:00,2025-01-29,22,0.3,63,0.0,0.0,0.0,0.02,3,Overcast,94,,18.3,41.0,Cloudy,32.54
2025-01-29T23:00,2025-01-29,23,-0.4,65,0.0,0.0,0.0,0.02,0,Clear,4,,10.7,41.4,Clear,31.28
2025-01-30T00:00,2025-01-30,0,-2.1,66,0.0,0.0,0.0,0.02,0,Clear,7,,13.0,32.4,Clear,28.22
2025-01-30T01:00,2025-01-30,1,-3.0,66,0.0,0.0,0.0,0.02,0,Clear,0,,12.9,31.0,Clear,26.6
2025-01-30T02:00,2025-01-30,2,-4.0,60,0.0,0.0,0.0,0.02,0,Clear,6,,15.5,33.5,Clear,24.8
2025-01-30T03:00,2025-01-30,3,-4.7,57,0.0,0.0,0.0,0.02,0,Clear,3,,14.0,34.6,Clear,23.54
2025-01-30T04:00,2025-01-30,4,-5.0,55,0.0,0.0,0.0,0.02,0,Clear,0,,12.5,31.3,Clear,23.0
2025-01-30T05:00,2025-01-30,5,-5.5,52,0.0,0.0,0.0,0.02,0,Clear,10,,10.1,28.4,Clear,22.1
2025-01-30T06:00,2025-01-30,6,-5.9,50,0.0,0.0,0.0,0.02,0,Clear,0,,8.5,23.0,Clear,21.38
2025-01-30T07:00,2025-01-30,7,-6.2,51,0.0,0.0,0.0,0.02,0,Clear,0,,6.3,18.0,Clear,20.84
2025-01-30T08:00,2025-01-30,8,-4.2,44,0.0,0.0,0.0,0.02,0,Clear,0,,6.1,11.9,Clear,24.439999999999998
2025-01-30T09:00,2025-01-30,9,-3.2,42,0.0,0.0,0.0,0.02,0,Clear,0,,8.3,20.5,Clear,26.240000000000002
2025-01-30T10:00,2025-01-30,10,-2.2,39,0.0,0.0,0.0,0.02,0,Clear,0,,10.2,27.4,Clear,28.04
2025-01-30T11:00,2025-01-30,11,-1.2,38,0.0,0.0,0.0,0.02,0,Clear,1,,9.4,27.0,Clear,29.84
2025-01-30T12:00,2025-01-30,12,-0.3,36,0.0,0.0,0.0,0.02,0,Clear,0,,9.6,29.5,Clear,31.46
2025-01-30T13:00,2025-01-30,13,0.4,38,0.0,0.0,0.0,0.01,0,Clear,2,,8.7,27.4,Clear,32.72
2025-01-30T14:00,2025-01-30,14,0.8,40,0.0,0.0,0.0,0.01,0,Clear,1,,6.3,25.2,Clear,33.44
2025-01-30T15:00,2025-01-30,15,1.0,42,0.0,0.0,0.0,0.01,3,Overcast,95,,7.5,20.5,Cloudy,33.8
2025-01-30T16:00,2025-01-30,16,0.9,45,0.0,0.0,0.0,0.01,3,Overcast,97,,9.6,23.8,Cloudy,33.62
2025-01-30T17:00,2025-01-30,17,-0.6,61,0.0,0.0,0.0,0.01,3,Overcast,100,,4.3,20.5,Cloudy,30.92
2025-01-30T18:00,2025-01-30,18,-1.1,61,0.0,0.0,0.0,0.01,3,Overcast,100,,3.9,7.9,Cloudy,30.02
2025-01-30T19:00,2025-01-30,19,-0.9,60,0.0,0.0,0.0,0.01,3,Overcast,100,,4.9,8.6,Cloudy,30.38
2025-01-30T20:00,2025-01-30,20,-0.8,50,0.0,0.0,0.0,0.01,3,Overcast,100,,5.9,11.2,Cloudy,30.56
2025-01-30T21:00,2025-01-30,21,0.1,53,0.0,0.0,0.0,0.01,3,Overcast,100,,9.6,17.6,Cloudy,32.18
2025-01-30T22:00,2025-01-30,22,0.6,67,0.0,0.0,0.0,0.01,3,Overcast,100,,11.0,22.7,Cloudy,33.08
2025-01-30T23:00,2025-01-30,23,0.7,71,0.0,0.0,0.0,0.01,3,Overcast,100,,11.4,23.4,Cloudy,33.26
2025-01-31T00:00,2025-01-31,0,1.0,75,0.0,0.0,0.0,0.01,3,Overcast,100,,10.7,23.4,Cloudy,33.8
2025-01-31T01:00,2025-01-31,1,1.2,76,0.0,0.0,0.0,0.01,3,Overcast,100,,9.7,22.0,Cloudy,34.16
2025-01-31T02:00,2025-01-31,2,1.3,78,0.0,0.0,0.0,0.01,3,Overcast,100,,8.6,19.4,Cloudy,34.34
2025-01-31T03:00,2025-01-31,3,2.0,79,0.0,0.0,0.0,0.01,3,Overcast,100,,9.3,18.4,Cloudy,35.6
2025-01-31T04:00,2025-01-31,4,2.3,81,0.0,0.0,0.0,0.01,3,Overcast,100,,9.5,19.1,Cloudy,36.14
2025-01-31T05:00,2025-01-31,5,2.7,85,0.4,0.4,0.0,0.01,51,Light Drizzle,100,,9.0,19.8,Rain,36.86
2025-01-31T06:00,2025-01-31,6,2.8,90,0.3,0.3,0.0,0.01,51,Light Drizzle,100,,10.1,19.4,Rain,37.04
2025-01-31T07:00,2025-01-31,7,2.7,92,0.2,0.2,0.0,0.01,51,Light Drizzle,100,,10.2,18.7,Rain,36.86
2025-01-31T08:00,2025-01-31,8,2.0,94,0.3,0.3,0.0,0.01,51,Light Drizzle,100,,4.4,12.2,Rain,35.6
2025-01-31T09:00,2025-01-31,9,2.5,96,0.2,0.2,0.0,0.01,51,Light Drizzle,100,,4.0,8.3,Rain,36.5
2025-01-31T10:00,2025-01-31,10,2.8,96,1.1,1.1,0.0,0.01,55,Dense Drizzle,100,,4.5,6.5,Rain,37.04
2025-01-31T11:00,2025-01-31,11,3.7,97,0.1,0.1,0.0,0.01,51,Light Drizzle,100,,3.8,11.2,Rain,38.660000000000004
2025-01-31T12:00,2025-01-31,12,5.1,93,0.1,0.1,0.0,0.01,51,Light Drizzle,100,,4.0,13.3,Rain,41.18
2025-01-31T13:00,2025-01-31,13,5.7,92,0.1,0.1,0.0,0.01,51,Light Drizzle,100,,5.2,13.3,Rain,42.260000000000005
2025-01-31T14:00,2025-01-31,14,6.1,92,1.2,1.2,0.0,0.01,55,Dense Drizzle,100,,4.5,13.3,Rain,42.980000000000004
2025-01-31T15:00,2025-01-31,15,5.6,97,0.1,0.1,0.0,0.01,51,Light Drizzle,100,,3.4,10.4,Rain,42.08
2025-01-31T16:00,2025-01-31,16,5.3,97,0.1,0.1,0.0,0.01,51,Light Drizzle,100,,4.3,7.6,Rain,41.54
2025-01-31T17:00,2025-01-31,17,4.5,98,0.5,0.5,0.0,0.01,53,Moderate Drizzle,100,,4.5,7.2,Rain,40.1
2025-01-31T18:00,2025-01-31,18,4.7,98,1.4,1.4,0.0,0.01,61,Slight Rain,100,,5.6,14.4,Rain,40.46
2025-01-31T19:00,2025-01-31,19,4.6,99,1.3,1.3,0.0,0.01,61,Slight Rain,100,,6.1,8.6,Rain,40.28
2025-01-31T20:00,2025-01-31,20,5.8,98,1.0,1.0,0.0,0.01,55,Dense Drizzle,100,,8.8,17.3,Rain,42.44
2025-01-31T21:00,2025-01-31,21,5.9,97,0.7,0.7,0.0,0.01,53,Moderate Drizzle,100,,9.1,18.7,Rain,42.620000000000005
2025-01-31T22:00,2025-01-31,22,6.2,96,1.2,1.2,0.0,0.01,55,Dense Drizzle,100,,13.5,25.6,Rain,43.16
2025-01-31T23:00,2025-01-31,23,6.2,96,0.9,0.9,0.0,0.01,53,Moderate Drizzle,100,,11.1,25.9,Rain,43.16
2025-02-01T00:00,2025-02-01,0,5.9,96,0.5,0.5,0.0,0.01,53,Moderate Drizzle,100,,9.4,20.9,Rain,42.620000000000005
2025-02-01T01:00,2025-02-01,1,5.4,97,0.5,0.5,0.0,0.01,53,Moderate Drizzle,100,,7.2,16.9,Rain,41.72
2025-02-01T02:00,2025-02-01,2,5.4,96,0.3,0.3,0.0,0.01,51,Light Drizzle,100,,8.6,16.2,Rain,41.72
2025-02-01T03:00,2025-02-01,3,5.2,95,0.2,0.2,0.0,0.01,51,Light Drizzle,100,,9.8,15.8,Rain,41.36
2025-02-01T04:00,2025-02-01,4,4.6,92,0.0,0.0,0.0,0.01,3,Overcast,100,,18.4,36.4,Cloudy,40.28
2025-02-01T05:00,2025-02-01,5,3.2,92,0.0,0.0,0.0,0.01,3,Overcast,100,,17.3,37.1,Cloudy,37.76
2025-02-01T06:00,2025-02-01,6,2.3,91,0.0,0.0,0.0,0.01,3,Overcast,100,,13.5,36.7,Cloudy,36.14
2025-02-01T07:00,2025-02-01,7,1.9,88,0.0,0.0,0.0,0.01,3,Overcast,98,,16.7,34.9,Cloudy,35.42
2025-02-01T08:00,2025-02-01,8,2.0,87,0.0,0.0,0.0,0.01,3,Overcast,100,,16.5,36.7,Cloudy,35.6
2025-02-01T09:00,2025-02-01,9,1.5,81,0.0,0.0,0.0,0.01,3,Overcast,98,,19.4,42.5,Cloudy,34.7
2025-02-01T10:00,2025-02-01,10,1.2,69,0.0,0.0,0.0,0.01,3,Overcast,100,,18.8,50.4,Cloudy,34.16
2025-02-01T11:00,2025-02-01,11,0.9,61,0.0,0.0,0.0,0.01,3,Overcast,97,,17.1,43.2,Cloudy,33.62
2025-02-01T12:00,2025-02-01,12,0.4,56,0.0,0.0,0.0,0.01,3,Overcast,84,,17.2,40.7,Cloudy,32.72
2025-02-01T13:00,2025-02-01,13,-0.1,53,0.0,0.0,0.0,0.01,2,Partly Cloudy,66,,16.9,41.4,Cloudy,31.82
2025-02-01T14:00,2025-02-01,14,0.0,46,0.0,0.0,0.0,0.01,0,Clear,0,,16.1,40.7,Clear,32.0
2025-02-01T15:00,2025-02-01,15,-0.3,42,0.0,0.0,0.0,0.01,0,Clear,0,,15.7,39.2,Clear,31.46
2025-02-01T16:00,2025-02-01,16,-1.4,42,0.0,0.0,0.0,0.01,0,Clear,0,,17.9,41.0,Clear,29.48
2025-02-01T17:00,2025-02-01,17,-2.9,45,0.0,0.0,0.0,0.01,0,Clear,0,,17.7,41.0,Clear,26.78
2025-02-01T18:00,2025-02-01,18,-4.3,46,0.0,0.0,0.0,0.01,0,Clear,0,,17.5,40.0,Clear,24.26
2025-02-01T19:00,2025-02-01,19,-5.3,46,0.0,0.0,0.0,0.01,0,Clear,0,,15.7,39.2,Clear,22.46
2025-02-01T20:00,2025-02-01,20,-4.2,43,0.0,0.0,0.0,0.01,0,Clear,0,,15.2,36.4,Clear,24.439999999999998
2025-02-01T21:00,2025-02-01,21,-5.2,43,0.0,0.0,0.0,0.01,0,Clear,0,,14.0,33.8,Clear,22.64
2025-02-01T22:00,2025-02-01,22,-5.8,41,0.0,0.0,0.0,0.01,0,Clear,0,,11.2,31.0,Clear,21.560000000000002
2025-02-01T23:00,2025-02-01,23,-6.2,38,0.0,0.0,0.0,0.01,0,Clear,0,,11.2,25.6,Clear,20.84
2025-02-02T00:00,2025-02-02,0,-6.6,38,0.0,0.0,0.0,0.01,1,Mainly Clear,30,,10.6,25.2,Clear,20.12
2025-02-02T01:00,2025-02-02,1,-7.2,40,0.0,0.0,0.0,0.01,0,Clear,14,,11.7,27.4,Clear,19.04
2025-02-02T02:00,2025-02-02,2,-8.0,42,0.0,0.0,0.0,0.01,1,Mainly Clear,33,,10.5,26.3,Clear,17.6
2025-02-02T03:00,2025-02-02,3,-8.5,44,0.0,0.0,0.0,0.01,1,Mainly Clear,25,,9.2,23.8,Clear,16.7
2025-02-02T04:00,2025-02-02,4,-9.0,46,0.0,0.0,0.0,0.01,3,Overcast,91,,8.5,20.5,Cloudy,15.8
2025-02-02T05:00,2025-02-02,5,-9.2,48,0.0,0.0,0.0,0.01,3,Overcast,100,,8.9,20.2,Cloudy,15.440000000000001
2025-02-02T06:00,2025-02-02,6,-9.5,49,0.0,0.0,0.0,0.01,3,Overcast,100,,7.0,20.2,Cloudy,14.899999999999999
2025-02-02T07:00,2025-02-02,7,-9.6,48,0.0,0.0,0.0,0.01,3,Overcast,100,,6.4,15.5,Cloudy,14.720000000000002
2025-02-02T08:00,2025-02-02,8,-9.1,53,0.0,0.0,0.0,0.01,3,Overcast,100,,5.2,14.0,Cloudy,15.620000000000001
2025-02-02T09:00,2025-02-02,9,-7.7,50,0.0,0.0,0.0,0.01,3,Overcast,100,,3.1,14.8,Cloudy,18.14
2025-02-02T10:00,2025-02-02,10,-5.8,47,0.0,0.0,0.0,0.01,3,Overcast,100,,3.7,16.2,Cloudy,21.560000000000002
2025-02-02T11:00,2025-02-02,11,-4.1,45,0.0,0.0,0.0,0.01,3,Overcast,100,,5.5,19.8,Cloudy,24.62
2025-02-02T12:00,2025-02-02,12,-2.7,50,0.0,0.0,0.0,0.01,3,Overcast,100,,7.3,23.0,Cloudy,27.14
2025-02-02T13:00,2025-02-02,13,-1.9,60,0.0,0.0,0.0,0.01,3,Overcast,100,,10.7,28.1,Cloudy,28.580000000000002
2025-02-02T14:00,2025-02-02,14,-2.0,65,0.0,0.0,0.0,0.01,3,Overcast,100,,10.6,28.4,Cloudy,28.4
2025-02-02T15:00,2025-02-02,15,-0.9,66,0.0,0.0,0.0,0.01,3,Overcast,100,,7.4,27.0,Cloudy,30.38
2025-02-02T16:00,2025-02-02,16,-0.2,65,0.0,0.0,0.0,0.01,3,Overcast,100,,4.8,18.7,Cloudy,31.64
2025-02-02T17:00,2025-02-02,17,-0.1,76,0.0,0.0,0.0,0.01,3,Overcast,100,,2.8,12.2,Cloudy,31.82
2025-02-02T18:00,2025-02-02,18,0.5,70,0.0,0.0,0.0,0.01,3,Overcast,100,,5.7,10.1,Cloudy,32.9
2025-02-02T19:00,2025-02-02,19,1.4,68,0.0,0.0,0.0,0.01,3,Overcast,100,,9.0,18.4,Cloudy,34.52
2025-02-02T20:00,2025-02-02,20,-1.0,81,0.2,0.0,0.14,0.01,71,Slight Snow,100,,4.5,6.1,Snow,30.2
2025-02-02T21:00,2025-02-02,21,-0.6,89,0.4,0.0,0.28,0.02,73,Moderate Snow,100,,3.8,9.0,Snow,30.92
2025-02-02T22:00,2025-02-02,22,-0.1,93,0.6,0.0,0.42,0.02,73,Moderate Snow,100,,7.0,12.6,Snow,31.82
2025-02-02T23:00,2025-02-02,23,0.2,94,0.2,0.0,0.14,0.03,71,Slight Snow,100,,6.2,15.8,Snow,32.36
2025-02-03T00:00,2025-02-03,0,-0.2,94,0.1,0.0,0.07,0.03,71,Slight Snow,100,,3.5,11.9,Snow,31.64
2025-02-03T01:00,2025-02-03,1,0.0,92,0.0,0.0,0.0,0.03,1,Mainly Clear,45,,5.3,10.4,Clear,32.0
2025-02-03T02:00,2025-02-03,2,-0.3,91,0.0,0.0,0.0,0.03,3,Overcast,100,,5.2,10.1,Cloudy,31.46
2025-02-03T03:00,2025-02-03,3,0.3,90,0.0,0.0,0.0,0.03,3,Overcast,99,,9.1,18.4,Cloudy,32.54
2025-02-03T04:00,2025-02-03,4,-0.2,91,0.0,0.0,0.0,0.03,2,Partly Cloudy,61,,6.6,18.0,Cloudy,31.64
2025-02-03T05:00,2025-02-03,5,-0.9,92,0.0,0.0,0.0,0.03,2,Partly Cloudy,51,,6.0,12.6,Cloudy,30.38
2025-02-03T06:00,2025-02-03,6,-2.0,93,0.0,0.0,0.0,0.03,2,Partly Cloudy,51,,5.9,13.7,Cloudy,28.4
2025-02-03T07:00,2025-02-03,7,-3.0,93,0.0,0.0,0.0,0.03,3,Overcast,97,,4.5,11.5,Cloudy,26.6
2025-02-03T08:00,2025-02-03,8,-2.6,94,0.0,0.0,0.0,0.03,3,Overcast,98,,4.1,10.4,Cloudy,27.32
2025-02-03T09:00,2025-02-03,9,-0.1,87,0.0,0.0,0.0,0.03,3,Overcast,100,,4.7,13.0,Cloudy,31.82
2025-02-03T10:00,2025-02-03,10,1.2,82,0.0,0.0,0.0,0.03,3,Overcast,100,,3.5,13.0,Cloudy,34.16
2025-02-03T11:00,2025-02-03,11,2.3,80,0.0,0.0,0.0,0.03,3,Overcast,100,,1.9,10.4,Cloudy,36.14
2025-02-03T12:00,2025-02-03,12,3.2,78,0.0,0.0,0.0,0.02,3,Overcast,100,,2.4,9.0,Cloudy,37.76
2025-02-03T13:00,2025-02-03,13,4.8,72,0.0,0.0,0.0,0.02,3,Overcast,100,,7.1,18.0,Cloudy,40.64
2025-02-03T14:00,2025-02-03,14,5.2,72,0.0,0.0,0.0,0.02,2,Partly Cloudy,53,,8.3,21.2,Cloudy,41.36
2025-02-03T15:00,2025-02-03,15,6.1,71,0.0,0.0,0.0,0.02,3,Overcast,99,,7.9,21.2,Cloudy,42.980000000000004
2025-02-03T16:00,2025-02-03,16,5.9,75,0.0,0.0,0.0,0.02,3,Overcast,93,,6.0,19.4,Cloudy,42.620000000000005
2025-02-03T17:00,2025-02-03,17,4.0,84,0.0,0.0,0.0,0.02,2,Partly Cloudy,59,,3.5,12.2,Cloudy,39.2
2025-02-03T18:00,2025-02-03,18,3.1,85,0.0,0.0,0.0,0.02,3,Overcast,99,,2.0,5.0,Cloudy,37.58
2025-02-03T19:00,2025-02-03,19,3.7,85,0.0,0.0,0.0,0.02,3,Overcast,83,,8.1,14.4,Cloudy,38.660000000000004
2025-02-03T20:00,2025-02-03,20,4.7,82,0.0,0.0,0.0,0.02,3,Overcast,100,,12.8,25.2,Cloudy,40.46
2025-02-03T21:00,2025-02-03,21,4.6,82,0.0,0.0,0.0,0.02,3,Overcast,100,,10.8,25.6,Cloudy,40.28
2025-02-03T22:00,2025-02-03,22,4.8,84,0.0,0.0,0.0,0.02,3,Overcast,100,,11.2,23.8,Cloudy,40.64
2025-02-03T23:00,2025-02-03,23,4.5,87,0.3,0.3,0.0,0.02,51,Light Drizzle,89,,10.0,22.0,Rain,40.1
2025-02-04T00:00,2025-02-04,0,4.3,89,0.0,0.0,0.0,0.02,2,Partly Cloudy,61,,10.7,20.2,Cloudy,39.74
2025-02-04T01:00,2025-02-04,1,4.6,89,0.0,0.0,0.0,0.02,2,Partly Cloudy,62,,12.5,24.1,Cloudy,40.28
2025-02-04T02:00,2025-02-04,2,4.7,89,0.0,0.0,0.0,0.02,3,Overcast,94,,12.4,25.9,Cloudy,40.46
2025-02-04T03:00,2025-02-04,3,4.4,89,0.0,0.0,0.0,0.02,3,Overcast,100,,9.6,24.1,Cloudy,39.92
2025-02-04T04:00,2025-02-04,4,4.4,87,0.0,0.0,0.0,0.02,3,Overcast,100,,9.8,18.7,Cloudy,39.92
2025-02-04T05:00,2025-02-04,5,5.1,82,0.0,0.0,0.0,0.02,3,Overcast,100,,12.4,23.8,Cloudy,41.18
2025-02-04T06:00,2025-02-04,6,4.7,82,0.0,0.0,0.0,0.02,1,Mainly Clear,34,,14.3,28.8,Clear,40.46
2025-02-04T07:00,2025-02-04,7,3.2,84,0.0,0.0,0.0,0.02,0,Clear,5,,12.7,29.2,Clear,37.76
2025-02-04T08:00,2025-02-04,8,4.5,76,0.0,0.0,0.0,0.02,0,Clear,2,,15.3,31.3,Clear,40.1
2025-02-04T09:00,2025-02-04,9,5.2,70,0.0,0.0,0.0,0.02,1,Mainly Clear,47,,15.1,38.2,Clear,41.36
2025-02-04T10:00,2025-02-04,10,5.8,63,0.0,0.0,0.0,0.01,2,Partly Cloudy,56,,18.1,40.3,Cloudy,42.44
2025-02-04T11:00,2025-02-04,11,6.2,58,0.0,0.0,0.0,0.01,2,Partly Cloudy,57,,19.8,48.2,Cloudy,43.16
2025-02-04T12:00,2025-02-04,12,6.0,51,0.0,0.0,0.0,0.01,0,Clear,13,,20.6,48.6,Clear,42.8
2025-02-04T13:00,2025-02-04,13,5.2,47,0.0,0.0,0.0,0.01,0,Clear,4,,21.1,50.0,Clear,41.36
2025-02-04T14:00,2025-02-04,14,4.8,48,0.0,0.0,0.0,0.01,1,Mainly Clear,24,,20.8,50.4,Clear,40.64
2025-02-04T15:00,2025-02-04,15,4.0,49,0.0,0.0,0.0,0.01,3,Overcast,96,,23.0,52.9,Cloudy,39.2
2025-02-04T16:00,2025-02-04,16,2.5,49,0.0,0.0,0.0,0.01,3,Overcast,97,,20.0,53.3,Cloudy,36.5
2025-02-04T17:00,2025-02-04,17,1.9,52,0.0,0.0,0.0,0.01,1,Mainly Clear,47,,15.0,47.2,Clear,35.42
2025-02-04T18:00,2025-02-04,18,0.6,54,0.0,0.0,0.0,0.01,1,Mainly Clear,49,,13.3,34.9,Clear,33.08
2025-02-04T19:00,2025-02-04,19,-0.3,57,0.0,0.0,0.0,0.01,0,Clear,3,,13.1,30.2,Clear,31.46
2025-02-04T20:00,2025-02-04,20,0.9,53,0.0,0.0,0.0,0.01,0,Clear,12,,14.1,29.9,Clear,33.62
2025-02-04T21:00,2025-02-04,21,0.2,55,0.0,0.0,0.0,0.01,0,Clear,8,,14.0,32.0,Clear,32.36
2025-02-04T22:00,2025-02-04,22,-0.5,57,0.0,0.0,0.0,0.01,1,Mainly Clear,26,,13.1,31.0,Clear,31.1
2025-02-04T23:00,2025-02-04,23,-1.3,59,0.0,0.0,0.0,0.01,0,Clear,19,,13.3,28.8,Clear,29.66
2025-02-05T00:00,2025-02-05,0,-2.2,56,0.0,0.0,0.0,0.01,3,Overcast,100,,14.5,33.8,Cloudy,28.04
2025-02-05T01:00,2025-02-05,1,-3.0,56,0.0,0.0,0.0,0.01,3,Overcast,94,,12.1,32.4,Cloudy,26.6
2025-02-05T02:00,2025-02-05,2,-3.5,60,0.0,0.0,0.0,0.01,3,Overcast,96,,9.6,27.4,Cloudy,25.7
2025-02-05T03:00,2025-02-05,3,-3.3,59,0.0,0.0,0.0,0.01,3,Overcast,100,,9.1,22.3,Cloudy,26.060000000000002
2025-02-05T04:00,2025-02-05,4,-3.2,58,0.0,0.0,0.0,0.01,3,Overcast,100,,9.4,21.2,Cloudy,26.240000000000002
2025-02-05T05:00,2025-02-05,5,-3.2,54,0.0,0.0,0.0,0.01,3,Overcast,100,,9.7,21.6,Cloudy,26.240000000000002
2025-02-05T06:00,2025-02-05,6,-3.1,52,0.0,0.0,0.0,0.01,3,Overcast,100,,10.4,24.1,Cloudy,26.42
2025-02-05T07:00,2025-02-05,7,-3.2,51,0.0,0.0,0.0,0.01,3,Overcast,100,,9.9,24.1,Cloudy,26.240000000000002
2025-02-05T08:00,2025-02-05,8,-2.7,54,0.0,0.0,0.0,0.01,3,Overcast,100,,11.1,25.6,Cloudy,27.14
2025-02-05T09:00,2025-02-05,9,-2.3,53,0.0,0.0,0.0,0.01,3,Overcast,100,,10.2,25.6,Cloudy,27.86
2025-02-05T10:00,2025-02-05,10,-1.6,52,0.0,0.0,0.0,0.01,3,Overcast,99,,9.6,25.6,Cloudy,29.12
2025-02-05T11:00,2025-02-05,11,-0.6,49,0.0,0.0,0.0,0.01,3,Overcast,93,,7.7,25.9,Cloudy,30.92
2025-02-05T12:00,2025-02-05,12,0.4,46,0.0,0.0,0.0,0.01,3,Overcast,98,,6.5,23.4,Cloudy,32.72
2025-02-05T13:00,2025-02-05,13,1.2,43,0.0,0.0,0.0,0.01,3,Overcast,81,,6.4,21.6,Cloudy,34.16
2025-02-05T14:00,2025-02-05,14,1.6,40,0.0,0.0,0.0,0.01,3,Overcast,100,,5.3,21.2,Cloudy,34.88
2025-02-05T15:00,2025-02-05,15,1.8,37,0.0,0.0,0.0,0.01,3,Overcast,100,,4.8,18.4,Cloudy,35.24
2025-02-05T16:00,2025-02-05,16,1.5,37,0.0,0.0,0.0,0.01,3,Overcast,100,,3.4,15.8,Cloudy,34.7
2025-02-05T17:00,2025-02-05,17,0.2,58,0.0,0.0,0.0,0.01,3,Overcast,100,,2.5,10.4,Cloudy,32.36
2025-02-05T18:00,2025-02-05,18,-1.1,62,0.0,0.0,0.0,0.01,3,Overcast,100,,3.4,6.5,Cloudy,30.02
2025-02-05T19:00,2025-02-05,19,-1.4,63,0.0,0.0,0.0,0.01,3,Overcast,100,,4.1,9.0,Cloudy,29.48
2025-02-05T20:00,2025-02-05,20,-1.5,62,0.0,0.0,0.0,0.01,3,Overcast,100,,1.5,5.4,Cloudy,29.3
2025-02-05T21:00,2025-02-05,21,-1.9,68,0.0,0.0,0.0,0.01,3,Overcast,100,,3.5,6.8,Cloudy,28.580000000000002
2025-02-05T22:00,2025-02-05,22,-1.9,69,0.0,0.0,0.0,0.01,3,Overcast,100,,4.0,7.9,Cloudy,28.580000000000002
2025-02-05T23:00,2025-02-05,23,-1.9,68,0.0,0.0,0.0,0.01,3,Overcast,100,,5.0,10.1,Cloudy,28.580000000000002
2025-02-06T00:00,2025-02-06,0,-1.5,72,0.1,0.0,0.07,0.01,71,Slight Snow,100,,7.4,12.6,Snow,29.3
2025-02-06T01:00,2025-02-06,1,-1.1,76,0.0,0.0,0.0,0.01,3,Overcast,100,,8.1,13.3,Cloudy,30.02
2025-02-06T02:00,2025-02-06,2,-0.8,79,0.0,0.0,0.0,0.01,3,Overcast,100,,10.0,14.8,Cloudy,30.56
2025-02-06T03:00,2025-02-06,3,-0.3,71,0.0,0.0,0.0,0.01,3,Overcast,100,,10.7,22.0,Cloudy,31.46
2025-02-06T04:00,2025-02-06,4,-0.2,72,0.1,0.0,0.07,0.01,71,Slight Snow,100,,9.2,23.0,Snow,31.64
2025-02-06T05:00,2025-02-06,5,-0.3,84,0.5,0.0,0.35,0.02,73,Moderate Snow,100,,7.8,20.5,Snow,31.46
2025-02-06T06:00,2025-02-06,6,-0.2,92,1.5,0.0,1.05,0.02,75,Heavy Snow,100,,9.3,18.7,Snow,31.64
2025-02-06T07:00,2025-02-06,7,0.2,96,2.3,0.1,1.54,0.03,75,Heavy Snow,100,,12.5,28.8,Snow,32.36
2025-02-06T08:00,2025-02-06,8,0.1,91,1.0,0.7,0.21,0.04,73,Moderate Snow,100,,14.1,26.6,Snow,32.18
2025-02-06T09:00,2025-02-06,9,1.0,89,0.5,0.3,0.14,0.04,71,Slight Snow,100,,12.0,33.1,Snow,33.8
2025-02-06T10:00,2025-02-06,10,1.8,91,1.0,1.0,0.0,0.04,55,Dense Drizzle,100,,12.0,23.8,Rain,35.24
2025-02-06T11:00,2025-02-06,11,2.4,91,0.5,0.5,0.0,0.04,53,Moderate Drizzle,100,,8.4,24.8,Rain,36.32
2025-02-06T12:00,2025-02-06,12,2.5,94,0.3,0.3,0.0,0.04,51,Light Drizzle,100,,3.4,14.4,Rain,36.5
2025-02-06T13:00,2025-02-06,13,2.5,96,0.6,0.6,0.0,0.04,53,Moderate Drizzle,100,,2.9,7.9,Rain,36.5
2025-02-06T14:00,2025-02-06,14,2.5,98,0.1,0.1,0.0,0.04,51,Light Drizzle,100,,1.3,6.8,Rain,36.5
2025-02-06T15:00,2025-02-06,15,4.4,90,0.0,0.0,0.0,0.03,3,Overcast,100,,7.8,18.0,Cloudy,39.92
2025-02-06T16:00,2025-02-06,16,4.2,91,0.0,0.0,0.0,0.03,3,Overcast,100,,9.3,18.0,Cloudy,39.56
2025-02-06T17:00,2025-02-06,17,3.3,93,0.0,0.0,0.0,0.03,3,Overcast,100,,9.1,18.7,Cloudy,37.94
2025-02-06T18:00,2025-02-06,18,3.2,95,0.0,0.0,0.0,0.03,1,Mainly Clear,38,,8.6,16.9,Clear,37.76
2025-02-06T19:00,2025-02-06,19,2.5,95,0.0,0.0,0.0,0.03,0,Clear,16,,8.6,16.6,Clear,36.5
2025-02-06T20:00,2025-02-06,20,0.9,96,0.0,0.0,0.0,0.03,0,Clear,0,,10.6,20.5,Clear,33.62
2025-02-06T21:00,2025-02-06,21,0.6,96,0.0,0.0,0.0,0.03,0,Clear,1,,10.3,20.5,Clear,33.08
2025-02-06T22:00,2025-02-06,22,0.3,97,0.0,0.0,0.0,0.03,3,Overcast,98,,9.4,19.8,Cloudy,32.54
2025-02-06T23:00,2025-02-06,23,0.6,97,0.0,0.0,0.0,0.03,3,Overcast,98,,10.0,19.1,Cloudy,33.08
2025-02-07T00:00,2025-02-07,0,1.1,98,0.0,0.0,0.0,0.03,3,Overcast,100,,9.4,19.4,Cloudy,33.98
2025-02-07T01:00,2025-02-07,1,1.5,100,0.0,0.0,0.0,0.03,3,Overcast,100,,9.1,19.4,Cloudy,34.7
2025-02-07T02:00,2025-02-07,2,2.0,99,0.0,0.0,0.0,0.03,3,Overcast,100,,11.1,23.4,Cloudy,35.6
2025-02-07T03:00,2025-02-07,3,2.4,99,0.0,0.0,0.0,0.03,3,Overcast,100,,12.6,24.1,Cloudy,36.32
2025-02-07T04:00,2025-02-07,4,3.0,95,0.0,0.0,0.0,0.03,3,Overcast,100,,14.9,29.5,Cloudy,37.4
2025-02-07T05:00,2025-02-07,5,2.5,88,0.0,0.0,0.0,0.03,3,Overcast,99,,16.0,31.0,Cloudy,36.5
2025-02-07T06:00,2025-02-07,6,2.5,75,0.0,0.0,0.0,0.03,1,Mainly Clear,48,,18.9,38.5,Clear,36.5
2025-02-07T07:00,2025-02-07,7,2.3,61,0.0,0.0,0.0,0.03,1,Mainly Clear,23,,17.4,43.6,Clear,36.14
2025-02-07T08:00,2025-02-07,8,3.5,63,0.0,0.0,0.0,0.03,1,Mainly Clear,24,,18.4,39.6,Clear,38.3
2025-02-07T09:00,2025-02-07,9,4.8,51,0.0,0.0,0.0,0.03,3,Overcast,99,,16.4,39.2,Cloudy,40.64
2025-02-07T10:00,2025-02-07,10,5.1,47,0.0,0.0,0.0,0.03,3,Overcast,97,,19.9,51.5,Cloudy,41.18
2025-02-07T11:00,2025-02-07,11,4.2,43,0.0,0.0,0.0,0.02,0,Clear,9,,24.3,56.2,Clear,39.56
2025-02-07T12:00,2025-02-07,12,2.8,38,0.0,0.0,0.0,0.02,0,Clear,7,,25.7,59.4,Clear,37.04
2025-02-07T13:00,2025-02-07,13,2.2,36,0.0,0.0,0.0,0.02,0,Clear,2,,22.2,60.8,Clear,35.96
2025-02-07T14:00,2025-02-07,14,2.0,40,0.0,0.0,0.0,0.02,0,Clear,5,,19.5,52.6,Clear,35.6
2025-02-07T15:00,2025-02-07,15,1.0,42,0.0,0.0,0.0,0.02,0,Clear,16,,18.8,46.8,Clear,33.8
2025-02-07T16:00,2025-02-07,16,0.1,43,0.0,0.0,0.0,0.02,1,Mainly Clear,34,,18.3,45.4,Clear,32.18
2025-02-07T17:00,2025-02-07,17,-0.9,46,0.0,0.0,0.0,0.02,1,Mainly Clear,42,,12.3,41.4,Clear,30.38
2025-02-07T18:00,2025-02-07,18,-1.6,50,0.0,0.0,0.0,0.02,3,Overcast,100,,8.8,27.7,Cloudy,29.12
2025-02-07T19:00,2025-02-07,19,-2.0,53,0.0,0.0,0.0,0.02,0,Clear,0,,8.4,19.1,Clear,28.4
2025-02-07T20:00,2025-02-07,20,-1.4,55,0.0,0.0,0.0,0.02,2,Partly Cloudy,56,,6.8,16.9,Cloudy,29.48
2025-02-07T21:00,2025-02-07,21,-2.1,59,0.0,0.0,0.0,0.02,0,Clear,0,,5.6,14.4,Clear,28.22
2025-02-07T22:00,2025-02-07,22,-2.7,60,0.0,0.0,0.0,0.02,0,Clear,16,,5.3,11.9,Clear,27.14
2025-02-07T23:00,2025-02-07,23,-2.8,60,0.0,0.0,0.0,0.02,0,Clear,16,,5.5,11.5,Clear,26.96
2025-02-08T00:00,2025-02-08,0,-3.2,61,0.0,0.0,0.0,0.02,1,Mainly Clear,48,,4.6,11.5,Clear,26.240000000000002
2025-02-08T01:00,2025-02-08,1,-3.3,57,0.0,0.0,0.0,0.02,2,Partly Cloudy,60,,6.0,12.6,Cloudy,26.060000000000002
2025-02-08T02:00,2025-02-08,2,-3.4,54,0.0,0.0,0.0,0.02,1,Mainly Clear,25,,8.3,17.3,Clear,25.880000000000003
2025-02-08T03:00,2025-02-08,3,-3.8,51,0.0,0.0,0.0,0.02,1,Mainly Clear,34,,9.1,19.4,Clear,25.16
2025-02-08T04:00,2025-02-08,4,-4.1,49,0.0,0.0,0.0,0.02,3,Overcast,99,,10.1,22.0,Cloudy,24.62
2025-02-08T05:00,2025-02-08,5,-4.4,49,0.0,0.0,0.0,0.02,3,Overcast,100,,9.2,22.7,Cloudy,24.08
2025-02-08T06:00,2025-02-08,6,-4.4,49,0.0,0.0,0.0,0.02,3,Overcast,100,,5.9,19.8,Cloudy,24.08
2025-02-08T07:00,2025-02-08,7,-4.3,50,0.0,0.0,0.0,0.02,3,Overcast,100,,4.9,12.6,Cloudy,24.26
2025-02-08T08:00,2025-02-08,8,-3.6,57,0.0,0.0,0.0,0.02,3,Overcast,100,,4.5,11.9,Cloudy,25.52
2025-02-08T09:00,2025-02-08,9,-2.7,55,0.0,0.0,0.0,0.02,3,Overcast,100,,3.7,13.7,Cloudy,27.14
2025-02-08T10:00,2025-02-08,10,-1.4,53,0.0,0.0,0.0,0.02,3,Overcast,99,,3.1,14.4,Cloudy,29.48
2025-02-08T11:00,2025-02-08,11,-0.3,50,0.0,0.0,0.0,0.02,3,Overcast,100,,1.8,14.4,Cloudy,31.46
2025-02-08T12:00,2025-02-08,12,0.5,50,0.0,0.0,0.0,0.02,3,Overcast,100,,2.7,14.0,Cloudy,32.9
2025-02-08T13:00,2025-02-08,13,1.1,48,0.0,0.0,0.0,0.02,3,Overcast,100,,4.7,17.3,Cloudy,33.98
2025-02-08T14:00,2025-02-08,14,0.9,49,0.0,0.0,0.0,0.02,3,Overcast,100,,7.0,19.8,Cloudy,33.62
2025-02-08T15:00,2025-02-08,15,0.5,51,0.0,0.0,0.0,0.02,3,Overcast,100,,6.3,20.5,Cloudy,32.9
2025-02-08T16:00,2025-02-08,16,0.0,56,0.0,0.0,0.0,0.02,3,Overcast,100,,5.6,17.6,Cloudy,32.0
2025-02-08T17:00,2025-02-08,17,-0.6,62,0.0,0.0,0.0,0.02,3,Overcast,100,,7.3,17.3,Cloudy,30.92
2025-02-08T18:00,2025-02-08,18,-0.7,66,0.0,0.0,0.0,0.02,3,Overcast,100,,7.0,17.6,Cloudy,30.74
2025-02-08T19:00,2025-02-08,19,-0.6,72,0.1,0.0,0.07,0.02,71,Slight Snow,100,,7.5,15.5,Snow,30.92
2025-02-08T20:00,2025-02-08,20,-0.7,81,1.4,0.0,0.98,0.02,75,Heavy Snow,100,,3.2,16.6,Snow,30.74
2025-02-08T21:00,2025-02-08,21,-1.3,90,2.9,0.0,2.03,0.03,75,Heavy Snow,100,,8.1,16.9,Snow,29.66
2025-02-08T22:00,2025-02-08,22,-1.0,95,3.4,0.4,2.1,0.04,75,Heavy Snow,100,,5.6,21.2,Snow,30.2
2025-02-08T23:00,2025-02-08,23,-1.1,97,2.2,0.7,1.05,0.05,75,Heavy Snow,100,,6.3,20.5,Snow,30.02
2025-02-09T00:00,2025-02-09,0,-1.3,99,2.3,1.2,0.77,0.06,73,Moderate Snow,100,,9.0,16.2,Snow,29.66
2025-02-09T01:00,2025-02-09,1,-1.0,98,1.0,1.0,0.0,0.07,55,Dense Drizzle,100,,8.0,15.8,Rain,30.2
2025-02-09T02:00,2025-02-09,2,-0.6,98,0.3,0.3,0.0,0.07,51,Light Drizzle,100,,5.8,14.8,Rain,30.92
2025-02-09T03:00,2025-02-09,3,-0.1,97,0.2,0.2,0.0,0.07,51,Light Drizzle,100,,5.6,11.9,Rain,31.82
2025-02-09T04:00,2025-02-09,4,-0.2,98,0.0,0.0,0.0,0.08,3,Overcast,100,,3.6,10.1,Cloudy,31.64
2025-02-09T05:00,2025-02-09,5,-0.4,100,0.2,0.2,0.0,0.08,51,Light Drizzle,100,,6.6,12.6,Rain,31.28
2025-02-09T06:00,2025-02-09,6,-0.4,100,0.1,0.1,0.0,0.08,51,Light Drizzle,100,,7.0,15.1,Rain,31.28
2025-02-09T07:00,2025-02-09,7,-0.2,98,0.1,0.1,0.0,0.08,51,Light Drizzle,100,,5.2,13.0,Rain,31.64
2025-02-09T08:00,2025-02-09,8,-0.4,96,0.0,0.0,0.0,0.08,3,Overcast,100,,6.1,11.9,Cloudy,31.28
2025-02-09T09:00,2025-02-09,9,0.4,90,0.0,0.0,0.0,0.08,3,Overcast,95,,10.0,20.5,Cloudy,32.72
2025-02-09T10:00,2025-02-09,10,0.9,85,0.0,0.0,0.0,0.08,3,Overcast,86,,10.4,23.0,Cloudy,33.62
2025-02-09T11:00,2025-02-09,11,1.2,79,0.0,0.0,0.0,0.08,3,Overcast,87,,10.8,23.0,Cloudy,34.16
2025-02-09T12:00,2025-02-09,12,1.4,73,0.0,0.0,0.0,0.08,3,Overcast,99,,13.0,28.1,Cloudy,34.52
2025-02-09T13:00,2025-02-09,13,1.2,72,0.0,0.0,0.0,0.08,2,Partly Cloudy,71,,13.1,29.9,Cloudy,34.16
2025-02-09T14:00,2025-02-09,14,1.3,71,0.0,0.0,0.0,0.07,2,Partly Cloudy,66,,12.3,31.3,Cloudy,34.34
2025-02-09T15:00,2025-02-09,15,1.3,72,0.0,0.0,0.0,0.07,1,Mainly Clear,30,,10.8,27.0,Clear,34.34
2025-02-09T16:00,2025-02-09,16,0.9,73,0.0,0.0,0.0,0.07,0,Clear,8,,10.1,23.8,Clear,33.62
2025-02-09T17:00,2025-02-09,17,-0.3,77,0.0,0.0,0.0,0.07,2,Partly Cloudy,61,,7.3,21.6,Cloudy,31.46
2025-02-09T18:00,2025-02-09,18,-2.2,81,0.0,0.0,0.0,0.07,3,Overcast,92,,5.5,14.4,Cloudy,28.04
2025-02-09T19:00,2025-02-09,19,-2.0,82,0.0,0.0,0.0,0.07,3,Overcast,100,,4.6,9.0,Cloudy,28.4
2025-02-09T20:00,2025-02-09,20,-0.4,83,0.0,0.0,0.0,0.07,3,Overcast,99,,4.6,9.0,Cloudy,31.28
2025-02-09T21:00,2025-02-09,21,-0.2,79,0.0,0.0,0.0,0.07,0,Clear,19,,10.4,18.7,Clear,31.64
2025-02-09T22:00,2025-02-09,22,-0.6,73,0.0,0.0,0.0,0.07,1,Mainly Clear,38,,11.1,22.3,Clear,30.92
2025-02-09T23:00,2025-02-09,23,-1.0,71,0.0,0.0,0.0,0.07,2,Partly Cloudy,69,,7.9,22.0,Cloudy,30.2
2025-02-10T00:00,2025-02-10,0,-1.7,74,0.0,0.0,0.0,0.07,3,Overcast,100,,6.5,15.1,Cloudy,28.94
2025-02-10T01:00,2025-02-10,1,-1.6,77,0.0,0.0,0.0,0.07,3,Overcast,100,,6.9,13.7,Cloudy,29.12
2025-02-10T02:00,2025-02-10,2,-1.5,77,0.0,0.0,0.0,0.07,3,Overcast,100,,7.7,15.5,Cloudy,29.3
2025-02-10T03:00,2025-02-10,3,-1.8,78,0.0,0.0,0.0,0.07,3,Overcast,100,,9.8,19.4,Cloudy,28.76
2025-02-10T04:00,2025-02-10,4,-2.4,78,0.0,0.0,0.0,0.07,3,Overcast,96,,11.9,24.5,Cloudy,27.68
2025-02-10T05:00,2025-02-10,5,-3.2,78,0.0,0.0,0.0,0.07,3,Overcast,91,,10.6,24.5,Cloudy,26.240000000000002
2025-02-10T06:00,2025-02-10,6,-4.2,79,0.0,0.0,0.0,0.07,2,Partly Cloudy,66,,6.9,21.6,Cloudy,24.439999999999998
2025-02-10T07:00,2025-02-10,7,-4.9,79,0.0,0.0,0.0,0.07,0,Clear,17,,6.7,14.4,Clear,23.18
2025-02-10T08:00,2025-02-10,8,-4.0,72,0.0,0.0,0.0,0.07,0,Clear,5,,5.4,10.8,Clear,24.8
2025-02-10T09:00,2025-02-10,9,-2.0,70,0.0,0.0,0.0,0.07,1,Mainly Clear,43,,5.0,11.2,Clear,28.4
2025-02-10T10:00,2025-02-10,10,-0.8,67,0.0,0.0,0.0,0.07,3,Overcast,100,,5.4,13.3,Cloudy,30.56
2025-02-10T11:00,2025-02-10,11,0.2,62,0.0,0.0,0.0,0.07,3,Overcast,100,,8.1,18.4,Cloudy,32.36
2025-02-10T12:00,2025-02-10,12,0.6,63,0.0,0.0,0.0,0.07,3,Overcast,100,,12.9,29.9,Cloudy,33.08
2025-02-10T13:00,2025-02-10,13,0.6,62,0.0,0.0,0.0,0.07,3,Overcast,93,,12.5,32.4,Cloudy,33.08
2025-02-10T14:00,2025-02-10,14,0.4,61,0.0,0.0,0.0,0.07,1,Mainly Clear,24,,11.4,31.3,Clear,32.72
2025-02-10T15:00,2025-02-10,15,0.2,58,0.0,0.0,0.0,0.07,0,Clear,0,,10.3,29.2,Clear,32.36
2025-02-10T16:00,2025-02-10,16,-0.3,62,0.0,0.0,0.0,0.07,0,Clear,0,,7.3,23.4,Clear,31.46
2025-02-10T17:00,2025-02-10,17,-2.3,66,0.0,0.0,0.0,0.07,0,Clear,0,,6.3,16.6,Clear,27.86
2025-02-10T18:00,2025-02-10,18,-3.5,68,0.0,0.0,0.0,0.07,0,Clear,0,,7.2,14.4,Clear,25.7
2025-02-10T19:00,2025-02-10,19,-3.8,68,0.0,0.0,0.0,0.07,0,Clear,0,,8.4,16.2,Clear,25.16
2025-02-10T20:00,2025-02-10,20,-3.3,66,0.0,0.0,0.0,0.07,3,Overcast,87,,8.9,18.4,Cloudy,26.060000000000002
2025-02-10T21:00,2025-02-10,21,-4.0,69,0.0,0.0,0.0,0.07,3,Overcast,92,,8.6,18.4,Cloudy,24.8
2025-02-10T22:00,2025-02-10,22,-5.2,73,0.0,0.0,0.0,0.07,3,Overcast,95,,6.1,16.9,Cloudy,22.64
2025-02-10T23:00,2025-02-10,23,-6.3,74,0.0,0.0,0.0,0.07,2,Partly Cloudy,54,,5.7,12.2,Cloudy,20.66
2025-02-11T00:00,2025-02-11,0,-7.2,75,0.0,0.0,0.0,0.07,1,Mainly Clear,32,,4.9,11.2,Clear,19.04
2025-02-11T01:00,2025-02-11,1,-7.4,75,0.0,0.0,0.0,0.07,1,Mainly Clear,48,,2.1,9.4,Clear,18.68
2025-02-11T02:00,2025-02-11,2,-7.8,77,0.0,0.0,0.0,0.07,2,Partly Cloudy,62,,1.2,5.0,Cloudy,17.96
2025-02-11T03:00,2025-02-11,3,-8.7,80,0.0,0.0,0.0,0.07,3,Overcast,94,,1.3,3.2,Cloudy,16.34
2025-02-11T04:00,2025-02-11,4,-9.2,83,0.0,0.0,0.0,0.07,3,Overcast,100,,1.6,4.0,Cloudy,15.440000000000001
2025-02-11T05:00,2025-02-11,5,-9.1,83,0.0,0.0,0.0,0.07,3,Overcast,100,,1.8,5.4,Cloudy,15.620000000000001
2025-02-11T06:00,2025-02-11,6,-9.1,83,0.0,0.0,0.0,0.07,3,Overcast,100,,1.5,4.7,Cloudy,15.620000000000001
2025-02-11T07:00,2025-02-11,7,-8.7,83,0.0,0.0,0.0,0.07,3,Overcast,100,,1.6,4.3,Cloudy,16.34
2025-02-11T08:00,2025-02-11,8,-6.8,81,0.0,0.0,0.0,0.07,3,Overcast,100,,2.3,6.5,Cloudy,19.76
2025-02-11T09:00,2025-02-11,9,-4.9,74,0.0,0.0,0.0,0.07,3,Overcast,100,,3.3,8.3,Cloudy,23.18
2025-02-11T10:00,2025-02-11,10,-3.1,69,0.0,0.0,0.0,0.07,3,Overcast,100,,1.5,8.3,Cloudy,26.42
2025-02-11T11:00,2025-02-11,11,-1.9,63,0.0,0.0,0.0,0.07,3,Overcast,100,,0.6,6.1,Cloudy,28.580000000000002
2025-02-11T12:00,2025-02-11,12,-0.9,57,0.0,0.0,0.0,0.07,3,Overcast,100,,2.2,7.9,Cloudy,30.38
2025-02-11T13:00,2025-02-11,13,-0.3,57,0.0,0.0,0.0,0.07,3,Overcast,100,,3.9,11.2,Cloudy,31.46
2025-02-11T14:00,2025-02-11,14,-0.2,60,0.0,0.0,0.0,0.07,3,Overcast,100,,4.9,13.0,Cloudy,31.64
2025-02-11T15:00,2025-02-11,15,-0.2,64,0.0,0.0,0.0,0.07,3,Overcast,100,,4.0,13.0,Cloudy,31.64
2025-02-11T16:00,2025-02-11,16,-0.2,70,0.0,0.0,0.0,0.07,3,Overcast,100,,2.4,10.8,Cloudy,31.64
2025-02-11T17:00,2025-02-11,17,-0.9,81,0.0,0.0,0.0,0.07,3,Overcast,100,,4.5,9.4,Cloudy,30.38
2025-02-11T18:00,2025-02-11,18,-1.5,87,0.1,0.0,0.07,0.07,71,Slight Snow,100,,4.2,9.7,Snow,29.3
2025-02-11T19:00,2025-02-11,19,-1.8,90,0.1,0.0,0.07,0.07,71,Slight Snow,100,,4.2,9.7,Snow,28.76
2025-02-11T20:00,2025-02-11,20,-1.4,86,0.2,0.0,0.14,0.07,71,Slight Snow,100,,3.6,7.6,Snow,29.48
2025-02-11T21:00,2025-02-11,21,-1.5,89,0.4,0.0,0.28,0.07,73,Moderate Snow,100,,3.3,7.6,Snow,29.3
2025-02-11T22:00,2025-02-11,22,-1.7,91,0.4,0.0,0.28,0.07,73,Moderate Snow,100,,4.3,8.6,Snow,28.94
2025-02-11T23:00,2025-02-11,23,-1.9,92,0.7,0.0,0.49,0.07,73,Moderate Snow,100,,5.2,10.1,Snow,28.580000000000002
2025-02-12T00:00,2025-02-12,0,-1.9,92,0.7,0.0,0.49,0.08,73,Moderate Snow,100,,6.2,12.2,Snow,28.580000000000002
2025-02-12T01:00,2025-02-12,1,-2.0,93,0.7,0.0,0.49,0.08,73,Moderate Snow,100,,7.5,15.5,Snow,28.4
2025-02-12T02:00,2025-02-12,2,-2.2,94,0.7,0.0,0.49,0.09,73,Moderate Snow,100,,7.7,15.8,Snow,28.04
2025-02-12T03:00,2025-02-12,3,-2.1,95,0.4,0.0,0.28,0.09,73,Moderate Snow,100,,10.3,20.9,Snow,28.22
2025-02-12T04:00,2025-02-12,4,-1.8,95,0.2,0.0,0.14,0.09,71,Slight Snow,100,,9.9,21.6,Snow,28.76
2025-02-12T05:00,2025-02-12,5,-1.6,95,0.0,0.0,0.0,0.09,3,Overcast,100,,9.9,20.5,Cloudy,29.12
2025-02-12T06:00,2025-02-12,6,-1.5,94,0.0,0.0,0.0,0.09,3,Overcast,100,,11.2,22.7,Cloudy,29.3
2025-02-12T07:00,2025-02-12,7,-1.4,92,0.1,0.0,0.07,0.09,71,Slight Snow,100,,10.5,23.4,Snow,29.48
2025-02-12T08:00,2025-02-12,8,-0.9,89,0.0,0.0,0.0,0.09,3,Overcast,100,,9.5,20.5,Cloudy,30.38
2025-02-12T09:00,2025-02-12,9,-0.3,86,0.0,0.0,0.0,0.09,3,Overcast,100,,9.9,22.0,Cloudy,31.46
2025-02-12T10:00,2025-02-12,10,0.2,85,0.0,0.0,0.0,0.09,3,Overcast,100,,9.7,23.4,Cloudy,32.36
2025-02-12T11:00,2025-02-12,11,0.4,83,0.0,0.0,0.0,0.09,3,Overcast,100,,8.5,20.9,Cloudy,32.72
2025-02-12T12:00,2025-02-12,12,0.3,82,0.0,0.0,0.0,0.09,3,Overcast,100,,13.0,28.1,Cloudy,32.54
2025-02-12T13:00,2025-02-12,13,0.2,82,0.0,0.0,0.0,0.09,3,Overcast,100,,12.2,29.5,Cloudy,32.36
2025-02-12T14:00,2025-02-12,14,0.2,81,0.0,0.0,0.0,0.09,3,Overcast,100,,10.4,26.3,Cloudy,32.36
2025-02-12T15:00,2025-02-12,15,0.0,81,0.0,0.0,0.0,0.09,3,Overcast,100,,10.3,23.0,Cloudy,32.0
2025-02-12T16:00,2025-02-12,16,-0.1,81,0.0,0.0,0.0,0.09,3,Overcast,100,,10.0,22.7,Cloudy,31.82
2025-02-12T17:00,2025-02-12,17,-0.2,83,0.0,0.0,0.0,0.09,3,Overcast,100,,8.5,21.6,Cloudy,31.64
2025-02-12T18:00,2025-02-12,18,-0.1,85,0.0,0.0,0.0,0.09,3,Overcast,100,,9.6,19.4,Cloudy,31.82
2025-02-12T19:00,2025-02-12,19,0.2,86,0.1,0.0,0.07,0.09,71,Slight Snow,100,,10.0,20.5,Snow,32.36
2025-02-12T20:00,2025-02-12,20,0.2,85,0.3,0.0,0.21,0.09,73,Moderate Snow,100,,10.1,22.0,Snow,32.36
2025-02-12T21:00,2025-02-12,21,0.2,88,0.3,0.0,0.21,0.09,73,Moderate Snow,100,,10.6,21.2,Snow,32.36
2025-02-12T22:00,2025-02-12,22,0.3,91,0.3,0.0,0.21,0.1,73,Moderate Snow,100,,10.5,23.4,Snow,32.54
2025-02-12T23:00,2025-02-12,23,0.6,94,0.2,0.0,0.14,0.1,71,Slight Snow,100,,9.3,21.6,Snow,33.08
2025-02-13T00:00,2025-02-13,0,0.9,95,0.5,0.5,0.0,0.1,53,Moderate Drizzle,100,,10.1,19.8,Rain,33.62
2025-02-13T01:00,2025-02-13,1,1.8,93,0.5,0.5,0.0,0.09,53,Moderate Drizzle,100,,12.1,24.1,Rain,35.24
2025-02-13T02:00,2025-02-13,2,2.4,93,0.5,0.5,0.0,0.09,53,Moderate Drizzle,100,,13.2,25.9,Rain,36.32
2025-02-13T03:00,2025-02-13,3,2.7,94,0.9,0.9,0.0,0.09,53,Moderate Drizzle,100,,11.7,27.0,Rain,36.86
2025-02-13T04:00,2025-02-13,4,2.5,96,1.2,1.2,0.0,0.09,55,Dense Drizzle,100,,11.2,23.0,Rain,36.5
2025-02-13T05:00,2025-02-13,5,2.6,97,1.1,1.1,0.0,0.08,55,Dense Drizzle,100,,8.4,22.0,Rain,36.68
2025-02-13T06:00,2025-02-13,6,2.7,98,0.6,0.6,0.0,0.08,53,Moderate Drizzle,100,,8.4,16.6,Rain,36.86
2025-02-13T07:00,2025-02-13,7,2.3,99,0.7,0.7,0.0,0.08,53,Moderate Drizzle,100,,5.7,16.6,Rain,36.14
2025-02-13T08:00,2025-02-13,8,1.9,98,0.2,0.2,0.0,0.08,51,Light Drizzle,100,,7.6,17.3,Rain,35.42
2025-02-13T09:00,2025-02-13,9,2.1,99,0.0,0.0,0.0,0.07,3,Overcast,100,,4.6,15.8,Cloudy,35.78
2025-02-13T10:00,2025-02-13,10,2.2,98,0.1,0.1,0.0,0.07,51,Light Drizzle,100,,2.2,9.4,Rain,35.96
2025-02-13T11:00,2025-02-13,11,3.0,99,0.1,0.1,0.0,0.07,51,Light Drizzle,100,,1.2,5.4,Rain,37.4
2025-02-13T12:00,2025-02-13,12,4.2,99,0.0,0.0,0.0,0.07,3,Overcast,100,,7.5,16.6,Cloudy,39.56
2025-02-13T13:00,2025-02-13,13,4.7,97,0.0,0.0,0.0,0.06,3,Overcast,100,,12.6,27.7,Cloudy,40.46
2025-02-13T14:00,2025-02-13,14,5.1,93,0.0,0.0,0.0,0.06,3,Overcast,100,,13.5,29.5,Cloudy,41.18
2025-02-13T15:00,2025-02-13,15,5.8,89,0.0,0.0,0.0,0.05,3,Overcast,97,,15.1,34.6,Cloudy,42.44
2025-02-13T16:00,2025-02-13,16,7.2,82,0.0,0.0,0.0,0.05,3,Overcast,91,,18.1,39.2,Cloudy,44.96
2025-02-13T17:00,2025-02-13,17,6.8,78,0.0,0.0,0.0,0.05,3,Overcast,100,,17.8,40.0,Cloudy,44.239999999999995
2025-02-13T18:00,2025-02-13,18,6.0,72,0.0,0.0,0.0,0.04,1,Mainly Clear,20,,19.4,41.8,Clear,42.8
2025-02-13T19:00,2025-02-13,19,4.6,69,0.0,0.0,0.0,0.04,3,Overcast,84,,16.6,44.6,Cloudy,40.28
2025-02-13T20:00,2025-02-13,20,3.8,68,0.0,0.0,0.0,0.04,0,Clear,15,,14.6,40.7,Clear,38.839999999999996
2025-02-13T21:00,2025-02-13,21,3.2,67,0.0,0.0,0.0,0.04,2,Partly Cloudy,64,,16.2,34.6,Cloudy,37.76
2025-02-13T22:00,2025-02-13,22,1.9,65,0.0,0.0,0.0,0.04,2,Partly Cloudy,68,,16.6,35.6,Cloudy,35.42
2025-02-13T23:00,2025-02-13,23,0.8,65,0.0,0.0,0.0,0.04,1,Mainly Clear,25,,16.8,39.2,Clear,33.44
2025-02-14T00:00,2025-02-14,0,-0.3,67,0.0,0.0,0.0,0.04,0,Clear,11,,15.2,37.4,Clear,31.46
2025-02-14T01:00,2025-02-14,1,-0.9,67,0.0,0.0,0.0,0.04,0,Clear,1,,15.8,34.2,Clear,30.38
2025-02-14T02:00,2025-02-14,2,-1.2,65,0.0,0.0,0.0,0.04,0,Clear,1,,17.5,38.5,Clear,29.84
2025-02-14T03:00,2025-02-14,3,-1.6,63,0.0,0.0,0.0,0.04,0,Clear,7,,16.6,38.5,Clear,29.12
2025-02-14T04:00,2025-02-14,4,-2.2,61,0.0,0.0,0.0,0.04,1,Mainly Clear,28,,15.0,36.0,Clear,28.04
2025-02-14T05:00,2025-02-14,5,-2.5,61,0.0,0.0,0.0,0.04,0,Clear,18,,14.9,32.4,Clear,27.5
2025-02-14T06:00,2025-02-14,6,-2.5,63,0.0,0.0,0.0,0.04,0,Clear,12,,15.9,34.2,Clear,27.5
2025-02-14T07:00,2025-02-14,7,-2.4,64,0.0,0.0,0.0,0.04,0,Clear,1,,15.8,35.3,Clear,27.68
2025-02-14T08:00,2025-02-14,8,-0.9,47,0.0,0.0,0.0,0.04,0,Clear,0,,16.1,35.6,Clear,30.38
2025-02-14T09:00,2025-02-14,9,-0.3,43,0.0,0.0,0.0,0.04,0,Clear,0,,16.5,37.4,Clear,31.46
2025-02-14T10:00,2025-02-14,10,-0.2,43,0.0,0.0,0.0,0.04,0,Clear,3,,16.5,40.3,Clear,31.64
2025-02-14T11:00,2025-02-14,11,0.3,44,0.0,0.0,0.0,0.04,0,Clear,13,,16.9,42.5,Clear,32.54
2025-02-14T12:00,2025-02-14,12,1.0,42,0.0,0.0,0.0,0.04,3,Overcast,96,,19.2,45.7,Cloudy,33.8
2025-02-14T13:00,2025-02-14,13,0.9,44,0.0,0.0,0.0,0.04,0,Clear,0,,16.0,45.7,Clear,33.62
2025-02-14T14:00,2025-02-14,14,0.9,44,0.0,0.0,0.0,0.04,0,Clear,1,,16.2,41.0,Clear,33.62
2025-02-14T15:00,2025-02-14,15,0.4,45,0.0,0.0,0.0,0.04,1,Mainly Clear,29,,15.1,39.2,Clear,32.72
2025-02-14T16:00,2025-02-14,16,-0.2,46,0.0,0.0,0.0,0.04,2,Partly Cloudy,67,,15.2,36.0,Cloudy,31.64
2025-02-14T17:00,2025-02-14,17,-1.3,52,0.0,0.0,0.0,0.04,3,Overcast,92,,10.9,34.9,Cloudy,29.66
2025-02-14T18:00,2025-02-14,18,-2.5,57,0.0,0.0,0.0,0.04,3,Overcast,98,,8.4,24.1,Cloudy,27.5
2025-02-14T19:00,2025-02-14,19,-3.2,61,0.0,0.0,0.0,0.04,3,Overcast,100,,5.6,17.3,Cloudy,26.240000000000002
2025-02-14T20:00,2025-02-14,20,-2.8,61,0.0,0.0,0.0,0.04,3,Overcast,100,,4.2,9.7,Cloudy,26.96
2025-02-14T21:00,2025-02-14,21,-2.7,56,0.0,0.0,0.0,0.04,3,Overcast,100,,6.4,12.6,Cloudy,27.14
2025-02-14T22:00,2025-02-14,22,-3.0,59,0.0,0.0,0.0,0.04,3,Overcast,100,,4.8,14.0,Cloudy,26.6
2025-02-14T23:00,2025-02-14,23,-2.8,57,0.0,0.0,0.0,0.04,3,Overcast,100,,5.3,10.8,Cloudy,26.96
2025-02-15T00:00,2025-02-15,0,-2.9,56,0.0,0.0,0.0,0.04,3,Overcast,100,,5.5,11.5,Cloudy,26.78
2025-02-15T01:00,2025-02-15,1,-3.0,53,0.0,0.0,0.0,0.04,3,Overcast,100,,6.0,12.6,Cloudy,26.6
2025-02-15T02:00,2025-02-15,2,-3.2,50,0.0,0.0,0.0,0.04,3,Overcast,100,,4.7,12.6,Cloudy,26.240000000000002
2025-02-15T03:00,2025-02-15,3,-3.2,49,0.0,0.0,0.0,0.04,3,Overcast,100,,3.5,9.0,Cloudy,26.240000000000002
2025-02-15T04:00,2025-02-15,4,-3.3,49,0.0,0.0,0.0,0.04,3,Overcast,100,,3.6,7.9,Cloudy,26.060000000000002
2025-02-15T05:00,2025-02-15,5,-3.6,51,0.0,0.0,0.0,0.04,3,Overcast,100,,4.6,10.1,Cloudy,25.52
2025-02-15T06:00,2025-02-15,6,-3.7,52,0.0,0.0,0.0,0.04,3,Overcast,100,,3.9,10.1,Cloudy,25.34
2025-02-15T07:00,2025-02-15,7,-4.0,54,0.0,0.0,0.0,0.04,3,Overcast,100,,1.9,9.0,Cloudy,24.8
2025-02-15T08:00,2025-02-15,8,-3.0,52,0.0,0.0,0.0,0.04,3,Overcast,100,,3.6,10.8,Cloudy,26.6
2025-02-15T09:00,2025-02-15,9,-1.4,48,0.0,0.0,0.0,0.04,3,Overcast,100,,4.4,14.8,Cloudy,29.48
2025-02-15T10:00,2025-02-15,10,0.2,52,0.0,0.0,0.0,0.04,3,Overcast,100,,7.7,21.2,Cloudy,32.36
2025-02-15T11:00,2025-02-15,11,0.6,56,0.0,0.0,0.0,0.04,3,Overcast,100,,10.8,26.3,Cloudy,33.08
2025-02-15T12:00,2025-02-15,12,1.3,59,0.0,0.0,0.0,0.04,3,Overcast,100,,12.5,30.6,Cloudy,34.34
2025-02-15T13:00,2025-02-15,13,1.7,63,0.0,0.0,0.0,0.04,3,Overcast,100,,12.7,31.3,Cloudy,35.06
2025-02-15T14:00,2025-02-15,14,1.2,72,0.3,0.0,0.21,0.04,73,Moderate Snow,100,,12.1,31.0,Snow,34.16
2025-02-15T15:00,2025-02-15,15,1.2,81,0.6,0.0,0.42,0.04,73,Moderate Snow,100,,9.1,27.0,Snow,34.16
2025-02-15T16:00,2025-02-15,16,1.1,85,0.5,0.0,0.35,0.05,73,Moderate Snow,100,,10.6,23.0,Snow,33.98
2025-02-15T17:00,2025-02-15,17,0.8,92,0.6,0.0,0.42,0.05,73,Moderate Snow,100,,9.7,23.0,Snow,33.44
2025-02-15T18:00,2025-02-15,18,0.6,96,0.6,0.0,0.42,0.05,73,Moderate Snow,100,,10.1,21.2,Snow,33.08
2025-02-15T19:00,2025-02-15,19,0.6,99,0.6,0.1,0.35,0.06,73,Moderate Snow,100,,7.9,23.4,Snow,33.08
2025-02-15T20:00,2025-02-15,20,0.4,96,1.0,1.0,0.0,0.06,55,Dense Drizzle,100,,6.8,13.0,Rain,32.72
2025-02-15T21:00,2025-02-15,21,0.6,96,1.2,1.2,0.0,0.06,55,Dense Drizzle,100,,9.5,18.0,Rain,33.08
2025-02-15T22:00,2025-02-15,22,0.8,97,1.5,1.5,0.0,0.06,61,Slight Rain,100,,8.5,19.1,Rain,33.44
2025-02-15T23:00,2025-02-15,23,0.9,97,1.6,1.6,0.0,0.06,61,Slight Rain,100,,9.8,19.1,Rain,33.62
2025-02-16T00:00,2025-02-16,0,1.3,96,1.0,1.0,0.0,0.06,55,Dense Drizzle,100,,9.5,19.4,Rain,34.34
2025-02-16T01:00,2025-02-16,1,1.5,98,0.7,0.7,0.0,0.06,53,Moderate Drizzle,100,,8.9,19.1,Rain,34.7
2025-02-16T02:00,2025-02-16,2,1.6,99,0.9,0.9,0.0,0.06,53,Moderate Drizzle,100,,8.8,17.3,Rain,34.88
2025-02-16T03:00,2025-02-16,3,1.4,100,1.0,1.0,0.0,0.06,55,Dense Drizzle,100,,8.7,18.4,Rain,34.52
2025-02-16T04:00,2025-02-16,4,1.4,100,0.2,0.2,0.0,0.06,51,Light Drizzle,100,,7.7,17.6,Rain,34.52
2025-02-16T05:00,2025-02-16,5,1.5,99,0.4,0.4,0.0,0.06,51,Light Drizzle,100,,8.8,17.6,Rain,34.7
2025-02-16T06:00,2025-02-16,6,1.6,99,0.8,0.8,0.0,0.06,53,Moderate Drizzle,100,,10.3,20.2,Rain,34.88
2025-02-16T07:00,2025-02-16,7,1.8,100,1.9,1.9,0.0,0.06,61,Slight Rain,100,,10.1,39.6,Rain,35.24
2025-02-16T08:00,2025-02-16,8,1.0,98,0.6,0.6,0.0,0.05,53,Moderate Drizzle,100,,11.5,27.0,Rain,33.8
2025-02-16T09:00,2025-02-16,9,1.3,98,0.2,0.2,0.0,0.05,51,Light Drizzle,100,,11.5,23.4,Rain,34.34
2025-02-16T10:00,2025-02-16,10,2.1,98,0.3,0.3,0.0,0.05,51,Light Drizzle,100,,12.5,24.8,Rain,35.78
2025-02-16T11:00,2025-02-16,11,3.3,99,0.4,0.4,0.0,0.05,51,Light Drizzle,100,,8.4,24.8,Rain,37.94
2025-02-16T12:00,2025-02-16,12,4.2,99,1.7,1.7,0.0,0.05,61,Slight Rain,100,,7.0,36.0,Rain,39.56
2025-02-16T13:00,2025-02-16,13,4.7,99,3.6,3.6,0.0,0.05,63,Moderate Rain,100,,10.0,39.6,Rain,40.46
2025-02-16T14:00,2025-02-16,14,2.8,99,4.6,4.6,0.0,0.04,63,Moderate Rain,100,,11.8,41.8,Rain,37.04
2025-02-16T15:00,2025-02-16,15,4.2,95,0.2,0.2,0.0,0.04,51,Light Drizzle,100,,5.3,22.7,Rain,39.56
2025-02-16T16:00,2025-02-16,16,4.1,97,0.5,0.5,0.0,0.04,53,Moderate Drizzle,100,,6.2,14.4,Rain,39.38
2025-02-16T17:00,2025-02-16,17,3.8,99,1.5,1.5,0.0,0.03,61,Slight Rain,100,,2.1,23.8,Rain,38.839999999999996
2025-02-16T18:00,2025-02-16,18,6.7,95,1.0,1.0,0.0,0.03,55,Dense Drizzle,100,,19.3,32.0,Rain,44.06
2025-02-16T19:00,2025-02-16,19,7.4,88,0.0,0.0,0.0,0.02,3,Overcast,86,,28.7,62.3,Cloudy,45.32
2025-02-16T20:00,2025-02-16,20,4.8,85,0.0,0.0,0.0,0.02,1,Mainly Clear,34,,26.8,59.0,Clear,40.64
2025-02-16T21:00,2025-02-16,21,4.3,79,0.0,0.0,0.0,0.02,3,Overcast,85,,26.5,59.0,Cloudy,39.74
2025-02-16T22:00,2025-02-16,22,3.2,71,0.0,0.0,0.0,0.02,3,Overcast,92,,24.8,61.2,Cloudy,37.76
2025-02-16T23:00,2025-02-16,23,0.9,66,0.0,0.0,0.0,0.02,2,Partly Cloudy,66,,25.5,57.6,Cloudy,33.62
2025-02-17T00:00,2025-02-17,0,-0.4,66,0.0,0.0,0.0,0.02,1,Mainly Clear,49,,23.6,59.0,Clear,31.28
2025-02-17T01:00,2025-02-17,1,-1.4,63,0.0,0.0,0.0,0.02,0,Clear,19,,18.7,57.2,Clear,29.48
2025-02-17T02:00,2025-02-17,2,-2.0,62,0.0,0.0,0.0,0.02,1,Mainly Clear,25,,14.9,47.9,Clear,28.4
2025-02-17T03:00,2025-02-17,3,-2.1,63,0.0,0.0,0.0,0.02,2,Partly Cloudy,59,,17.4,39.6,Cloudy,28.22
2025-02-17T04:00,2025-02-17,4,-2.5,58,0.0,0.0,0.0,0.02,2,Partly Cloudy,51,,19.5,46.4,Cloudy,27.5
2025-02-17T05:00,2025-02-17,5,-3.2,57,0.0,0.0,0.0,0.02,2,Partly Cloudy,53,,18.6,46.8,Cloudy,26.240000000000002
2025-02-17T06:00,2025-02-17,6,-3.5,56,0.0,0.0,0.0,0.02,3,Overcast,93,,18.7,47.2,Cloudy,25.7
2025-02-17T07:00,2025-02-17,7,-3.3,55,0.0,0.0,0.0,0.02,2,Partly Cloudy,76,,19.0,46.4,Cloudy,26.060000000000002
2025-02-17T08:00,2025-02-17,8,-1.2,50,0.0,0.0,0.0,0.02,3,Overcast,96,,17.6,45.0,Cloudy,29.84
2025-02-17T09:00,2025-02-17,9,-0.9,48,0.0,0.0,0.0,0.02,3,Overcast,90,,24.6,57.2,Cloudy,30.38
2025-02-17T10:00,2025-02-17,10,-0.7,48,0.0,0.0,0.0,0.02,3,Overcast,100,,25.1,59.8,Cloudy,30.74
2025-02-17T11:00,2025-02-17,11,-0.7,45,0.0,0.0,0.0,0.02,3,Overcast,81,,27.2,66.2,Cloudy,30.74
2025-02-17T12:00,2025-02-17,12,-0.4,42,0.0,0.0,0.0,0.02,3,Overcast,97,,26.8,64.8,Cloudy,31.28
2025-02-17T13:00,2025-02-17,13,-0.2,40,0.0,0.0,0.0,0.02,2,Partly Cloudy,51,,26.6,63.7,Cloudy,31.64
2025-02-17T14:00,2025-02-17,14,-0.1,40,0.0,0.0,0.0,0.02,3,Overcast,84,,25.8,63.4,Cloudy,31.82
2025-02-17T15:00,2025-02-17,15,-0.4,41,0.0,0.0,0.0,0.02,2,Partly Cloudy,60,,24.7,61.9,Cloudy,31.28
2025-02-17T16:00,2025-02-17,16,-1.1,43,0.0,0.0,0.0,0.02,3,Overcast,100,,23.3,56.9,Cloudy,30.02
2025-02-17T17:00,2025-02-17,17,-1.8,45,0.0,0.0,0.0,0.02,1,Mainly Clear,23,,18.2,61.9,Clear,28.76
2025-02-17T18:00,2025-02-17,18,-2.5,46,0.0,0.0,0.0,0.02,1,Mainly Clear,20,,17.7,42.1,Clear,27.5
2025-02-17T19:00,2025-02-17,19,-3.0,47,0.0,0.0,0.0,0.02,0,Clear,18,,18.4,43.9,Clear,26.6
2025-02-17T20:00,2025-02-17,20,-1.5,42,0.0,0.0,0.0,0.02,0,Clear,5,,18.4,46.1,Clear,29.3
2025-02-17T21:00,2025-02-17,21,-2.0,44,0.0,0.0,0.0,0.02,0,Clear,8,,15.8,41.8,Clear,28.4
2025-02-17T22:00,2025-02-17,22,-2.5,46,0.0,0.0,0.0,0.02,0,Clear,14,,11.9,35.3,Clear,27.5
2025-02-17T23:00,2025-02-17,23,-3.1,47,0.0,0.0,0.0,0.02,0,Clear,17,,9.6,26.6,Clear,26.42
2025-02-18T00:00,2025-02-18,0,-3.8,43,0.0,0.0,0.0,0.02,1,Mainly Clear,28,,10.5,24.8,Clear,25.16
2025-02-18T01:00,2025-02-18,1,-4.6,41,0.0,0.0,0.0,0.02,0,Clear,6,,13.9,32.0,Clear,23.72
2025-02-18T02:00,2025-02-18,2,-5.7,43,0.0,0.0,0.0,0.02,0,Clear,5,,14.2,33.1,Clear,21.74
2025-02-18T03:00,2025-02-18,3,-6.4,45,0.0,0.0,0.0,0.02,1,Mainly Clear,27,,12.1,33.1,Clear,20.48
2025-02-18T04:00,2025-02-18,4,-6.9,47,0.0,0.0,0.0,0.02,0,Clear,12,,11.2,28.1,Clear,19.58
2025-02-18T05:00,2025-02-18,5,-7.4,48,0.0,0.0,0.0,0.02,0,Clear,7,,15.0,33.8,Clear,18.68
2025-02-18T06:00,2025-02-18,6,-7.8,45,0.0,0.0,0.0,0.02,0,Clear,0,,17.4,40.7,Clear,17.96
2025-02-18T07:00,2025-02-18,7,-8.4,41,0.0,0.0,0.0,0.02,0,Clear,1,,16.4,41.0,Clear,16.88
2025-02-18T08:00,2025-02-18,8,-6.9,30,0.0,0.0,0.0,0.02,0,Clear,0,,18.1,43.9,Clear,19.58
2025-02-18T09:00,2025-02-18,9,-6.3,28,0.0,0.0,0.0,0.02,0,Clear,0,,18.7,45.0,Clear,20.66
2025-02-18T10:00,2025-02-18,10,-5.6,26,0.0,0.0,0.0,0.02,0,Clear,0,,18.7,47.2,Clear,21.92
2025-02-18T11:00,2025-02-18,11,-4.8,26,0.0,0.0,0.0,0.02,0,Clear,4,,20.1,50.0,Clear,23.36
2025-02-18T12:00,2025-02-18,12,-4.0,25,0.0,0.0,0.0,0.02,3,Overcast,88,,20.5,52.9,Cloudy,24.8
2025-02-18T13:00,2025-02-18,13,-3.5,25,0.0,0.0,0.0,0.02,2,Partly Cloudy,76,,20.5,52.2,Cloudy,25.7
2025-02-18T14:00,2025-02-18,14,-3.0,25,0.0,0.0,0.0,0.02,0,Clear,11,,20.3,51.1,Clear,26.6
2025-02-18T15:00,2025-02-18,15,-3.0,26,0.0,0.0,0.0,0.02,2,Partly Cloudy,70,,18.7,49.3,Cloudy,26.6
2025-02-18T16:00,2025-02-18,16,-3.4,26,0.0,0.0,0.0,0.02,2,Partly Cloudy,60,,18.9,46.8,Cloudy,25.880000000000003
2025-02-18T17:00,2025-02-18,17,-4.4,30,0.0,0.0,0.0,0.02,0,Clear,19,,17.6,44.6,Clear,24.08
2025-02-18T18:00,2025-02-18,18,-5.2,31,0.0,0.0,0.0,0.02,0,Clear,0,,16.1,39.6,Clear,22.64
2025-02-18T19:00,2025-02-18,19,-5.7,32,0.0,0.0,0.0,0.02,0,Clear,0,,15.7,37.1,Clear,21.74
2025-02-18T20:00,2025-02-18,20,-5.4,39,0.0,0.0,0.0,0.02,0,Clear,0,,16.8,38.5,Clear,22.28
2025-02-18T21:00,2025-02-18,21,-5.7,39,0.0,0.0,0.0,0.02,0,Clear,2,,16.3,38.5,Clear,21.74
2025-02-18T22:00,2025-02-18,22,-6.0,41,0.0,0.0,0.0,0.02,0,Clear,10,,14.4,36.7,Clear,21.2
2025-02-18T23:00,2025-02-18,23,-6.4,42,0.0,0.0,0.0,0.02,1,Mainly Clear,20,,14.6,33.5,Clear,20.48
2025-02-19T00:00,2025-02-19,0,-7.0,38,0.0,0.0,0.0,0.02,0,Clear,0,,14.7,33.8,Clear,19.4
2025-02-19T01:00,2025-02-19,1,-7.6,39,0.0,0.0,0.0,0.02,1,Mainly Clear,24,,14.0,33.5,Clear,18.32
2025-02-19T02:00,2025-02-19,2,-8.0,41,0.0,0.0,0.0,0.02,0,Clear,7,,12.8,31.7,Clear,17.6
2025-02-19T03:00,2025-02-19,3,-8.4,43,0.0,0.0,0.0,0.02,1,Mainly Clear,29,,11.6,28.8,Clear,16.88
2025-02-19T04:00,2025-02-19,4,-8.8,46,0.0,0.0,0.0,0.02,1,Mainly Clear,44,,10.7,25.6,Clear,16.16
2025-02-19T05:00,2025-02-19,5,-9.0,48,0.0,0.0,0.0,0.02,1,Mainly Clear,41,,10.7,23.8,Clear,15.8
2025-02-19T06:00,2025-02-19,6,-9.1,50,0.0,0.0,0.0,0.02,3,Overcast,87,,11.6,26.3,Cloudy,15.620000000000001
2025-02-19T07:00,2025-02-19,7,-9.2,52,0.0,0.0,0.0,0.02,3,Overcast,99,,12.1,26.6,Cloudy,15.440000000000001
2025-02-19T08:00,2025-02-19,8,-7.2,47,0.0,0.0,0.0,0.02,3,Overcast,100,,13.0,32.0,Cloudy,19.04
2025-02-19T09:00,2025-02-19,9,-5.9,44,0.0,0.0,0.0,0.02,3,Overcast,100,,15.2,36.7,Cloudy,21.38
2025-02-19T10:00,2025-02-19,10,-4.4,39,0.0,0.0,0.0,0.02,3,Overcast,100,,16.5,42.5,Cloudy,24.08
2025-02-19T11:00,2025-02-19,11,-3.2,37,0.0,0.0,0.0,0.02,3,Overcast,97,,13.8,40.7,Cloudy,26.240000000000002
2025-02-19T12:00,2025-02-19,12,-2.0,34,0.0,0.0,0.0,0.02,3,Overcast,100,,13.1,36.7,Cloudy,28.4
2025-02-19T13:00,2025-02-19,13,-1.3,37,0.0,0.0,0.0,0.02,3,Overcast,100,,12.4,35.6,Cloudy,29.66
2025-02-19T14:00,2025-02-19,14,-1.1,41,0.0,0.0,0.0,0.02,3,Overcast,100,,12.6,33.8,Cloudy,30.02
2025-02-19T15:00,2025-02-19,15,-1.1,43,0.0,0.0,0.0,0.02,3,Overcast,100,,11.7,33.5,Cloudy,30.02
2025-02-19T16:00,2025-02-19,16,-1.7,46,0.0,0.0,0.0,0.02,3,Overcast,100,,12.2,30.6,Cloudy,28.94
2025-02-19T17:00,2025-02-19,17,-2.4,49,0.0,0.0,0.0,0.02,3,Overcast,100,,11.3,29.5,Cloudy,27.68
2025-02-19T18:00,2025-02-19,18,-3.2,54,0.0,0.0,0.0,0.02,1,Mainly Clear,29,,10.0,25.6,Clear,26.240000000000002
2025-02-19T19:00,2025-02-19,19,-3.9,56,0.0,0.0,0.0,0.02,1,Mainly Clear,20,,9.8,23.0,Clear,24.98
2025-02-19T20:00,2025-02-19,20,-3.8,60,0.0,0.0,0.0,0.02,0,Clear,0,,7.8,19.8,Clear,25.16
2025-02-19T21:00,2025-02-19,21,-4.2,62,0.0,0.0,0.0,0.02,0,Clear,10,,8.7,19.1,Clear,24.439999999999998
2025-02-19T22:00,2025-02-19,22,-4.8,62,0.0,0.0,0.0,0.02,3,Overcast,94,,9.0,20.5,Cloudy,23.36
2025-02-19T23:00,2025-02-19,23,-5.2,63,0.0,0.0,0.0,0.02,3,Overcast,96,,8.6,19.8,Cloudy,22.64
2025-02-20T00:00,2025-02-20,0,-5.7,62,0.0,0.0,0.0,0.02,2,Partly Cloudy,70,,9.2,20.9,Cloudy,21.74
2025-02-20T01:00,2025-02-20,1,-6.2,61,0.0,0.0,0.0,0.02,3,Overcast,100,,9.7,21.6,Cloudy,20.84
2025-02-20T02:00,2025-02-20,2,-6.6,61,0.0,0.0,0.0,0.02,1,Mainly Clear,29,,8.4,22.0,Clear,20.12
2025-02-20T03:00,2025-02-20,3,-6.9,62,0.0,0.0,0.0,0.02,0,Clear,0,,7.6,19.4,Clear,19.58
2025-02-20T04:00,2025-02-20,4,-7.3,63,0.0,0.0,0.0,0.02,3,Overcast,94,,7.8,18.0,Cloudy,18.86
2025-02-20T05:00,2025-02-20,5,-7.7,64,0.0,0.0,0.0,0.02,0,Clear,0,,8.0,18.4,Clear,18.14
2025-02-20T06:00,2025-02-20,6,-8.2,65,0.0,0.0,0.0,0.02,0,Clear,0,,7.8,18.0,Clear,17.240000000000002
2025-02-20T07:00,2025-02-20,7,-8.6,66,0.0,0.0,0.0,0.02,0,Clear,0,,7.2,17.3,Clear,16.520000000000003
2025-02-20T08:00,2025-02-20,8,-6.8,57,0.0,0.0,0.0,0.02,0,Clear,1,,6.5,16.9,Clear,19.76
2025-02-20T09:00,2025-02-20,9,-5.6,52,0.0,0.0,0.0,0.02,0,Clear,1,,9.3,25.9,Clear,21.92
2025-02-20T10:00,2025-02-20,10,-4.1,47,0.0,0.0,0.0,0.02,2,Partly Cloudy,78,,9.9,28.8,Cloudy,24.62
2025-02-20T11:00,2025-02-20,11,-2.5,42,0.0,0.0,0.0,0.02,2,Partly Cloudy,51,,9.7,29.5,Cloudy,27.5
2025-02-20T12:00,2025-02-20,12,-1.0,41,0.0,0.0,0.0,0.02,3,Overcast,100,,11.7,32.8,Cloudy,30.2
2025-02-20T13:00,2025-02-20,13,-1.3,45,0.0,0.0,0.0,0.02,3,Overcast,100,,11.1,32.4,Cloudy,29.66
2025-02-20T14:00,2025-02-20,14,-1.5,49,0.0,0.0,0.0,0.01,3,Overcast,100,,12.5,31.3,Cloudy,29.3
2025-02-20T15:00,2025-02-20,15,-2.2,54,0.1,0.0,0.07,0.02,71,Slight Snow,100,,14.4,34.9,Snow,28.04
2025-02-20T16:00,2025-02-20,16,-2.9,57,0.1,0.0,0.07,0.02,71,Slight Snow,100,,16.0,37.1,Snow,26.78
2025-02-20T17:00,2025-02-20,17,-3.3,59,0.1,0.0,0.07,0.02,71,Slight Snow,100,,16.7,38.9,Snow,26.060000000000002
2025-02-20T18:00,2025-02-20,18,-4.0,61,0.1,0.0,0.07,0.02,71,Slight Snow,100,,17.0,38.9,Snow,24.8
2025-02-20T19:00,2025-02-20,19,-4.4,60,0.1,0.0,0.07,0.02,71,Slight Snow,100,,17.8,39.6,Snow,24.08
2025-02-20T20:00,2025-02-20,20,-4.3,61,0.2,0.0,0.14,0.02,71,Slight Snow,100,,16.2,36.0,Snow,24.26
2025-02-20T21:00,2025-02-20,21,-4.6,61,0.1,0.0,0.07,0.02,71,Slight Snow,100,,16.7,38.2,Snow,23.72
2025-02-20T22:00,2025-02-20,22,-4.8,60,0.1,0.0,0.07,0.02,71,Slight Snow,100,,19.3,43.6,Snow,23.36
2025-02-20T23:00,2025-02-20,23,-5.4,57,0.0,0.0,0.0,0.02,3,Overcast,96,,20.6,46.1,Cloudy,22.28
2025-02-21T00:00,2025-02-21,0,-5.9,58,0.0,0.0,0.0,0.02,3,Overcast,85,,19.3,45.4,Cloudy,21.38
2025-02-21T01:00,2025-02-21,1,-6.2,59,0.0,0.0,0.0,0.02,3,Overcast,81,,19.0,43.6,Cloudy,20.84
2025-02-21T02:00,2025-02-21,2,-6.3,61,0.0,0.0,0.0,0.02,1,Mainly Clear,45,,17.6,43.2,Clear,20.66
2025-02-21T03:00,2025-02-21,3,-6.3,62,0.0,0.0,0.0,0.02,1,Mainly Clear,29,,15.3,39.6,Clear,20.66
2025-02-21T04:00,2025-02-21,4,-6.3,63,0.0,0.0,0.0,0.02,1,Mainly Clear,20,,13.5,34.2,Clear,20.66
2025-02-21T05:00,2025-02-21,5,-6.2,64,0.0,0.0,0.0,0.02,1,Mainly Clear,42,,13.7,31.3,Clear,20.84
2025-02-21T06:00,2025-02-21,6,-6.1,63,0.0,0.0,0.0,0.02,1,Mainly Clear,23,,14.7,32.4,Clear,21.02
2025-02-21T07:00,2025-02-21,7,-6.2,63,0.0,0.0,0.0,0.02,1,Mainly Clear,34,,16.8,37.4,Clear,20.84
2025-02-21T08:00,2025-02-21,8,-4.4,55,0.0,0.0,0.0,0.02,2,Partly Cloudy,79,,16.5,42.5,Cloudy,24.08
2025-02-21T09:00,2025-02-21,9,-3.5,52,0.0,0.0,0.0,0.02,2,Partly Cloudy,72,,19.0,45.7,Cloudy,25.7
2025-02-21T10:00,2025-02-21,10,-2.5,48,0.0,0.0,0.0,0.02,1,Mainly Clear,33,,19.1,50.0,Clear,27.5
2025-02-21T11:00,2025-02-21,11,-1.5,43,0.0,0.0,0.0,0.02,0,Clear,9,,18.3,47.9,Clear,29.3
2025-02-21T12:00,2025-02-21,12,-0.8,44,0.0,0.0,0.0,0.02,0,Clear,12,,18.5,46.4,Clear,30.56
2025-02-21T13:00,2025-02-21,13,-0.3,45,0.0,0.0,0.0,0.02,0,Clear,2,,20.0,48.6,Clear,31.46
2025-02-21T14:00,2025-02-21,14,-0.2,47,0.0,0.0,0.0,0.02,0,Clear,2,,20.1,49.0,Clear,31.64
2025-02-21T15:00,2025-02-21,15,-0.8,49,0.0,0.0,0.0,0.02,0,Clear,0,,20.4,48.6,Clear,30.56
2025-02-21T16:00,2025-02-21,16,-1.9,52,0.0,0.0,0.0,0.02,0,Clear,2,,19.8,48.2,Clear,28.580000000000002
2025-02-21T17:00,2025-02-21,17,-3.2,56,0.0,0.0,0.0,0.02,0,Clear,13,,17.8,45.7,Clear,26.240000000000002
2025-02-21T18:00,2025-02-21,18,-4.3,59,0.0,0.0,0.0,0.02,0,Clear,4,,15.7,39.6,Clear,24.26
2025-02-21T19:00,2025-02-21,19,-4.9,60,0.0,0.0,0.0,0.02,0,Clear,4,,14.9,34.9,Clear,23.18
2025-02-21T20:00,2025-02-21,20,-2.8,48,0.0,0.0,0.0,0.02,0,Clear,0,,15.9,33.8,Clear,26.96
2025-02-21T21:00,2025-02-21,21,-3.8,51,0.0,0.0,0.0,0.02,0,Clear,0,,17.1,38.2,Clear,25.16
2025-02-21T22:00,2025-02-21,22,-4.8,55,0.0,0.0,0.0,0.02,0,Clear,0,,16.1,37.8,Clear,23.36
2025-02-21T23:00,2025-02-21,23,-5.6,58,0.0,0.0,0.0,0.02,0,Clear,0,,15.0,35.6,Clear,21.92
2025-02-22T00:00,2025-02-22,0,-6.3,60,0.0,0.0,0.0,0.02,0,Clear,1,,14.0,33.5,Clear,20.66
2025-02-22T01:00,2025-02-22,1,-6.8,61,0.0,0.0,0.0,0.02,0,Clear,10,,12.9,31.0,Clear,19.76
2025-02-22T02:00,2025-02-22,2,-7.2,63,0.0,0.0,0.0,0.02,1,Mainly Clear,23,,11.2,28.1,Clear,19.04
2025-02-22T03:00,2025-02-22,3,-7.3,65,0.0,0.0,0.0,0.02,1,Mainly Clear,27,,9.4,24.8,Clear,18.86
2025-02-22T04:00,2025-02-22,4,-7.2,66,0.0,0.0,0.0,0.02,0,Clear,12,,8.2,19.8,Clear,19.04
2025-02-22T05:00,2025-02-22,5,-7.2,67,0.0,0.0,0.0,0.02,2,Partly Cloudy,78,,6.8,17.3,Cloudy,19.04
2025-02-22T06:00,2025-02-22,6,-7.3,69,0.0,0.0,0.0,0.02,1,Mainly Clear,43,,5.9,14.0,Clear,18.86
2025-02-22T07:00,2025-02-22,7,-7.3,70,0.0,0.0,0.0,0.02,0,Clear,7,,6.5,12.6,Clear,18.86
2025-02-22T08:00,2025-02-22,8,-4.7,55,0.0,0.0,0.0,0.02,0,Clear,0,,5.7,15.5,Clear,23.54
2025-02-22T09:00,2025-02-22,9,-2.8,50,0.0,0.0,0.0,0.02,0,Clear,0,,6.5,20.2,Clear,26.96
2025-02-22T10:00,2025-02-22,10,-1.2,45,0.0,0.0,0.0,0.02,0,Clear,0,,6.8,22.7,Clear,29.84
2025-02-22T11:00,2025-02-22,11,0.4,43,0.0,0.0,0.0,0.02,0,Clear,0,,7.0,23.8,Clear,32.72
2025-02-22T12:00,2025-02-22,12,1.6,46,0.0,0.0,0.0,0.02,0,Clear,0,,6.0,23.4,Clear,34.88
2025-02-22T13:00,2025-02-22,13,2.5,47,0.0,0.0,0.0,0.02,0,Clear,0,,5.6,21.2,Clear,36.5
2025-02-22T14:00,2025-02-22,14,3.1,47,0.0,0.0,0.0,0.02,0,Clear,11,,8.6,24.5,Clear,37.58
2025-02-22T15:00,2025-02-22,15,3.5,46,0.0,0.0,0.0,0.02,1,Mainly Clear,48,,9.7,25.9,Clear,38.3
2025-02-22T16:00,2025-02-22,16,3.7,46,0.0,0.0,0.0,0.02,3,Overcast,96,,10.7,25.2,Cloudy,38.660000000000004
2025-02-22T17:00,2025-02-22,17,2.7,53,0.0,0.0,0.0,0.02,3,Overcast,100,,7.9,24.8,Cloudy,36.86
2025-02-22T18:00,2025-02-22,18,1.1,59,0.0,0.0,0.0,0.02,3,Overcast,100,,9.4,19.1,Cloudy,33.98
2025-02-22T19:00,2025-02-22,19,0.6,62,0.0,0.0,0.0,0.02,3,Overcast,100,,11.4,23.4,Cloudy,33.08
2025-02-22T20:00,2025-02-22,20,0.4,62,0.0,0.0,0.0,0.02,3,Overcast,85,,11.8,24.5,Cloudy,32.72
2025-02-22T21:00,2025-02-22,21,0.2,64,0.0,0.0,0.0,0.02,3,Overcast,92,,12.1,25.9,Cloudy,32.36
2025-02-22T22:00,2025-02-22,22,-0.4,65,0.0,0.0,0.0,0.02,3,Overcast,95,,11.2,25.2,Cloudy,31.28
2025-02-22T23:00,2025-02-22,23,-0.5,63,0.0,0.0,0.0,0.02,2,Partly Cloudy,62,,11.7,24.5,Cloudy,31.1
2025-02-23T00:00,2025-02-23,0,-0.9,63,0.0,0.0,0.0,0.02,3,Overcast,97,,11.1,24.5,Cloudy,30.38
2025-02-23T01:00,2025-02-23,1,-0.9,63,0.0,0.0,0.0,0.02,2,Partly Cloudy,75,,10.9,23.4,Cloudy,30.38
2025-02-23T02:00,2025-02-23,2,-1.2,63,0.0,0.0,0.0,0.02,3,Overcast,100,,10.4,22.7,Cloudy,29.84
2025-02-23T03:00,2025-02-23,3,-1.1,61,0.0,0.0,0.0,0.02,3,Overcast,94,,10.5,22.0,Cloudy,30.02
2025-02-23T04:00,2025-02-23,4,-1.2,59,0.0,0.0,0.0,0.02,2,Partly Cloudy,79,,9.6,22.0,Cloudy,29.84
2025-02-23T05:00,2025-02-23,5,-1.4,55,0.0,0.0,0.0,0.02,1,Mainly Clear,30,,9.1,19.8,Clear,29.48
2025-02-23T06:00,2025-02-23,6,-1.8,55,0.0,0.0,0.0,0.02,1,Mainly Clear,21,,8.3,18.4,Clear,28.76
2025-02-23T07:00,2025-02-23,7,-1.8,55,0.0,0.0,0.0,0.02,2,Partly Cloudy,67,,8.5,16.9,Cloudy,28.76
2025-02-23T08:00,2025-02-23,8,0.3,64,0.0,0.0,0.0,0.02,0,Clear,1,,8.4,18.4,Clear,32.54
2025-02-23T09:00,2025-02-23,9,2.2,59,0.0,0.0,0.0,0.02,0,Clear,0,,7.6,20.2,Clear,35.96
2025-02-23T10:00,2025-02-23,10,3.7,49,0.0,0.0,0.0,0.02,0,Clear,0,,9.4,25.2,Clear,38.660000000000004
2025-02-23T11:00,2025-02-23,11,4.8,44,0.0,0.0,0.0,0.02,0,Clear,3,,9.4,27.0,Clear,40.64
2025-02-23T12:00,2025-02-23,12,5.9,42,0.0,0.0,0.0,0.02,0,Clear,4,,9.5,27.0,Clear,42.620000000000005
2025-02-23T13:00,2025-02-23,13,6.9,41,0.0,0.0,0.0,0.01,2,Partly Cloudy,70,,9.2,27.4,Cloudy,44.42
2025-02-23T14:00,2025-02-23,14,7.6,41,0.0,0.0,0.0,0.01,3,Overcast,99,,8.7,25.9,Cloudy,45.68
2025-02-23T15:00,2025-02-23,15,7.9,40,0.0,0.0,0.0,0.01,3,Overcast,100,,6.6,24.1,Cloudy,46.22
2025-02-23T16:00,2025-02-23,16,7.8,41,0.0,0.0,0.0,0.01,3,Overcast,100,,5.9,18.4,Cloudy,46.04
2025-02-23T17:00,2025-02-23,17,6.6,55,0.0,0.0,0.0,0.01,3,Overcast,100,,3.8,14.0,Cloudy,43.879999999999995
2025-02-23T18:00,2025-02-23,18,4.8,61,0.0,0.0,0.0,0.01,3,Overcast,100,,4.1,8.6,Cloudy,40.64
2025-02-23T19:00,2025-02-23,19,3.9,67,0.0,0.0,0.0,0.01,3,Overcast,100,,4.0,9.4,Cloudy,39.02
2025-02-23T20:00,2025-02-23,20,3.5,66,0.0,0.0,0.0,0.01,3,Overcast,96,,4.6,12.6,Cloudy,38.3
2025-02-23T21:00,2025-02-23,21,2.5,69,0.0,0.0,0.0,0.01,3,Overcast,97,,2.7,9.0,Cloudy,36.5
2025-02-23T22:00,2025-02-23,22,1.8,71,0.0,0.0,0.0,0.01,3,Overcast,99,,2.8,3.6,Cloudy,35.24
2025-02-23T23:00,2025-02-23,23,0.9,73,0.0,0.0,0.0,0.01,3,Overcast,100,,2.3,4.0,Cloudy,33.62
2025-02-24T00:00,2025-02-24,0,0.2,77,0.0,0.0,0.0,0.01,3,Overcast,100,,2.6,4.0,Cloudy,32.36
2025-02-24T01:00,2025-02-24,1,-0.2,81,0.0,0.0,0.0,0.01,3,Overcast,100,,4.0,7.2,Cloudy,31.64
2025-02-24T02:00,2025-02-24,2,0.3,78,0.0,0.0,0.0,0.01,3,Overcast,100,,5.6,10.8,Cloudy,32.54
2025-02-24T03:00,2025-02-24,3,0.1,78,0.0,0.0,0.0,0.01,3,Overcast,99,,5.5,11.5,Cloudy,32.18
2025-02-24T04:00,2025-02-24,4,-0.4,80,0.0,0.0,0.0,0.01,3,Overcast,95,,5.4,11.5,Cloudy,31.28
2025-02-24T05:00,2025-02-24,5,-1.4,84,0.0,0.0,0.0,0.01,0,Clear,1,,3.8,10.8,Clear,29.48
2025-02-24T06:00,2025-02-24,6,-1.8,86,0.0,0.0,0.0,0.01,0,Clear,12,,3.7,7.2,Clear,28.76
2025-02-24T07:00,2025-02-24,7,-1.3,86,0.0,0.0,0.0,0.01,0,Clear,0,,3.0,7.2,Clear,29.66
2025-02-24T08:00,2025-02-24,8,0.9,76,0.0,0.0,0.0,0.01,0,Clear,0,,3.9,10.1,Clear,33.62
2025-02-24T09:00,2025-02-24,9,3.0,68,0.0,0.0,0.0,0.01,0,Clear,0,,2.3,10.8,Clear,37.4
2025-02-24T10:00,2025-02-24,10,5.2,67,0.0,0.0,0.0,0.01,0,Clear,12,,5.6,18.0,Clear,41.36
2025-02-24T11:00,2025-02-24,11,6.8,61,0.0,0.0,0.0,0.01,3,Overcast,100,,10.4,28.1,Cloudy,44.239999999999995
2025-02-24T12:00,2025-02-24,12,7.3,57,0.0,0.0,0.0,0.01,3,Overcast,97,,12.1,32.0,Cloudy,45.14
2025-02-24T13:00,2025-02-24,13,7.8,55,0.0,0.0,0.0,0.01,1,Mainly Clear,30,,12.8,33.1,Clear,46.04
2025-02-24T14:00,2025-02-24,14,8.3,51,0.0,0.0,0.0,0.01,3,Overcast,85,,13.8,36.0,Cloudy,46.94
2025-02-24T15:00,2025-02-24,15,8.1,52,0.0,0.0,0.0,0.01,3,Overcast,99,,13.8,34.9,Cloudy,46.58
2025-02-24T16:00,2025-02-24,16,6.9,56,0.0,0.0,0.0,0.01,3,Overcast,100,,13.4,34.2,Cloudy,44.42
2025-02-24T17:00,2025-02-24,17,5.8,59,0.0,0.0,0.0,0.01,3,Overcast,100,,17.4,34.2,Cloudy,42.44
2025-02-24T18:00,2025-02-24,18,5.0,59,0.0,0.0,0.0,0.01,3,Overcast,100,,15.8,37.4,Cloudy,41.0
2025-02-24T19:00,2025-02-24,19,4.8,61,0.0,0.0,0.0,0.01,3,Overcast,100,,14.6,33.8,Cloudy,40.64
2025-02-24T20:00,2025-02-24,20,5.2,54,0.0,0.0,0.0,0.01,3,Overcast,100,,13.9,32.0,Cloudy,41.36
2025-02-24T21:00,2025-02-24,21,5.1,56,0.0,0.0,0.0,0.01,3,Overcast,99,,12.7,29.5,Cloudy,41.18
2025-02-24T22:00,2025-02-24,22,5.0,58,0.0,0.0,0.0,0.01,3,Overcast,100,,12.9,28.1,Cloudy,41.0
2025-02-24T23:00,2025-02-24,23,4.9,60,0.0,0.0,0.0,0.01,3,Overcast,100,,12.9,27.7,Cloudy,40.82
2025-02-25T00:00,2025-02-25,0,4.8,61,0.0,0.0,0.0,0.01,3,Overcast,100,,12.0,27.4,Cloudy,40.64
2025-02-25T01:00,2025-02-25,1,4.7,61,0.0,0.0,0.0,0.01,3,Overcast,100,,11.7,25.6,Cloudy,40.46
2025-02-25T02:00,2025-02-25,2,4.6,63,0.0,0.0,0.0,0.01,3,Overcast,100,,11.0,24.5,Cloudy,40.28
2025-02-25T03:00,2025-02-25,3,4.1,67,0.0,0.0,0.0,0.01,3,Overcast,100,,10.1,22.7,Cloudy,39.38
2025-02-25T04:00,2025-02-25,4,3.7,70,0.0,0.0,0.0,0.01,3,Overcast,100,,9.2,20.5,Cloudy,38.660000000000004
2025-02-25T05:00,2025-02-25,5,3.8,71,0.0,0.0,0.0,0.01,3,Overcast,100,,7.9,18.4,Cloudy,38.839999999999996
2025-02-25T06:00,2025-02-25,6,3.8,73,0.0,0.0,0.0,0.01,3,Overcast,100,,7.5,15.8,Cloudy,38.839999999999996
2025-02-25T07:00,2025-02-25,7,3.7,75,0.0,0.0,0.0,0.01,3,Overcast,100,,6.4,14.8,Cloudy,38.660000000000004
2025-02-25T08:00,2025-02-25,8,4.8,70,0.0,0.0,0.0,0.01,3,Overcast,100,,5.4,11.5,Cloudy,40.64
2025-02-25T09:00,2025-02-25,9,6.8,65,0.0,0.0,0.0,0.01,2,Partly Cloudy,58,,5.8,15.8,Cloudy,44.239999999999995
2025-02-25T10:00,2025-02-25,10,8.4,61,0.0,0.0,0.0,0.01,3,Overcast,100,,6.3,19.4,Cloudy,47.120000000000005
2025-02-25T11:00,2025-02-25,11,10.1,58,0.0,0.0,0.0,0.01,3,Overcast,97,,5.6,19.1,Cloudy,50.18
2025-02-25T12:00,2025-02-25,12,11.9,55,0.0,0.0,0.0,0.0,3,Overcast,100,,5.7,19.8,Cloudy,53.42
2025-02-25T13:00,2025-02-25,13,12.6,54,0.0,0.0,0.0,0.0,3,Overcast,100,,8.5,22.7,Cloudy,54.68
2025-02-25T14:00,2025-02-25,14,10.6,59,0.0,0.0,0.0,0.0,3,Overcast,100,,9.5,31.3,Cloudy,51.08
2025-02-25T15:00,2025-02-25,15,10.9,63,0.0,0.0,0.0,0.0,3,Overcast,100,,4.8,24.1,Cloudy,51.620000000000005
2025-02-25T16:00,2025-02-25,16,10.8,67,0.0,0.0,0.0,0.0,2,Partly Cloudy,65,,1.3,14.4,Cloudy,51.44
2025-02-25T17:00,2025-02-25,17,10.2,74,0.0,0.0,0.0,0.0,3,Overcast,100,,1.4,6.8,Cloudy,50.36
2025-02-25T18:00,2025-02-25,18,8.9,76,0.0,0.0,0.0,0.0,0,Clear,18,,3.3,4.0,Clear,48.02
2025-02-25T19:00,2025-02-25,19,8.6,71,0.0,0.0,0.0,0.0,0,Clear,0,,8.7,16.9,Clear,47.48
2025-02-25T20:00,2025-02-25,20,7.4,68,0.0,0.0,0.0,0.0,0,Clear,1,,8.2,16.9,Clear,45.32
2025-02-25T21:00,2025-02-25,21,6.0,74,0.0,0.0,0.0,0.0,0,Clear,0,,6.6,16.2,Clear,42.8
2025-02-25T22:00,2025-02-25,22,4.8,79,0.0,0.0,0.0,0.0,0,Clear,0,,6.0,13.0,Clear,40.64
2025-02-25T23:00,2025-02-25,23,3.7,83,0.0,0.0,0.0,0.0,0,Clear,0,,5.4,11.5,Clear,38.660000000000004
2025-02-26T00:00,2025-02-26,0,3.8,83,0.0,0.0,0.0,0.0,0,Clear,1,,7.7,14.8,Clear,38.839999999999996
2025-02-26T01:00,2025-02-26,1,3.8,82,0.0,0.0,0.0,0.0,0,Clear,0,,9.1,18.7,Clear,38.839999999999996
2025-02-26T02:00,2025-02-26,2,3.2,84,0.0,0.0,0.0,0.0,0,Clear,0,,7.8,18.4,Clear,37.76
2025-02-26T03:00,2025-02-26,3,3.0,85,0.0,0.0,0.0,0.0,0,Clear,0,,8.1,15.8,Clear,37.4
2025-02-26T04:00,2025-02-26,4,2.7,86,0.0,0.0,0.0,0.0,0,Clear,0,,8.7,17.6,Clear,36.86
2025-02-26T05:00,2025-02-26,5,2.4,87,0.0,0.0,0.0,0.0,0,Clear,1,,8.9,17.6,Clear,36.32
2025-02-26T06:00,2025-02-26,6,2.4,87,0.0,0.0,0.0,0.0,0,Clear,3,,9.9,20.2,Clear,36.32
2025-02-26T07:00,2025-02-26,7,2.5,88,0.0,0.0,0.0,0.0,0,Clear,3,,10.5,21.2,Clear,36.5
2025-02-26T08:00,2025-02-26,8,4.9,80,0.0,0.0,0.0,0.0,0,Clear,0,,11.0,24.8,Clear,40.82
2025-02-26T09:00,2025-02-26,9,7.2,71,0.0,0.0,0.0,0.0,0,Clear,1,,11.2,32.8,Clear,44.96
2025-02-26T10:00,2025-02-26,10,8.9,64,0.0,0.0,0.0,0.0,0,Clear,1,,13.1,32.4,Clear,48.02
2025-02-26T11:00,2025-02-26,11,10.0,53,0.0,0.0,0.0,0.0,1,Mainly Clear,34,,16.2,37.8,Clear,50.0
2025-02-26T12:00,2025-02-26,12,11.1,43,0.0,0.0,0.0,0.0,1,Mainly Clear,23,,17.8,43.6,Clear,51.98
2025-02-26T13:00,2025-02-26,13,12.1,40,0.0,0.0,0.0,0.0,3,Overcast,81,,19.1,46.1,Cloudy,53.78
2025-02-26T14:00,2025-02-26,14,12.8,35,0.0,0.0,0.0,0.0,0,Clear,19,,15.5,45.7,Clear,55.04
2025-02-26T15:00,2025-02-26,15,13.8,31,0.0,0.0,0.0,0.0,2,Partly Cloudy,69,,14.9,37.1,Cloudy,56.84
2025-02-26T16:00,2025-02-26,16,13.1,38,0.0,0.0,0.0,0.0,3,Overcast,100,,9.8,34.2,Cloudy,55.58
2025-02-26T17:00,2025-02-26,17,11.7,54,0.0,0.0,0.0,0.0,3,Overcast,100,,0.8,22.0,Cloudy,53.06
2025-02-26T18:00,2025-02-26,18,9.4,57,0.0,0.0,0.0,0.0,1,Mainly Clear,45,,2.7,3.2,Clear,48.92
2025-02-26T19:00,2025-02-26,19,8.1,62,0.0,0.0,0.0,0.0,3,Overcast,99,,6.1,12.2,Cloudy,46.58
2025-02-26T20:00,2025-02-26,20,7.4,66,0.0,0.0,0.0,0.0,3,Overcast,99,,4.2,7.9,Cloudy,45.32
2025-02-26T21:00,2025-02-26,21,7.1,68,0.0,0.0,0.0,0.0,3,Overcast,100,,0.6,7.9,Cloudy,44.78
2025-02-26T22:00,2025-02-26,22,6.9,71,0.1,0.1,0.0,0.0,51,Light Drizzle,100,,0.9,1.4,Rain,44.42
2025-02-26T23:00,2025-02-26,23,6.6,72,0.1,0.1,0.0,0.0,51,Light Drizzle,100,,6.8,12.6,Rain,43.879999999999995
2025-02-27T00:00,2025-02-27,0,6.1,76,0.0,0.0,0.0,0.0,3,Overcast,100,,6.2,13.3,Cloudy,42.980000000000004
2025-02-27T01:00,2025-02-27,1,6.3,75,0.0,0.0,0.0,0.0,3,Overcast,100,,6.5,15.1,Cloudy,43.34
2025-02-27T02:00,2025-02-27,2,6.2,73,0.0,0.0,0.0,0.0,3,Overcast,99,,8.5,15.5,Cloudy,43.16
2025-02-27T03:00,2025-02-27,3,5.5,79,0.0,0.0,0.0,0.0,3,Overcast,100,,8.6,20.2,Cloudy,41.9
2025-02-27T04:00,2025-02-27,4,4.7,87,0.0,0.0,0.0,0.0,3,Overcast,100,,8.3,17.6,Cloudy,40.46
2025-02-27T05:00,2025-02-27,5,5.6,84,0.0,0.0,0.0,0.0,3,Overcast,100,,8.3,18.0,Cloudy,42.08
2025-02-27T06:00,2025-02-27,6,6.0,81,0.6,0.6,0.0,0.0,53,Moderate Drizzle,100,,6.4,16.9,Rain,42.8
2025-02-27T07:00,2025-02-27,7,5.6,80,5.6,5.6,0.0,0.0,63,Moderate Rain,100,,3.5,24.8,Rain,42.08
2025-02-27T08:00,2025-02-27,8,6.9,77,0.1,0.1,0.0,0.0,51,Light Drizzle,100,,3.1,8.6,Rain,44.42
2025-02-27T09:00,2025-02-27,9,7.7,81,0.2,0.2,0.0,0.0,51,Light Drizzle,100,,4.9,11.5,Rain,45.86
2025-02-27T10:00,2025-02-27,10,8.9,82,0.0,0.0,0.0,0.0,3,Overcast,100,,2.1,12.6,Cloudy,48.02
2025-02-27T11:00,2025-02-27,11,10.6,77,1.9,1.9,0.0,0.0,61,Slight Rain,100,,5.5,17.3,Rain,51.08
2025-02-27T12:00,2025-02-27,12,10.6,80,0.5,0.5,0.0,0.0,53,Moderate Drizzle,100,,6.2,18.0,Rain,51.08
2025-02-27T13:00,2025-02-27,13,11.2,79,0.1,0.1,0.0,0.0,51,Light Drizzle,100,,8.9,19.8,Rain,52.16
2025-02-27T14:00,2025-02-27,14,11.7,76,0.1,0.1,0.0,0.0,51,Light Drizzle,100,,13.0,29.9,Rain,53.06
2025-02-27T15:00,2025-02-27,15,11.7,80,0.0,0.0,0.0,0.0,3,Overcast,100,,10.4,29.9,Cloudy,53.06
2025-02-27T16:00,2025-02-27,16,12.1,82,0.0,0.0,0.0,0.0,3,Overcast,100,,10.1,25.2,Cloudy,53.78
2025-02-27T17:00,2025-02-27,17,12.1,79,0.0,0.0,0.0,0.0,3,Overcast,100,,13.3,33.8,Cloudy,53.78
2025-02-27T18:00,2025-02-27,18,11.4,80,0.0,0.0,0.0,0.0,3,Overcast,100,,12.5,28.4,Cloudy,52.52
2025-02-27T19:00,2025-02-27,19,11.3,70,0.0,0.0,0.0,0.0,3,Overcast,100,,14.8,32.0,Cloudy,52.34
2025-02-27T20:00,2025-02-27,20,9.1,73,0.0,0.0,0.0,0.0,3,Overcast,100,,5.6,21.2,Cloudy,48.379999999999995
2025-02-27T21:00,2025-02-27,21,9.1,68,0.0,0.0,0.0,0.0,3,Overcast,100,,11.7,23.0,Cloudy,48.379999999999995
2025-02-27T22:00,2025-02-27,22,8.1,69,0.0,0.0,0.0,0.0,3,Overcast,100,,12.6,29.2,Cloudy,46.58
2025-02-27T23:00,2025-02-27,23,7.0,73,0.0,0.0,0.0,0.0,3,Overcast,100,,12.5,27.7,Cloudy,44.6
2025-02-28T00:00,2025-02-28,0,6.1,75,0.0,0.0,0.0,0.0,3,Overcast,89,,11.0,27.7,Cloudy,42.980000000000004
2025-02-28T01:00,2025-02-28,1,4.9,75,0.0,0.0,0.0,0.0,0,Clear,0,,11.0,24.5,Clear,40.82
2025-02-28T02:00,2025-02-28,2,3.8,78,0.0,0.0,0.0,0.0,0,Clear,0,,8.9,24.1,Clear,38.839999999999996
2025-02-28T03:00,2025-02-28,3,3.1,80,0.0,0.0,0.0,0.0,0,Clear,0,,8.0,18.7,Clear,37.58
2025-02-28T04:00,2025-02-28,4,2.4,83,0.0,0.0,0.0,0.0,0,Clear,0,,7.2,16.9,Clear,36.32
2025-02-28T05:00,2025-02-28,5,2.1,84,0.0,0.0,0.0,0.0,0,Clear,0,,9.5,19.1,Clear,35.78
2025-02-28T06:00,2025-02-28,6,1.9,83,0.0,0.0,0.0,0.0,0,Clear,4,,11.4,23.4,Clear,35.42
2025-02-28T07:00,2025-02-28,7,2.0,81,0.0,0.0,0.0,0.0,0,Clear,0,,11.0,25.6,Clear,35.6
2025-02-28T08:00,2025-02-28,8,5.6,64,0.0,0.0,0.0,0.0,0,Clear,2,,13.7,29.2,Clear,42.08
2025-02-28T09:00,2025-02-28,9,7.1,52,0.0,0.0,0.0,0.0,0,Clear,0,,16.3,37.4,Clear,44.78
2025-02-28T10:00,2025-02-28,10,7.4,41,0.0,0.0,0.0,0.0,0,Clear,0,,17.8,43.2,Clear,45.32
2025-02-28T11:00,2025-02-28,11,7.8,37,0.0,0.0,0.0,0.0,0,Clear,0,,16.0,43.6,Clear,46.04
2025-02-28T12:00,2025-02-28,12,8.3,33,0.0,0.0,0.0,0.0,0,Clear,18,,14.5,40.3,Clear,46.94
2025-02-28T13:00,2025-02-28,13,8.9,30,0.0,0.0,0.0,0.0,1,Mainly Clear,43,,14.0,37.4,Clear,48.02
2025-02-28T14:00,2025-02-28,14,9.2,30,0.0,0.0,0.0,0.0,1,Mainly Clear,25,,14.2,38.2,Clear,48.56
2025-02-28T15:00,2025-02-28,15,9.8,29,0.0,0.0,0.0,0.0,3,Overcast,93,,11.5,36.4,Cloudy,49.64
2025-02-28T16:00,2025-02-28,16,9.6,31,0.0,0.0,0.0,0.0,3,Overcast,99,,12.8,30.6,Cloudy,49.28
2025-02-28T17:00,2025-02-28,17,8.6,37,0.0,0.0,0.0,0.0,3,Overcast,100,,11.1,32.4,Cloudy,47.48
2025-02-28T18:00,2025-02-28,18,6.8,54,0.0,0.0,0.0,0.0,3,Overcast,100,,4.1,24.5,Cloudy,44.239999999999995
2025-02-28T19:00,2025-02-28,19,6.7,49,0.0,0.0,0.0,0.0,3,Overcast,100,,7.9,14.4,Cloudy,44.06
2025-02-28T20:00,2025-02-28,20,6.3,50,0.0,0.0,0.0,0.0,3,Overcast,97,,8.1,17.3,Cloudy,43.34
2025-02-28T21:00,2025-02-28,21,5.8,52,0.0,0.0,0.0,0.0,3,Overcast,93,,9.6,19.4,Cloudy,42.44
2025-02-28T22:00,2025-02-28,22,5.3,51,0.0,0.0,0.0,0.0,3,Overcast,100,,11.0,22.7,Cloudy,41.54
2025-02-28T23:00,2025-02-28,23,5.2,52,0.0,0.0,0.0,0.0,3,Overcast,93,,12.1,24.8,Cloudy,41.36
2025-03-01T00:00,2025-03-01,0,5.4,51,0.0,0.0,0.0,0.0,2,Partly Cloudy,77,,16.2,34.9,Cloudy,41.72
2025-03-01T01:00,2025-03-01,1,5.2,56,0.0,0.0,0.0,0.0,1,Mainly Clear,32,,14.3,35.6,Clear,41.36
2025-03-01T02:00,2025-03-01,2,5.2,59,0.0,0.0,0.0,0.0,0,Clear,9,,12.1,31.3,Clear,41.36
2025-03-01T03:00,2025-03-01,3,5.2,61,0.0,0.0,0.0,0.0,0,Clear,7,,10.5,26.6,Clear,41.36
2025-03-01T04:00,2025-03-01,4,5.4,62,0.0,0.0,0.0,0.0,3,Overcast,95,,10.5,22.7,Cloudy,41.72
2025-03-01T05:00,2025-03-01,5,6.1,60,0.0,0.0,0.0,0.0,3,Overcast,87,,13.2,28.1,Cloudy,42.980000000000004
2025-03-01T06:00,2025-03-01,6,6.2,59,0.0,0.0,0.0,0.0,3,Overcast,100,,14.1,29.9,Cloudy,43.16
2025-03-01T07:00,2025-03-01,7,6.8,58,0.0,0.0,0.0,0.0,3,Overcast,98,,13.9,30.2,Cloudy,44.239999999999995
2025-03-01T08:00,2025-03-01,8,7.8,59,0.0,0.0,0.0,0.0,3,Overcast,100,,12.3,25.6,Cloudy,46.04
2025-03-01T09:00,2025-03-01,9,9.1,56,0.0,0.0,0.0,0.0,3,Overcast,100,,12.3,28.8,Cloudy,48.379999999999995
2025-03-01T10:00,2025-03-01,10,11.2,52,0.0,0.0,0.0,0.0,1,Mainly Clear,48,,11.9,28.4,Clear,52.16
2025-03-01T11:00,2025-03-01,11,13.1,48,0.0,0.0,0.0,0.0,0,Clear,6,,12.1,31.7,Clear,55.58
2025-03-01T12:00,2025-03-01,12,14.8,45,0.0,0.0,0.0,0.0,0,Clear,5,,12.4,32.4,Clear,58.64
2025-03-01T13:00,2025-03-01,13,16.0,38,0.0,0.0,0.0,0.0,2,Partly Cloudy,58,,19.7,43.6,Cloudy,60.8
2025-03-01T14:00,2025-03-01,14,14.4,37,0.0,0.0,0.0,0.0,3,Overcast,92,,26.3,60.8,Cloudy,57.92
2025-03-01T15:00,2025-03-01,15,11.1,49,0.0,0.0,0.0,0.0,2,Partly Cloudy,67,,25.1,62.6,Cloudy,51.98
2025-03-01T16:00,2025-03-01,16,8.8,47,0.0,0.0,0.0,0.0,3,Overcast,87,,23.5,58.3,Cloudy,47.84
2025-03-01T17:00,2025-03-01,17,6.3,34,0.0,0.0,0.0,0.0,0,Clear,4,,18.4,55.4,Clear,43.34
2025-03-01T18:00,2025-03-01,18,3.0,40,0.0,0.0,0.0,0.0,0,Clear,0,,21.3,47.9,Clear,37.4
2025-03-01T19:00,2025-03-01,19,0.2,42,0.0,0.0,0.0,0.0,0,Clear,0,,23.1,54.4,Clear,32.36
2025-03-01T20:00,2025-03-01,20,1.8,36,0.0,0.0,0.0,0.0,0,Clear,0,,22.4,50.8,Clear,35.24
2025-03-01T21:00,2025-03-01,21,0.3,42,0.0,0.0,0.0,0.0,0,Clear,0,,21.3,51.8,Clear,32.54
2025-03-01T22:00,2025-03-01,22,-0.8,46,0.0,0.0,0.0,0.0,0,Clear,4,,18.8,49.0,Clear,30.56
2025-03-01T23:00,2025-03-01,23,-2.8,47,0.0,0.0,0.0,0.0,1,Mainly Clear,24,,16.9,43.9,Clear,26.96
2025-03-02T00:00,2025-03-02,0,-3.9,47,0.0,0.0,0.0,0.0,1,Mainly Clear,47,,16.6,45.7,Clear,24.98
2025-03-02T01:00,2025-03-02,1,-4.7,45,0.0,0.0,0.0,0.0,1,Mainly Clear,39,,16.9,42.8,Clear,23.54
2025-03-02T02:00,2025-03-02,2,-5.3,46,0.0,0.0,0.0,0.0,3,Overcast,96,,17.7,41.4,Cloudy,22.46
2025-03-02T03:00,2025-03-02,3,-5.4,45,0.0,0.0,0.0,0.0,3,Overcast,100,,17.1,41.4,Cloudy,22.28
2025-03-02T04:00,2025-03-02,4,-5.8,44,0.0,0.0,0.0,0.0,2,Partly Cloudy,60,,16.3,39.2,Cloudy,21.560000000000002
2025-03-02T05:00,2025-03-02,5,-6.7,41,0.0,0.0,0.0,0.0,0,Clear,0,,15.6,37.8,Clear,19.939999999999998
2025-03-02T06:00,2025-03-02,6,-7.2,39,0.0,0.0,0.0,0.0,0,Clear,16,,13.8,36.4,Clear,19.04
2025-03-02T07:00,2025-03-02,7,-6.8,40,0.0,0.0,0.0,0.0,1,Mainly Clear,36,,14.9,34.6,Clear,19.76
2025-03-02T08:00,2025-03-02,8,-5.4,42,0.0,0.0,0.0,0.0,3,Overcast,96,,17.1,41.0,Cloudy,22.28
2025-03-02T09:00,2025-03-02,9,-4.3,39,0.0,0.0,0.0,0.0,2,Partly Cloudy,61,,17.1,41.4,Cloudy,24.26
2025-03-02T10:00,2025-03-02,10,-3.0,35,0.0,0.0,0.0,0.0,0,Clear,8,,19.2,47.2,Clear,26.6
2025-03-02T11:00,2025-03-02,11,-2.0,34,0.0,0.0,0.0,0.0,0,Clear,2,,16.7,47.5,Clear,28.4
2025-03-02T12:00,2025-03-02,12,-1.0,31,0.0,0.0,0.0,0.0,0,Clear,0,,15.9,42.8,Clear,30.2
2025-03-02T13:00,2025-03-02,13,-0.2,29,0.0,0.0,0.0,0.0,0,Clear,0,,15.8,41.8,Clear,31.64
2025-03-02T14:00,2025-03-02,14,0.4,26,0.0,0.0,0.0,0.0,0,Clear,0,,15.4,41.8,Clear,32.72
2025-03-02T15:00,2025-03-02,15,0.6,25,0.0,0.0,0.0,0.0,0,Clear,0,,15.7,40.0,Clear,33.08
2025-03-02T16:00,2025-03-02,16,0.2,25,0.0,0.0,0.0,0.0,0,Clear,0,,14.8,39.6,Clear,32.36
2025-03-02T17:00,2025-03-02,17,-0.7,28,0.0,0.0,0.0,0.0,0,Clear,0,,13.7,36.4,Clear,30.74
2025-03-02T18:00,2025-03-02,18,-2.0,36,0.0,0.0,0.0,0.0,0,Clear,0,,10.1,31.7,Clear,28.4
2025-03-02T19:00,2025-03-02,19,-2.8,40,0.0,0.0,0.0,0.0,0,Clear,0,,10.8,23.8,Clear,26.96
2025-03-02T20:00,2025-03-02,20,-2.9,39,0.0,0.0,0.0,0.0,0,Clear,8,,12.2,27.0,Clear,26.78
2025-03-02T21:00,2025-03-02,21,-4.0,41,0.0,0.0,0.0,0.0,0,Clear,5,,14.6,32.8,Clear,24.8
2025-03-02T22:00,2025-03-02,22,-4.8,45,0.0,0.0,0.0,0.0,0,Clear,12,,13.8,33.5,Clear,23.36
2025-03-02T23:00,2025-03-02,23,-5.2,47,0.0,0.0,0.0,0.0,1,Mainly Clear,35,,11.5,31.3,Clear,22.64
2025-03-03T00:00,2025-03-03,0,-5.4,47,0.0,0.0,0.0,0.0,2,Partly Cloudy,55,,8.3,24.8,Cloudy,22.28
2025-03-03T01:00,2025-03-03,1,-5.4,48,0.0,0.0,0.0,0.0,0,Clear,14,,5.0,18.0,Clear,22.28
2025-03-03T02:00,2025-03-03,2,-5.4,49,0.0,0.0,0.0,0.0,0,Clear,2,,4.6,11.5,Clear,22.28
2025-03-03T03:00,2025-03-03,3,-5.3,50,0.0,0.0,0.0,0.0,0,Clear,0,,4.5,10.8,Clear,22.46
2025-03-03T04:00,2025-03-03,4,-5.4,51,0.0,0.0,0.0,0.0,0,Clear,1,,3.4,10.4,Clear,22.28
2025-03-03T05:00,2025-03-03,5,-5.6,52,0.0,0.0,0.0,0.0,0,Clear,8,,3.0,7.9,Clear,21.92
2025-03-03T06:00,2025-03-03,6,-5.3,51,0.0,0.0,0.0,0.0,0,Clear,16,,4.6,10.8,Clear,22.46
2025-03-03T07:00,2025-03-03,7,-5.2,49,0.0,0.0,0.0,0.0,0,Clear,2,,5.9,11.9,Clear,22.64
2025-03-03T08:00,2025-03-03,8,-3.3,42,0.0,0.0,0.0,0.0,0,Clear,10,,8.1,20.9,Clear,26.060000000000002
2025-03-03T09:00,2025-03-03,9,-2.3,38,0.0,0.0,0.0,0.0,0,Clear,1,,9.0,27.0,Clear,27.86
2025-03-03T10:00,2025-03-03,10,-1.1,34,0.0,0.0,0.0,0.0,1,Mainly Clear,20,,6.6,25.6,Clear,30.02
2025-03-03T11:00,2025-03-03,11,0.1,32,0.0,0.0,0.0,0.0,1,Mainly Clear,44,,6.1,22.7,Clear,32.18
2025-03-03T12:00,2025-03-03,12,1.8,27,0.0,0.0,0.0,0.0,2,Partly Cloudy,71,,9.3,26.3,Cloudy,35.24
2025-03-03T13:00,2025-03-03,13,2.3,29,0.0,0.0,0.0,0.0,1,Mainly Clear,44,,10.6,29.9,Clear,36.14
2025-03-03T14:00,2025-03-03,14,3.0,31,0.0,0.0,0.0,0.0,2,Partly Cloudy,70,,10.0,30.2,Cloudy,37.4
2025-03-03T15:00,2025-03-03,15,3.6,29,0.0,0.0,0.0,0.0,3,Overcast,90,,12.9,32.8,Cloudy,38.48
2025-03-03T16:00,2025-03-03,16,3.7,30,0.0,0.0,0.0,0.0,3,Overcast,82,,13.0,33.1,Cloudy,38.660000000000004
2025-03-03T17:00,2025-03-03,17,3.3,34,0.0,0.0,0.0,0.0,0,Clear,3,,8.5,31.3,Clear,37.94
2025-03-03T18:00,2025-03-03,18,1.2,46,0.0,0.0,0.0,0.0,0,Clear,2,,9.4,18.7,Clear,34.16
2025-03-03T19:00,2025-03-03,19,0.2,51,0.0,0.0,0.0,0.0,0,Clear,11,,8.8,20.2,Clear,32.36
2025-03-03T20:00,2025-03-03,20,0.1,52,0.0,0.0,0.0,0.0,0,Clear,1,,6.5,18.4,Clear,32.18
2025-03-03T21:00,2025-03-03,21,-0.4,55,0.0,0.0,0.0,0.0,0,Clear,2,,8.0,16.2,Clear,31.28
2025-03-03T22:00,2025-03-03,22,-0.9,57,0.0,0.0,0.0,0.0,0,Clear,1,,8.7,18.0,Clear,30.38
2025-03-03T23:00,2025-03-03,23,-1.2,58,0.0,0.0,0.0,0.0,0,Clear,1,,8.1,18.0,Clear,29.84
2025-03-04T00:00,2025-03-04,0,-1.4,58,0.0,0.0,0.0,0.0,0,Clear,0,,7.7,16.6,Clear,29.48
2025-03-04T01:00,2025-03-04,1,-1.5,59,0.0,0.0,0.0,0.0,0,Clear,12,,8.2,16.9,Clear,29.3
2025-03-04T02:00,2025-03-04,2,-1.5,59,0.0,0.0,0.0,0.0,1,Mainly Clear,34,,8.8,17.6,Clear,29.3
2025-03-04T03:00,2025-03-04,3,-1.8,61,0.0,0.0,0.0,0.0,0,Clear,4,,7.0,18.0,Clear,28.76
2025-03-04T04:00,2025-03-04,4,-2.0,62,0.0,0.0,0.0,0.0,0,Clear,0,,6.2,14.0,Clear,28.4
2025-03-04T05:00,2025-03-04,5,-1.9,63,0.0,0.0,0.0,0.0,0,Clear,5,,7.3,14.8,Clear,28.580000000000002
2025-03-04T06:00,2025-03-04,6,-1.8,64,0.0,0.0,0.0,0.0,1,Mainly Clear,40,,7.3,15.5,Clear,28.76
2025-03-04T07:00,2025-03-04,7,-1.2,62,0.0,0.0,0.0,0.0,0,Clear,10,,8.2,15.8,Clear,29.84
2025-03-04T08:00,2025-03-04,8,1.1,65,0.0,0.0,0.0,0.0,3,Overcast,99,,7.5,17.6,Cloudy,33.98
2025-03-04T09:00,2025-03-04,9,3.0,60,0.0,0.0,0.0,0.0,2,Partly Cloudy,73,,9.2,22.7,Cloudy,37.4
2025-03-04T10:00,2025-03-04,10,5.4,58,0.0,0.0,0.0,0.0,3,Overcast,82,,10.0,27.4,Cloudy,41.72
2025-03-04T11:00,2025-03-04,11,7.3,56,0.0,0.0,0.0,0.0,3,Overcast,90,,11.3,30.2,Cloudy,45.14
2025-03-04T12:00,2025-03-04,12,9.2,54,0.0,0.0,0.0,0.0,2,Partly Cloudy,73,,12.0,32.4,Cloudy,48.56
2025-03-04T13:00,2025-03-04,13,11.4,50,0.0,0.0,0.0,0.0,3,Overcast,91,,11.3,33.1,Cloudy,52.52
2025-03-04T14:00,2025-03-04,14,12.2,47,0.0,0.0,0.0,0.0,2,Partly Cloudy,61,,11.2,31.0,Cloudy,53.96
2025-03-04T15:00,2025-03-04,15,12.9,45,0.0,0.0,0.0,0.0,3,Overcast,100,,10.2,30.2,Cloudy,55.22
2025-03-04T16:00,2025-03-04,16,12.4,47,0.0,0.0,0.0,0.0,0,Clear,6,,6.9,26.6,Clear,54.32
2025-03-04T17:00,2025-03-04,17,11.4,55,0.0,0.0,0.0,0.0,0,Clear,1,,7.0,17.6,Clear,52.52
2025-03-04T18:00,2025-03-04,18,9.4,63,0.0,0.0,0.0,0.0,0,Clear,0,,6.2,16.2,Clear,48.92
2025-03-04T19:00,2025-03-04,19,10.0,53,0.0,0.0,0.0,0.0,0,Clear,0,,11.0,23.0,Clear,50.0
2025-03-04T20:00,2025-03-04,20,8.4,61,0.0,0.0,0.0,0.0,0,Clear,0,,13.1,28.4,Clear,47.120000000000005
2025-03-04T21:00,2025-03-04,21,7.9,58,0.0,0.0,0.0,0.0,0,Clear,2,,11.7,27.4,Clear,46.22
2025-03-04T22:00,2025-03-04,22,7.2,60,0.0,0.0,0.0,0.0,0,Clear,0,,10.0,24.5,Clear,44.96
2025-03-04T23:00,2025-03-04,23,6.4,66,0.0,0.0,0.0,0.0,0,Clear,7,,7.6,20.9,Clear,43.519999999999996
2025-03-05T00:00,2025-03-05,0,5.8,72,0.0,0.0,0.0,0.0,0,Clear,3,,6.7,15.1,Clear,42.44
2025-03-05T01:00,2025-03-05,1,5.7,75,0.0,0.0,0.0,0.0,0,Clear,0,,6.5,14.0,Clear,42.260000000000005
2025-03-05T02:00,2025-03-05,2,5.9,77,0.0,0.0,0.0,0.0,1,Mainly Clear,20,,7.3,13.7,Clear,42.620000000000005
2025-03-05T03:00,2025-03-05,3,6.8,79,0.0,0.0,0.0,0.0,3,Overcast,91,,8.0,15.5,Cloudy,44.239999999999995
2025-03-05T04:00,2025-03-05,4,7.5,79,0.0,0.0,0.0,0.0,3,Overcast,100,,8.5,16.6,Cloudy,45.5
2025-03-05T05:00,2025-03-05,5,8.2,79,0.0,0.0,0.0,0.0,3,Overcast,100,,9.0,18.0,Cloudy,46.76
2025-03-05T06:00,2025-03-05,6,8.9,82,0.0,0.0,0.0,0.0,3,Overcast,100,,8.7,18.7,Cloudy,48.02
2025-03-05T07:00,2025-03-05,7,9.9,82,0.0,0.0,0.0,0.0,3,Overcast,100,,11.7,23.8,Cloudy,49.82
2025-03-05T08:00,2025-03-05,8,11.7,73,0.0,0.0,0.0,0.0,3,Overcast,100,,17.3,38.2,Cloudy,53.06
2025-03-05T09:00,2025-03-05,9,12.4,71,0.0,0.0,0.0,0.0,3,Overcast,100,,16.2,38.5,Cloudy,54.32
2025-03-05T10:00,2025-03-05,10,12.6,70,0.0,0.0,0.0,0.0,3,Overcast,100,,16.9,37.4,Cloudy,54.68
2025-03-05T11:00,2025-03-05,11,11.8,74,0.0,0.0,0.0,0.0,3,Overcast,100,,17.5,43.2,Cloudy,53.24
2025-03-05T12:00,2025-03-05,12,12.2,73,0.0,0.0,0.0,0.0,3,Overcast,100,,14.7,42.8,Cloudy,53.96
2025-03-05T13:00,2025-03-05,13,11.8,74,0.0,0.0,0.0,0.0,3,Overcast,100,,14.6,35.3,Cloudy,53.24
2025-03-05T14:00,2025-03-05,14,11.6,76,0.1,0.1,0.0,0.0,51,Light Drizzle,100,,28.0,64.8,Rain,52.879999999999995
2025-03-05T15:00,2025-03-05,15,11.6,78,0.0,0.0,0.0,0.0,3,Overcast,100,,25.9,63.4,Cloudy,52.879999999999995
2025-03-05T16:00,2025-03-05,16,11.1,83,0.3,0.3,0.0,0.0,51,Light Drizzle,100,,23.7,59.0,Rain,51.98
2025-03-05T17:00,2025-03-05,17,10.2,92,2.3,2.3,0.0,0.0,61,Slight Rain,100,,21.5,53.3,Rain,50.36
2025-03-05T18:00,2025-03-05,18,10.1,92,7.0,7.0,0.0,0.0,63,Moderate Rain,100,,25.9,52.6,Rain,50.18
2025-03-05T19:00,2025-03-05,19,10.2,93,7.7,7.7,0.0,0.0,65,Heavy Rain,100,,26.1,61.9,Rain,50.36
2025-03-05T20:00,2025-03-05,20,11.2,96,6.6,6.6,0.0,0.0,63,Moderate Rain,100,,13.7,39.6,Rain,52.16
2025-03-05T21:00,2025-03-05,21,10.1,96,7.9,7.9,0.0,0.0,65,Heavy Rain,100,,18.8,38.9,Rain,50.18
2025-03-05T22:00,2025-03-05,22,9.2,96,7.3,7.3,0.0,0.0,63,Moderate Rain,100,,24.9,59.4,Rain,48.56
2025-03-05T23:00,2025-03-05,23,10.2,95,2.7,2.7,0.0,0.0,63,Moderate Rain,100,,20.8,64.1,Rain,50.36
2025-03-06T00:00,2025-03-06,0,11.6,91,0.2,0.2,0.0,0.0,51,Light Drizzle,75,,22.9,48.6,Rain,52.879999999999995
2025-03-06T01:00,2025-03-06,1,11.6,94,0.0,0.0,0.0,0.0,3,Overcast,100,,15.8,47.2,Cloudy,52.879999999999995
2025-03-06T02:00,2025-03-06,2,11.6,95,0.0,0.0,0.0,0.0,3,Overcast,100,,13.0,31.7,Cloudy,52.879999999999995
2025-03-06T03:00,2025-03-06,3,12.0,96,0.0,0.0,0.0,0.0,3,Overcast,100,,13.0,25.9,Cloudy,53.6
2025-03-06T04:00,2025-03-06,4,11.8,95,0.0,0.0,0.0,0.0,3,Overcast,100,,14.5,28.8,Cloudy,53.24
2025-03-06T05:00,2025-03-06,5,10.6,90,0.0,0.0,0.0,0.0,3,Overcast,90,,15.0,30.2,Cloudy,51.08
2025-03-06T06:00,2025-03-06,6,8.9,84,0.0,0.0,0.0,0.0,3,Overcast,100,,14.8,31.0,Cloudy,48.02
2025-03-06T07:00,2025-03-06,7,7.7,79,0.0,0.0,0.0,0.0,3,Overcast,81,,13.4,31.0,Cloudy,45.86
2025-03-06T08:00,2025-03-06,8,11.1,86,0.0,0.0,0.0,0.0,2,Partly Cloudy,62,,9.1,23.4,Cloudy,51.98
2025-03-06T09:00,2025-03-06,9,11.2,77,0.0,0.0,0.0,0.0,1,Mainly Clear,21,,11.6,27.4,Clear,52.16
2025-03-06T10:00,2025-03-06,10,11.6,68,0.0,0.0,0.0,0.0,3,Overcast,98,,13.7,33.8,Cloudy,52.879999999999995
2025-03-06T11:00,2025-03-06,11,11.9,61,0.0,0.0,0.0,0.0,2,Partly Cloudy,51,,14.8,36.7,Cloudy,53.42
2025-03-06T12:00,2025-03-06,12,12.1,54,0.0,0.0,0.0,0.0,0,Clear,6,,16.5,40.7,Clear,53.78
2025-03-06T13:00,2025-03-06,13,11.9,52,0.0,0.0,0.0,0.0,0,Clear,8,,17.2,42.8,Clear,53.42
2025-03-06T14:00,2025-03-06,14,12.1,51,0.0,0.0,0.0,0.0,0,Clear,17,,16.4,42.8,Clear,53.78
2025-03-06T15:00,2025-03-06,15,12.2,48,0.0,0.0,0.0,0.0,1,Mainly Clear,36,,16.1,40.3,Clear,53.96
2025-03-06T16:00,2025-03-06,16,11.6,44,0.0,0.0,0.0,0.0,3,Overcast,99,,18.1,45.4,Cloudy,52.879999999999995
2025-03-06T17:00,2025-03-06,17,9.6,49,0.0,0.0,0.0,0.0,3,Overcast,100,,20.3,47.2,Cloudy,49.28
2025-03-06T18:00,2025-03-06,18,6.6,48,0.0,0.0,0.0,0.0,3,Overcast,97,,23.9,55.4,Cloudy,43.879999999999995
2025-03-06T19:00,2025-03-06,19,4.2,49,0.0,0.0,0.0,0.0,0,Clear,2,,25.2,58.0,Clear,39.56
2025-03-06T20:00,2025-03-06,20,4.0,52,0.0,0.0,0.0,0.0,3,Overcast,81,,21.7,50.4,Cloudy,39.2
2025-03-06T21:00,2025-03-06,21,2.9,57,0.0,0.0,0.0,0.0,3,Overcast,100,,19.6,49.7,Cloudy,37.22
2025-03-06T22:00,2025-03-06,22,2.3,57,0.0,0.0,0.0,0.0,3,Overcast,99,,20.7,47.9,Cloudy,36.14
2025-03-06T23:00,2025-03-06,23,1.2,55,0.0,0.0,0.0,0.0,1,Mainly Clear,46,,18.8,50.0,Clear,34.16
2025-03-07T00:00,2025-03-07,0,0.6,59,0.0,0.0,0.0,0.0,0,Clear,5,,13.7,46.4,Clear,33.08
2025-03-07T01:00,2025-03-07,1,0.5,60,0.0,0.0,0.0,0.0,2,Partly Cloudy,67,,16.2,41.4,Cloudy,32.9
2025-03-07T02:00,2025-03-07,2,0.6,61,0.0,0.0,0.0,0.0,3,Overcast,85,,16.9,42.5,Cloudy,33.08
2025-03-07T03:00,2025-03-07,3,0.8,61,0.0,0.0,0.0,0.0,0,Clear,16,,16.6,37.4,Clear,33.44
2025-03-07T04:00,2025-03-07,4,0.2,61,0.0,0.0,0.0,0.0,2,Partly Cloudy,64,,18.6,35.6,Cloudy,32.36
2025-03-07T05:00,2025-03-07,5,-0.3,61,0.0,0.0,0.0,0.0,0,Clear,7,,17.7,46.4,Clear,31.46
2025-03-07T06:00,2025-03-07,6,-0.6,61,0.0,0.0,0.0,0.0,0,Clear,0,,16.4,44.3,Clear,30.92
2025-03-07T07:00,2025-03-07,7,-0.8,59,0.0,0.0,0.0,0.0,0,Clear,0,,16.1,39.2,Clear,30.56
2025-03-07T08:00,2025-03-07,8,1.9,47,0.0,0.0,0.0,0.0,0,Clear,1,,13.9,46.1,Clear,35.42
2025-03-07T09:00,2025-03-07,9,3.3,43,0.0,0.0,0.0,0.0,0,Clear,5,,20.4,47.5,Clear,37.94
2025-03-07T10:00,2025-03-07,10,4.6,42,0.0,0.0,0.0,0.0,2,Partly Cloudy,71,,22.7,48.2,Cloudy,40.28
2025-03-07T11:00,2025-03-07,11,5.4,39,0.0,0.0,0.0,0.0,3,Overcast,98,,30.4,70.6,Cloudy,41.72
2025-03-07T12:00,2025-03-07,12,6.6,33,0.0,0.0,0.0,0.0,0,Clear,11,,30.4,70.6,Clear,43.879999999999995
2025-03-07T13:00,2025-03-07,13,7.4,30,0.0,0.0,0.0,0.0,1,Mainly Clear,49,,29.9,70.6,Clear,45.32
2025-03-07T14:00,2025-03-07,14,7.9,31,0.0,0.0,0.0,0.0,0,Clear,1,,24.2,69.5,Clear,46.22
2025-03-07T15:00,2025-03-07,15,8.2,31,0.0,0.0,0.0,0.0,0,Clear,1,,22.7,57.2,Clear,46.76
2025-03-07T16:00,2025-03-07,16,8.1,30,0.0,0.0,0.0,0.0,0,Clear,7,,22.0,52.6,Clear,46.58
2025-03-07T17:00,2025-03-07,17,7.6,34,0.0,0.0,0.0,0.0,0,Clear,2,,15.4,49.3,Clear,45.68
2025-03-07T18:00,2025-03-07,18,6.4,35,0.0,0.0,0.0,0.0,1,Mainly Clear,33,,12.8,34.9,Clear,43.519999999999996
2025-03-07T19:00,2025-03-07,19,5.3,40,0.0,0.0,0.0,0.0,3,Overcast,84,,10.2,28.4,Cloudy,41.54
2025-03-07T20:00,2025-03-07,20,5.3,44,0.0,0.0,0.0,0.0,3,Overcast,80,,10.6,21.6,Cloudy,41.54
2025-03-07T21:00,2025-03-07,21,5.8,35,0.0,0.0,0.0,0.0,1,Mainly Clear,41,,15.6,34.2,Clear,42.44
2025-03-07T22:00,2025-03-07,22,5.3,38,0.0,0.0,0.0,0.0,1,Mainly Clear,46,,11.9,33.5,Clear,41.54
2025-03-07T23:00,2025-03-07,23,4.2,44,0.0,0.0,0.0,0.0,3,Overcast,99,,9.4,25.2,Cloudy,39.56
2025-03-08T00:00,2025-03-08,0,3.4,51,0.0,0.0,0.0,0.0,3,Overcast,100,,6.6,19.8,Cloudy,38.12
2025-03-08T01:00,2025-03-08,1,2.4,59,0.0,0.0,0.0,0.0,3,Overcast,100,,4.8,13.3,Cloudy,36.32
2025-03-08T02:00,2025-03-08,2,2.6,63,0.0,0.0,0.0,0.0,3,Overcast,100,,3.8,8.6,Cloudy,36.68
2025-03-08T03:00,2025-03-08,3,2.5,64,0.0,0.0,0.0,0.0,3,Overcast,99,,3.7,7.2,Cloudy,36.5
2025-03-08T04:00,2025-03-08,4,2.2,65,0.0,0.0,0.0,0.0,3,Overcast,100,,4.5,9.4,Cloudy,35.96
2025-03-08T05:00,2025-03-08,5,2.0,65,0.0,0.0,0.0,0.0,2,Partly Cloudy,75,,6.1,12.2,Cloudy,35.6
2025-03-08T06:00,2025-03-08,6,1.0,70,0.0,0.0,0.0,0.0,1,Mainly Clear,27,,8.0,16.2,Clear,33.8
2025-03-08T07:00,2025-03-08,7,1.1,71,0.0,0.0,0.0,0.0,1,Mainly Clear,45,,11.1,23.0,Clear,33.98
2025-03-08T08:00,2025-03-08,8,4.1,57,0.0,0.0,0.0,0.0,0,Clear,0,,8.7,21.2,Clear,39.38
2025-03-08T09:00,2025-03-08,9,5.7,54,0.0,0.0,0.0,0.0,3,Overcast,89,,14.8,32.0,Cloudy,42.260000000000005
2025-03-08T10:00,2025-03-08,10,6.2,46,0.0,0.0,0.0,0.0,3,Overcast,90,,22.5,51.5,Cloudy,43.16
2025-03-08T11:00,2025-03-08,11,5.3,47,0.0,0.0,0.0,0.0,3,Overcast,89,,21.6,52.6,Cloudy,41.54
2025-03-08T12:00,2025-03-08,12,5.2,42,0.0,0.0,0.0,0.0,1,Mainly Clear,32,,22.7,54.0,Clear,41.36
2025-03-08T13:00,2025-03-08,13,5.1,37,0.0,0.0,0.0,0.0,0,Clear,0,,21.7,55.1,Clear,41.18
2025-03-08T14:00,2025-03-08,14,5.7,33,0.0,0.0,0.0,0.0,0,Clear,0,,20.8,52.6,Clear,42.260000000000005
2025-03-08T15:00,2025-03-08,15,5.8,32,0.0,0.0,0.0,0.0,0,Clear,0,,21.0,50.8,Clear,42.44
2025-03-08T16:00,2025-03-08,16,5.1,34,0.0,0.0,0.0,0.0,0,Clear,0,,22.0,50.8,Clear,41.18
2025-03-08T17:00,2025-03-08,17,4.6,35,0.0,0.0,0.0,0.0,0,Clear,0,,18.1,50.8,Clear,40.28
2025-03-08T18:00,2025-03-08,18,3.4,39,0.0,0.0,0.0,0.0,0,Clear,0,,17.3,41.4,Clear,38.12
2025-03-08T19:00,2025-03-08,19,2.5,42,0.0,0.0,0.0,0.0,0,Clear,0,,17.3,39.2,Clear,36.5
2025-03-08T20:00,2025-03-08,20,3.0,42,0.0,0.0,0.0,0.0,0,Clear,0,,13.6,34.2,Clear,37.4
2025-03-08T21:00,2025-03-08,21,2.3,44,0.0,0.0,0.0,0.0,0,Clear,0,,14.6,32.4,Clear,36.14
2025-03-08T22:00,2025-03-08,22,1.8,46,0.0,0.0,0.0,0.0,0,Clear,0,,13.9,31.7,Clear,35.24
2025-03-08T23:00,2025-03-08,23,1.1,49,0.0,0.0,0.0,0.0,0,Clear,0,,15.0,32.8,Clear,33.98
2025-03-09T00:00,2025-03-09,0,0.4,53,0.0,0.0,0.0,0.0,0,Clear,0,,14.1,32.8,Clear,32.72
2025-03-09T01:00,2025-03-09,1,-0.2,57,0.0,0.0,0.0,0.0,0,Clear,0,,13.4,30.6,Clear,31.64
2025-03-09T02:00,2025-03-09,2,-0.9,60,0.0,0.0,0.0,0.0,0,Clear,0,,12.6,29.2,Clear,30.38
2025-03-09T03:00,2025-03-09,3,-1.3,62,0.0,0.0,0.0,0.0,0,Clear,0,,11.7,27.7,Clear,29.66
2025-03-09T04:00,2025-03-09,4,-1.7,65,0.0,0.0,0.0,0.0,0,Clear,0,,9.4,25.2,Clear,28.94
2025-03-09T05:00,2025-03-09,5,-2.1,69,0.0,0.0,0.0,0.0,0,Clear,0,,6.6,20.5,Clear,28.22
2025-03-09T06:00,2025-03-09,6,-2.3,70,0.0,0.0,0.0,0.0,0,Clear,0,,7.1,15.5,Clear,27.86
2025-03-09T07:00,2025-03-09,7,-2.0,71,0.0,0.0,0.0,0.0,0,Clear,0,,8.0,17.3,Clear,28.4
2025-03-09T08:00,2025-03-09,8,0.2,59,0.0,0.0,0.0,0.0,1,Mainly Clear,36,,8.3,20.5,Clear,32.36
2025-03-09T09:00,2025-03-09,9,1.9,54,0.0,0.0,0.0,0.0,1,Mainly Clear,40,,9.4,25.2,Clear,35.42
2025-03-09T10:00,2025-03-09,10,3.7,48,0.0,0.0,0.0,0.0,0,Clear,0,,11.7,31.0,Clear,38.660000000000004
2025-03-09T11:00,2025-03-09,11,5.5,46,0.0,0.0,0.0,0.0,3,Overcast,81,,14.8,37.8,Cloudy,41.9
2025-03-09T12:00,2025-03-09,12,6.7,46,0.0,0.0,0.0,0.0,1,Mainly Clear,26,,14.7,38.2,Clear,44.06
2025-03-09T13:00,2025-03-09,13,9.2,43,0.0,0.0,0.0,0.0,1,Mainly Clear,43,,18.9,43.6,Clear,48.56
2025-03-09T14:00,2025-03-09,14,9.4,42,0.0,0.0,0.0,0.0,3,Overcast,97,,24.4,57.2,Cloudy,48.92
2025-03-09T15:00,2025-03-09,15,9.9,37,0.0,0.0,0.0,0.0,3,Overcast,96,,23.8,63.4,Cloudy,49.82
2025-03-09T16:00,2025-03-09,16,10.4,38,0.0,0.0,0.0,0.0,0,Clear,10,,14.1,55.4,Clear,50.72
2025-03-09T17:00,2025-03-09,17,10.1,41,0.0,0.0,0.0,0.0,0,Clear,0,,7.2,31.7,Clear,50.18
2025-03-09T18:00,2025-03-09,18,7.2,52,0.0,0.0,0.0,0.0,0,Clear,0,,6.1,15.8,Clear,44.96
2025-03-09T19:00,2025-03-09,19,6.1,55,0.0,0.0,0.0,0.0,0,Clear,0,,6.3,13.3,Clear,42.980000000000004
2025-03-09T20:00,2025-03-09,20,6.4,52,0.0,0.0,0.0,0.0,0,Clear,0,,7.3,14.8,Clear,43.519999999999996
2025-03-09T21:00,2025-03-09,21,5.4,56,0.0,0.0,0.0,0.0,1,Mainly Clear,29,,6.5,15.1,Clear,41.72
2025-03-09T22:00,2025-03-09,22,5.3,54,0.0,0.0,0.0,0.0,2,Partly Cloudy,58,,7.8,15.8,Cloudy,41.54
2025-03-09T23:00,2025-03-09,23,4.8,57,0.0,0.0,0.0,0.0,2,Partly Cloudy,72,,7.6,16.6,Cloudy,40.64
2025-03-10T00:00,2025-03-10,0,4.6,57,0.0,0.0,0.0,0.0,1,Mainly Clear,27,,9.0,18.4,Clear,40.28
2025-03-10T01:00,2025-03-10,1,4.2,59,0.0,0.0,0.0,0.0,0,Clear,14,,8.2,18.7,Clear,39.56
2025-03-10T02:00,2025-03-10,2,3.8,60,0.0,0.0,0.0,0.0,0,Clear,7,,10.2,20.5,Clear,38.839999999999996
2025-03-10T03:00,2025-03-10,3,3.7,61,0.0,0.0,0.0,0.0,0,Clear,6,,12.6,25.6,Clear,38.660000000000004
2025-03-10T04:00,2025-03-10,4,3.8,62,0.0,0.0,0.0,0.0,1,Mainly Clear,22,,13.2,27.7,Clear,38.839999999999996
2025-03-10T05:00,2025-03-10,5,3.8,63,0.0,0.0,0.0,0.0,0,Clear,0,,12.8,27.7,Clear,38.839999999999996
2025-03-10T06:00,2025-03-10,6,3.8,64,0.0,0.0,0.0,0.0,0,Clear,0,,12.1,26.6,Clear,38.839999999999996
2025-03-10T07:00,2025-03-10,7,4.1,65,0.0,0.0,0.0,0.0,0,Clear,0,,11.9,24.8,Clear,39.38
2025-03-10T08:00,2025-03-10,8,7.0,58,0.0,0.0,0.0,0.0,0,Clear,0,,8.5,21.6,Clear,44.6
2025-03-10T09:00,2025-03-10,9,9.5,54,0.0,0.0,0.0,0.0,0,Clear,8,,5.2,15.5,Clear,49.1
2025-03-10T10:00,2025-03-10,10,11.9,51,0.0,0.0,0.0,0.0,0,Clear,0,,5.5,17.6,Clear,53.42
2025-03-10T11:00,2025-03-10,11,13.6,49,0.0,0.0,0.0,0.0,0,Clear,0,,6.5,20.5,Clear,56.48
2025-03-10T12:00,2025-03-10,12,14.9,46,0.0,0.0,0.0,0.0,0,Clear,0,,5.8,20.5,Clear,58.82
2025-03-10T13:00,2025-03-10,13,16.0,44,0.0,0.0,0.0,0.0,0,Clear,0,,5.8,19.8,Clear,60.8
2025-03-10T14:00,2025-03-10,14,16.9,42,0.0,0.0,0.0,0.0,0,Clear,0,,7.1,20.5,Clear,62.42
2025-03-10T15:00,2025-03-10,15,17.1,42,0.0,0.0,0.0,0.0,0,Clear,0,,8.9,23.8,Clear,62.78
2025-03-10T16:00,2025-03-10,16,16.4,46,0.0,0.0,0.0,0.0,0,Clear,0,,8.2,23.8,Clear,61.519999999999996
2025-03-10T17:00,2025-03-10,17,13.9,62,0.0,0.0,0.0,0.0,0,Clear,0,,9.1,21.6,Clear,57.02
2025-03-10T18:00,2025-03-10,18,11.9,71,0.0,0.0,0.0,0.0,0,Clear,0,,8.7,22.0,Clear,53.42
2025-03-10T19:00,2025-03-10,19,11.9,65,0.0,0.0,0.0,0.0,0,Clear,0,,9.1,19.1,Clear,53.42
2025-03-10T20:00,2025-03-10,20,10.8,66,0.0,0.0,0.0,0.0,0,Clear,0,,5.8,14.0,Clear,51.44
2025-03-10T21:00,2025-03-10,21,9.9,66,0.0,0.0,0.0,0.0,0,Clear,0,,6.2,11.9,Clear,49.82
2025-03-10T22:00,2025-03-10,22,9.4,68,0.0,0.0,0.0,0.0,0,Clear,0,,6.9,14.8,Clear,48.92
2025-03-10T23:00,2025-03-10,23,8.6,69,0.0,0.0,0.0,0.0,0,Clear,0,,7.0,14.0,Clear,47.48
2025-03-11T00:00,2025-03-11,0,7.7,70,0.0,0.0,0.0,0.0,0,Clear,0,,6.5,14.4,Clear,45.86
2025-03-11T01:00,2025-03-11,1,6.3,74,0.0,0.0,0.0,0.0,0,Clear,0,,5.2,12.6,Clear,43.34
2025-03-11T02:00,2025-03-11,2,5.8,73,0.0,0.0,0.0,0.0,0,Clear,0,,3.6,9.4,Clear,42.44
2025-03-11T03:00,2025-03-11,3,5.1,75,0.0,0.0,0.0,0.0,0,Clear,0,,3.4,5.0,Clear,41.18
2025-03-11T04:00,2025-03-11,4,4.3,77,0.0,0.0,0.0,0.0,0,Clear,0,,2.8,5.8,Clear,39.74
2025-03-11T05:00,2025-03-11,5,3.6,80,0.0,0.0,0.0,0.0,0,Clear,0,,2.7,4.0,Clear,38.48
2025-03-11T06:00,2025-03-11,6,2.8,83,0.0,0.0,0.0,0.0,0,Clear,0,,2.9,6.1,Clear,37.04
2025-03-11T07:00,2025-03-11,7,4.0,80,0.0,0.0,0.0,0.0,0,Clear,0,,7.2,13.3,Clear,39.2
2025-03-11T08:00,2025-03-11,8,5.9,72,0.0,0.0,0.0,0.0,0,Clear,0,,7.2,17.3,Clear,42.620000000000005
2025-03-11T09:00,2025-03-11,9,8.8,65,0.0,0.0,0.0,0.0,0,Clear,0,,4.1,15.5,Clear,47.84
2025-03-11T10:00,2025-03-11,10,11.6,59,0.0,0.0,0.0,0.0,0,Clear,0,,4.7,16.6,Clear,52.879999999999995
2025-03-11T11:00,2025-03-11,11,14.1,51,0.0,0.0,0.0,0.0,0,Clear,0,,7.6,22.0,Clear,57.379999999999995
2025-03-11T12:00,2025-03-11,12,15.4,44,0.0,0.0,0.0,0.0,0,Clear,0,,11.2,29.9,Clear,59.72
2025-03-11T13:00,2025-03-11,13,16.0,44,0.0,0.0,0.0,0.0,0,Clear,0,,10.8,30.6,Clear,60.8
2025-03-11T14:00,2025-03-11,14,16.1,46,0.0,0.0,0.0,0.0,0,Clear,0,,10.3,29.2,Clear,60.980000000000004
2025-03-11T15:00,2025-03-11,15,15.4,51,0.0,0.0,0.0,0.0,0,Clear,0,,10.4,27.7,Clear,59.72
2025-03-11T16:00,2025-03-11,16,13.8,56,0.0,0.0,0.0,0.0,0,Clear,0,,10.3,27.4,Clear,56.84
2025-03-11T17:00,2025-03-11,17,12.1,64,0.0,0.0,0.0,0.0,0,Clear,1,,8.8,24.8,Clear,53.78
2025-03-11T18:00,2025-03-11,18,10.8,68,0.0,0.0,0.0,0.0,0,Clear,19,,7.3,19.1,Clear,51.44
2025-03-11T19:00,2025-03-11,19,9.8,74,0.0,0.0,0.0,0.0,1,Mainly Clear,35,,4.8,15.1,Clear,49.64
2025-03-11T20:00,2025-03-11,20,10.6,67,0.0,0.0,0.0,0.0,1,Mainly Clear,30,,6.3,14.8,Clear,51.08
2025-03-11T21:00,2025-03-11,21,10.4,68,0.0,0.0,0.0,0.0,1,Mainly Clear,49,,7.0,13.0,Clear,50.72
2025-03-11T22:00,2025-03-11,22,9.9,70,0.0,0.0,0.0,0.0,1,Mainly Clear,33,,6.1,15.1,Clear,49.82
2025-03-11T23:00,2025-03-11,23,10.6,66,0.0,0.0,0.0,0.0,0,Clear,6,,10.2,20.9,Clear,51.08
2025-03-12T00:00,2025-03-12,0,9.5,55,0.0,0.0,0.0,0.0,0,Clear,0,,13.2,28.8,Clear,49.1
2025-03-12T01:00,2025-03-12,1,8.2,49,0.0,0.0,0.0,0.0,0,Clear,0,,12.9,28.1,Clear,46.76
2025-03-12T02:00,2025-03-12,2,7.0,42,0.0,0.0,0.0,0.0,2,Partly Cloudy,50,,15.0,31.3,Cloudy,44.6
2025-03-12T03:00,2025-03-12,3,5.8,42,0.0,0.0,0.0,0.0,2,Partly Cloudy,60,,14.7,32.4,Cloudy,42.44
2025-03-12T04:00,2025-03-12,4,4.7,47,0.0,0.0,0.0,0.0,2,Partly Cloudy,79,,13.1,31.3,Cloudy,40.46
2025-03-12T05:00,2025-03-12,5,3.8,54,0.0,0.0,0.0,0.0,2,Partly Cloudy,78,,11.5,28.1,Cloudy,38.839999999999996
2025-03-12T06:00,2025-03-12,6,3.2,59,0.0,0.0,0.0,0.0,3,Overcast,91,,11.7,24.5,Cloudy,37.76
2025-03-12T07:00,2025-03-12,7,3.2,63,0.0,0.0,0.0,0.0,3,Overcast,96,,13.4,28.4,Cloudy,37.76
2025-03-12T08:00,2025-03-12,8,6.4,46,0.0,0.0,0.0,0.0,3,Overcast,98,,9.1,22.3,Cloudy,43.519999999999996
2025-03-12T09:00,2025-03-12,9,7.4,44,0.0,0.0,0.0,0.0,3,Overcast,99,,11.2,28.4,Cloudy,45.32
2025-03-12T10:00,2025-03-12,10,8.5,45,0.0,0.0,0.0,0.0,2,Partly Cloudy,62,,11.5,30.2,Cloudy,47.3
2025-03-12T11:00,2025-03-12,11,9.4,41,0.0,0.0,0.0,0.0,3,Overcast,85,,9.4,30.6,Cloudy,48.92
2025-03-12T12:00,2025-03-12,12,10.1,39,0.0,0.0,0.0,0.0,3,Overcast,89,,7.3,27.0,Cloudy,50.18
2025-03-12T13:00,2025-03-12,13,10.8,39,0.0,0.0,0.0,0.0,3,Overcast,86,,7.0,23.0,Cloudy,51.44
2025-03-12T14:00,2025-03-12,14,11.2,39,0.0,0.0,0.0,0.0,3,Overcast,95,,5.8,21.2,Cloudy,52.16
2025-03-12T15:00,2025-03-12,15,11.4,41,0.0,0.0,0.0,0.0,3,Overcast,91,,5.7,18.7,Cloudy,52.52
2025-03-12T16:00,2025-03-12,16,10.9,45,0.0,0.0,0.0,0.0,1,Mainly Clear,26,,7.5,20.5,Clear,51.620000000000005
2025-03-12T17:00,2025-03-12,17,9.4,54,0.0,0.0,0.0,0.0,0,Clear,13,,7.7,20.5,Clear,48.92
2025-03-12T18:00,2025-03-12,18,7.2,65,0.0,0.0,0.0,0.0,1,Mainly Clear,20,,6.5,18.4,Clear,44.96
2025-03-12T19:00,2025-03-12,19,5.8,70,0.0,0.0,0.0,0.0,0,Clear,16,,6.2,14.4,Clear,42.44
2025-03-12T20:00,2025-03-12,20,5.2,76,0.0,0.0,0.0,0.0,0,Clear,15,,3.4,15.8,Clear,41.36
2025-03-12T21:00,2025-03-12,21,4.9,76,0.0,0.0,0.0,0.0,1,Mainly Clear,27,,3.9,8.6,Clear,40.82
2025-03-12T22:00,2025-03-12,22,4.4,77,0.0,0.0,0.0,0.0,0,Clear,3,,4.6,10.1,Clear,39.92
2025-03-12T23:00,2025-03-12,23,4.0,80,0.0,0.0,0.0,0.0,1,Mainly Clear,20,,5.4,11.2,Clear,39.2
2025-03-13T00:00,2025-03-13,0,3.9,83,0.0,0.0,0.0,0.0,3,Overcast,90,,8.1,16.9,Cloudy,39.02
2025-03-13T01:00,2025-03-13,1,3.8,82,0.0,0.0,0.0,0.0,1,Mainly Clear,32,,9.1,19.8,Clear,38.839999999999996
2025-03-13T02:00,2025-03-13,2,3.3,80,0.0,0.0,0.0,0.0,1,Mainly Clear,24,,8.6,19.8,Clear,37.94
2025-03-13T03:00,2025-03-13,3,3.0,78,0.0,0.0,0.0,0.0,0,Clear,2,,8.4,18.7,Clear,37.4
2025-03-13T04:00,2025-03-13,4,2.5,76,0.0,0.0,0.0,0.0,0,Clear,1,,7.9,18.7,Clear,36.5
2025-03-13T05:00,2025-03-13,5,2.3,73,0.0,0.0,0.0,0.0,0,Clear,0,,8.1,17.6,Clear,36.14
2025-03-13T06:00,2025-03-13,6,2.0,73,0.0,0.0,0.0,0.0,0,Clear,6,,8.1,18.0,Clear,35.6
2025-03-13T07:00,2025-03-13,7,2.2,75,0.0,0.0,0.0,0.0,3,Overcast,85,,8.9,18.4,Cloudy,35.96
2025-03-13T08:00,2025-03-13,8,3.8,74,0.0,0.0,0.0,0.0,3,Overcast,100,,9.0,21.2,Cloudy,38.839999999999996
2025-03-13T09:00,2025-03-13,9,5.6,66,0.0,0.0,0.0,0.0,2,Partly Cloudy,72,,10.9,28.1,Cloudy,42.08
2025-03-13T10:00,2025-03-13,10,7.2,61,0.0,0.0,0.0,0.0,3,Overcast,97,,9.6,28.8,Cloudy,44.96
2025-03-13T11:00,2025-03-13,11,8.7,60,0.0,0.0,0.0,0.0,2,Partly Cloudy,54,,8.8,27.0,Cloudy,47.66
2025-03-13T12:00,2025-03-13,12,9.9,54,0.0,0.0,0.0,0.0,2,Partly Cloudy,78,,9.1,27.0,Cloudy,49.82
2025-03-13T13:00,2025-03-13,13,10.4,52,0.0,0.0,0.0,0.0,2,Partly Cloudy,72,,9.6,28.8,Cloudy,50.72
2025-03-13T14:00,2025-03-13,14,10.4,53,0.0,0.0,0.0,0.0,1,Mainly Clear,40,,9.9,28.8,Clear,50.72
2025-03-13T15:00,2025-03-13,15,10.4,55,0.0,0.0,0.0,0.0,3,Overcast,100,,8.8,28.4,Cloudy,50.72
2025-03-13T16:00,2025-03-13,16,9.8,57,0.0,0.0,0.0,0.0,3,Overcast,100,,8.6,24.8,Cloudy,49.64
2025-03-13T17:00,2025-03-13,17,8.2,65,0.0,0.0,0.0,0.0,3,Overcast,100,,9.0,23.4,Cloudy,46.76
2025-03-13T18:00,2025-03-13,18,6.6,74,0.0,0.0,0.0,0.0,1,Mainly Clear,27,,7.6,22.3,Clear,43.879999999999995
2025-03-13T19:00,2025-03-13,19,5.7,80,0.0,0.0,0.0,0.0,0,Clear,6,,6.5,18.0,Clear,42.260000000000005
2025-03-13T20:00,2025-03-13,20,5.1,79,0.0,0.0,0.0,0.0,0,Clear,0,,4.9,13.0,Clear,41.18
2025-03-13T21:00,2025-03-13,21,4.2,83,0.0,0.0,0.0,0.0,1,Mainly Clear,21,,3.9,11.5,Clear,39.56
2025-03-13T22:00,2025-03-13,22,3.6,85,0.0,0.0,0.0,0.0,0,Clear,14,,4.7,10.1,Clear,38.48
2025-03-13T23:00,2025-03-13,23,3.1,85,0.0,0.0,0.0,0.0,1,Mainly Clear,20,,6.3,13.0,Clear,37.58
2025-03-14T00:00,2025-03-14,0,2.7,85,0.0,0.0,0.0,0.0,0,Clear,12,,6.9,14.4,Clear,36.86
2025-03-14T01:00,2025-03-14,1,2.3,85,0.0,0.0,0.0,0.0,1,Mainly Clear,48,,7.7,15.8,Clear,36.14
2025-03-14T02:00,2025-03-14,2,2.1,87,0.0,0.0,0.0,0.0,1,Mainly Clear,26,,8.2,17.3,Clear,35.78
2025-03-14T03:00,2025-03-14,3,1.9,87,0.0,0.0,0.0,0.0,1,Mainly Clear,33,,8.0,16.9,Clear,35.42
2025-03-14T04:00,2025-03-14,4,1.5,86,0.0,0.0,0.0,0.0,1,Mainly Clear,20,,7.2,16.2,Clear,34.7
2025-03-14T05:00,2025-03-14,5,1.2,85,0.0,0.0,0.0,0.0,0,Clear,8,,6.3,14.8,Clear,34.16
2025-03-14T06:00,2025-03-14,6,0.8,86,0.0,0.0,0.0,0.0,0,Clear,0,,6.2,13.3,Clear,33.44
2025-03-14T07:00,2025-03-14,7,1.3,84,0.0,0.0,0.0,0.0,0,Clear,0,,7.6,14.0,Clear,34.34
2025-03-14T08:00,2025-03-14,8,4.6,73,0.0,0.0,0.0,0.0,0,Clear,0,,4.8,14.8,Clear,40.28
2025-03-14T09:00,2025-03-14,9,6.5,66,0.0,0.0,0.0,0.0,0,Clear,0,,5.3,18.0,Clear,43.7
2025-03-14T10:00,2025-03-14,10,8.4,66,0.0,0.0,0.0,0.0,0,Clear,2,,4.0,18.0,Clear,47.120000000000005
2025-03-14T11:00,2025-03-14,11,10.2,65,0.0,0.0,0.0,0.0,3,Overcast,84,,3.9,17.3,Cloudy,50.36
2025-03-14T12:00,2025-03-14,12,11.8,64,0.0,0.0,0.0,0.0,0,Clear,15,,3.8,17.6,Clear,53.24
2025-03-14T13:00,2025-03-14,13,12.7,63,0.0,0.0,0.0,0.0,3,Overcast,92,,3.5,17.6,Cloudy,54.86
2025-03-14T14:00,2025-03-14,14,12.9,64,0.0,0.0,0.0,0.0,1,Mainly Clear,45,,5.6,20.2,Clear,55.22
2025-03-14T15:00,2025-03-14,15,12.4,64,0.0,0.0,0.0,0.0,3,Overcast,95,,8.1,23.8,Cloudy,54.32
2025-03-14T16:00,2025-03-14,16,10.6,68,0.0,0.0,0.0,0.0,3,Overcast,100,,10.5,27.7,Cloudy,51.08
2025-03-14T17:00,2025-03-14,17,8.9,73,0.0,0.0,0.0,0.0,3,Overcast,99,,8.8,27.7,Cloudy,48.02
2025-03-14T18:00,2025-03-14,18,7.4,79,0.0,0.0,0.0,0.0,3,Overcast,99,,7.8,21.6,Cloudy,45.32
2025-03-14T19:00,2025-03-14,19,6.2,86,0.0,0.0,0.0,0.0,3,Overcast,97,,6.1,17.6,Cloudy,43.16
2025-03-14T20:00,2025-03-14,20,5.6,88,0.0,0.0,0.0,0.0,1,Mainly Clear,23,,6.1,17.3,Clear,42.08
2025-03-14T21:00,2025-03-14,21,5.2,90,0.0,0.0,0.0,0.0,2,Partly Cloudy,79,,6.6,14.0,Cloudy,41.36
2025-03-14T22:00,2025-03-14,22,4.8,93,0.0,0.0,0.0,0.0,3,Overcast,91,,6.0,14.0,Cloudy,40.64
2025-03-14T23:00,2025-03-14,23,4.5,94,0.0,0.0,0.0,0.0,3,Overcast,100,,5.1,12.6,Cloudy,40.1
2025-03-15T00:00,2025-03-15,0,4.1,96,0.0,0.0,0.0,0.0,3,Overcast,98,,4.5,10.8,Cloudy,39.38
2025-03-15T01:00,2025-03-15,1,3.7,98,0.0,0.0,0.0,0.0,3,Overcast,100,,4.3,9.4,Cloudy,38.660000000000004
2025-03-15T02:00,2025-03-15,2,4.4,97,0.0,0.0,0.0,0.0,3,Overcast,100,,4.0,11.2,Cloudy,39.92
2025-03-15T03:00,2025-03-15,3,4.9,97,0.0,0.0,0.0,0.0,3,Overcast,100,,5.0,9.7,Cloudy,40.82
2025-03-15T04:00,2025-03-15,4,4.9,98,0.0,0.0,0.0,0.0,3,Overcast,100,,5.6,11.9,Cloudy,40.82
2025-03-15T05:00,2025-03-15,5,4.8,99,0.0,0.0,0.0,0.0,3,Overcast,100,,5.7,12.6,Cloudy,40.64
2025-03-15T06:00,2025-03-15,6,5.0,98,0.0,0.0,0.0,0.0,3,Overcast,100,,6.0,12.2,Cloudy,41.0
2025-03-15T07:00,2025-03-15,7,5.5,96,0.0,0.0,0.0,0.0,3,Overcast,100,,5.6,13.3,Cloudy,41.9
2025-03-15T08:00,2025-03-15,8,5.8,90,0.0,0.0,0.0,0.0,3,Overcast,100,,11.0,26.6,Cloudy,42.44
2025-03-15T09:00,2025-03-15,9,6.4,87,0.0,0.0,0.0,0.0,3,Overcast,100,,11.7,28.1,Cloudy,43.519999999999996
2025-03-15T10:00,2025-03-15,10,6.9,85,0.0,0.0,0.0,0.0,3,Overcast,100,,11.9,29.2,Cloudy,44.42
2025-03-15T11:00,2025-03-15,11,7.7,83,0.0,0.0,0.0,0.0,3,Overcast,100,,10.7,28.8,Cloudy,45.86
2025-03-15T12:00,2025-03-15,12,8.4,82,0.0,0.0,0.0,0.0,3,Overcast,100,,9.4,26.6,Cloudy,47.120000000000005
2025-03-15T13:00,2025-03-15,13,9.1,81,0.0,0.0,0.0,0.0,3,Overcast,100,,11.3,28.8,Cloudy,48.379999999999995
2025-03-15T14:00,2025-03-15,14,9.2,82,0.0,0.0,0.0,0.0,3,Overcast,100,,11.1,28.8,Cloudy,48.56
2025-03-15T15:00,2025-03-15,15,8.9,86,0.0,0.0,0.0,0.0,3,Overcast,100,,11.1,28.1,Cloudy,48.02
2025-03-15T16:00,2025-03-15,16,8.6,90,0.0,0.0,0.0,0.0,3,Overcast,100,,11.5,27.0,Cloudy,47.48
2025-03-15T17:00,2025-03-15,17,8.4,92,0.0,0.0,0.0,0.0,3,Overcast,100,,10.2,27.7,Cloudy,47.120000000000005
2025-03-15T18:00,2025-03-15,18,7.8,95,0.1,0.1,0.0,0.0,51,Light Drizzle,100,,7.9,22.7,Rain,46.04
2025-03-15T19:00,2025-03-15,19,7.7,97,0.2,0.2,0.0,0.0,51,Light Drizzle,100,,6.4,15.8,Rain,45.86
2025-03-15T20:00,2025-03-15,20,7.1,94,0.1,0.1,0.0,0.0,51,Light Drizzle,100,,8.8,23.8,Rain,44.78
2025-03-15T21:00,2025-03-15,21,7.2,96,0.1,0.1,0.0,0.0,51,Light Drizzle,100,,7.1,18.4,Rain,44.96
2025-03-15T22:00,2025-03-15,22,7.4,98,0.0,0.0,0.0,0.0,3,Overcast,100,,6.9,17.3,Cloudy,45.32
2025-03-15T23:00,2025-03-15,23,7.4,99,0.0,0.0,0.0,0.0,3,Overcast,100,,6.9,15.5,Cloudy,45.32
2025-03-16T00:00,2025-03-16,0,7.7,100,0.0,0.0,0.0,0.0,3,Overcast,100,,5.6,14.0,Cloudy,45.86
2025-03-16T01:00,2025-03-16,1,7.9,100,0.0,0.0,0.0,0.0,3,Overcast,100,,5.9,11.5,Cloudy,46.22
2025-03-16T02:00,2025-03-16,2,8.5,99,0.0,0.0,0.0,0.0,3,Overcast,100,,7.6,14.8,Cloudy,47.3
2025-03-16T03:00,2025-03-16,3,9.2,100,0.0,0.0,0.0,0.0,3,Overcast,100,,8.7,16.9,Cloudy,48.56
2025-03-16T04:00,2025-03-16,4,10.3,99,0.0,0.0,0.0,0.0,3,Overcast,100,,10.7,20.5,Cloudy,50.54
2025-03-16T05:00,2025-03-16,5,10.9,99,0.0,0.0,0.0,0.0,3,Overcast,100,,11.0,22.7,Cloudy,51.620000000000005
2025-03-16T06:00,2025-03-16,6,11.3,99,0.0,0.0,0.0,0.0,3,Overcast,100,,12.0,23.4,Cloudy,52.34
2025-03-16T07:00,2025-03-16,7,11.8,99,0.0,0.0,0.0,0.0,3,Overcast,100,,15.1,29.5,Cloudy,53.24
2025-03-16T08:00,2025-03-16,8,12.4,99,0.0,0.0,0.0,0.0,3,Overcast,100,,16.0,31.0,Cloudy,54.32
2025-03-16T09:00,2025-03-16,9,13.6,95,0.0,0.0,0.0,0.0,3,Overcast,100,,14.2,31.3,Cloudy,56.48
2025-03-16T10:00,2025-03-16,10,14.2,94,0.0,0.0,0.0,0.0,3,Overcast,100,,14.8,35.3,Cloudy,57.56
2025-03-16T11:00,2025-03-16,11,14.2,91,0.0,0.0,0.0,0.0,3,Overcast,100,,16.7,38.2,Cloudy,57.56
2025-03-16T12:00,2025-03-16,12,14.4,88,0.0,0.0,0.0,0.0,3,Overcast,100,,13.1,37.4,Cloudy,57.92
2025-03-16T13:00,2025-03-16,13,15.1,85,0.0,0.0,0.0,0.0,3,Overcast,100,,14.7,34.6,Cloudy,59.18
2025-03-16T14:00,2025-03-16,14,15.3,86,0.0,0.0,0.0,0.0,3,Overcast,100,,15.4,34.9,Cloudy,59.540000000000006
2025-03-16T15:00,2025-03-16,15,15.1,86,0.0,0.0,0.0,0.0,3,Overcast,100,,16.6,37.4,Cloudy,59.18
2025-03-16T16:00,2025-03-16,16,14.2,87,0.0,0.0,0.0,0.0,3,Overcast,100,,23.2,61.9,Cloudy,57.56
2025-03-16T17:00,2025-03-16,17,14.4,85,0.0,0.0,0.0,0.0,3,Overcast,100,,24.1,62.3,Cloudy,57.92
2025-03-16T18:00,2025-03-16,18,14.9,83,0.0,0.0,0.0,0.0,3,Overcast,100,,21.7,54.7,Cloudy,58.82
2025-03-16T19:00,2025-03-16,19,15.0,84,0.0,0.0,0.0,0.0,3,Overcast,100,,22.2,50.4,Cloudy,59.0
2025-03-16T20:00,2025-03-16,20,15.6,89,5.4,5.4,0.0,0.0,63,Moderate Rain,100,,22.9,59.8,Rain,60.08
2025-03-16T21:00,2025-03-16,21,15.9,89,2.6,2.6,0.0,0.0,63,Moderate Rain,100,,21.8,59.0,Rain,60.62
2025-03-16T22:00,2025-03-16,22,15.6,90,0.2,0.2,0.0,0.0,51,Light Drizzle,95,,24.3,53.3,Rain,60.08
2025-03-16T23:00,2025-03-16,23,14.8,93,0.4,0.4,0.0,0.0,51,Light Drizzle,100,,22.0,51.8,Rain,58.64
2025-03-17T00:00,2025-03-17,0,14.6,95,6.0,6.0,0.0,0.0,63,Moderate Rain,100,,18.8,53.3,Rain,58.28
2025-03-17T01:00,2025-03-17,1,14.6,95,3.3,3.3,0.0,0.0,63,Moderate Rain,100,,16.9,44.6,Rain,58.28
2025-03-17T02:00,2025-03-17,2,14.3,96,7.7,7.7,0.0,0.0,65,Heavy Rain,100,,5.0,41.8,Rain,57.74
2025-03-17T03:00,2025-03-17,3,14.1,97,6.6,6.6,0.0,0.0,63,Moderate Rain,100,,5.8,18.7,Rain,57.379999999999995
2025-03-17T04:00,2025-03-17,4,13.9,95,3.7,3.7,0.0,0.0,63,Moderate Rain,100,,10.6,13.7,Rain,57.02
2025-03-17T05:00,2025-03-17,5,13.4,91,0.5,0.5,0.0,0.0,53,Moderate Drizzle,100,,6.7,25.9,Rain,56.120000000000005
2025-03-17T06:00,2025-03-17,6,12.6,93,0.9,0.9,0.0,0.0,53,Moderate Drizzle,100,,5.2,11.2,Rain,54.68
2025-03-17T07:00,2025-03-17,7,12.2,95,1.6,1.6,0.0,0.0,61,Slight Rain,100,,6.1,12.2,Rain,53.96
2025-03-17T08:00,2025-03-17,8,13.4,92,0.1,0.1,0.0,0.0,51,Light Drizzle,100,,6.5,11.2,Rain,56.120000000000005
2025-03-17T09:00,2025-03-17,9,13.8,91,0.1,0.1,0.0,0.0,51,Light Drizzle,100,,7.7,15.5,Rain,56.84
2025-03-17T10:00,2025-03-17,10,14.4,85,0.0,0.0,0.0,0.0,3,Overcast,100,,10.2,25.2,Cloudy,57.92
2025-03-17T11:00,2025-03-17,11,14.1,84,0.0,0.0,0.0,0.0,3,Overcast,100,,9.6,26.3,Cloudy,57.379999999999995
2025-03-17T12:00,2025-03-17,12,14.4,71,0.0,0.0,0.0,0.0,3,Overcast,100,,16.3,37.1,Cloudy,57.92
2025-03-17T13:00,2025-03-17,13,12.8,69,0.0,0.0,0.0,0.0,3,Overcast,100,,17.1,42.5,Cloudy,55.04
2025-03-17T14:00,2025-03-17,14,12.3,60,0.0,0.0,0.0,0.0,3,Overcast,100,,15.6,40.3,Cloudy,54.14
2025-03-17T15:00,2025-03-17,15,11.9,56,0.0,0.0,0.0,0.0,3,Overcast,100,,17.4,40.3,Cloudy,53.42
2025-03-17T16:00,2025-03-17,16,10.5,54,0.0,0.0,0.0,0.0,3,Overcast,100,,18.9,43.6,Cloudy,50.9
2025-03-17T17:00,2025-03-17,17,9.5,55,0.0,0.0,0.0,0.0,3,Overcast,100,,17.0,43.6,Cloudy,49.1
2025-03-17T18:00,2025-03-17,18,7.8,57,0.0,0.0,0.0,0.0,3,Overcast,85,,18.4,42.1,Cloudy,46.04
2025-03-17T19:00,2025-03-17,19,6.3,61,0.0,0.0,0.0,0.0,0,Clear,13,,17.8,41.8,Clear,43.34
2025-03-17T20:00,2025-03-17,20,5.3,66,0.0,0.0,0.0,0.0,2,Partly Cloudy,50,,15.9,36.7,Cloudy,41.54
2025-03-17T21:00,2025-03-17,21,4.3,67,0.0,0.0,0.0,0.0,0,Clear,10,,15.9,37.1,Clear,39.74
2025-03-17T22:00,2025-03-17,22,3.3,69,0.0,0.0,0.0,0.0,0,Clear,11,,17.0,38.2,Clear,37.94
2025-03-17T23:00,2025-03-17,23,2.7,69,0.0,0.0,0.0,0.0,0,Clear,1,,16.9,38.9,Clear,36.86
2025-03-18T00:00,2025-03-18,0,2.3,68,0.0,0.0,0.0,0.0,1,Mainly Clear,21,,16.7,37.8,Clear,36.14
2025-03-18T01:00,2025-03-18,1,1.9,66,0.0,0.0,0.0,0.0,0,Clear,9,,17.8,40.0,Clear,35.42
2025-03-18T02:00,2025-03-18,2,1.6,64,0.0,0.0,0.0,0.0,0,Clear,5,,17.2,40.0,Clear,34.88
2025-03-18T03:00,2025-03-18,3,1.5,63,0.0,0.0,0.0,0.0,0,Clear,2,,15.6,38.5,Clear,34.7
2025-03-18T04:00,2025-03-18,4,1.2,63,0.0,0.0,0.0,0.0,3,Overcast,94,,16.4,36.7,Cloudy,34.16
2025-03-18T05:00,2025-03-18,5,1.0,63,0.0,0.0,0.0,0.0,0,Clear,0,,17.2,38.2,Clear,33.8
2025-03-18T06:00,2025-03-18,6,0.7,64,0.0,0.0,0.0,0.0,0,Clear,0,,16.4,38.2,Clear,33.26
2025-03-18T07:00,2025-03-18,7,1.2,62,0.0,0.0,0.0,0.0,0,Clear,0,,14.7,36.0,Clear,34.16
2025-03-18T08:00,2025-03-18,8,3.1,58,0.0,0.0,0.0,0.0,0,Clear,0,,15.9,36.4,Clear,37.58
2025-03-18T09:00,2025-03-18,9,4.9,53,0.0,0.0,0.0,0.0,0,Clear,0,,15.4,37.4,Clear,40.82
2025-03-18T10:00,2025-03-18,10,6.9,47,0.0,0.0,0.0,0.0,0,Clear,0,,16.6,41.8,Clear,44.42
2025-03-18T11:00,2025-03-18,11,8.9,44,0.0,0.0,0.0,0.0,0,Clear,0,,13.4,41.0,Clear,48.02
2025-03-18T12:00,2025-03-18,12,10.7,40,0.0,0.0,0.0,0.0,0,Clear,9,,12.4,34.9,Clear,51.26
2025-03-18T13:00,2025-03-18,13,12.1,37,0.0,0.0,0.0,0.0,0,Clear,0,,10.1,32.8,Clear,53.78
2025-03-18T14:00,2025-03-18,14,13.2,37,0.0,0.0,0.0,0.0,0,Clear,0,,6.5,27.4,Clear,55.76
2025-03-18T15:00,2025-03-18,15,13.9,36,0.0,0.0,0.0,0.0,0,Clear,0,,4.6,20.5,Clear,57.02
2025-03-18T16:00,2025-03-18,16,14.1,35,0.0,0.0,0.0,0.0,0,Clear,0,,4.8,15.5,Clear,57.379999999999995
2025-03-18T17:00,2025-03-18,17,13.8,44,0.0,0.0,0.0,0.0,0,Clear,0,,2.3,13.7,Clear,56.84
2025-03-18T18:00,2025-03-18,18,11.9,48,0.0,0.0,0.0,0.0,0,Clear,0,,0.4,5.8,Clear,53.42
2025-03-18T19:00,2025-03-18,19,10.1,53,0.0,0.0,0.0,0.0,0,Clear,0,,1.9,2.9,Clear,50.18
2025-03-18T20:00,2025-03-18,20,9.4,57,0.0,0.0,0.0,0.0,0,Clear,0,,2.5,10.1,Clear,48.92
2025-03-18T21:00,2025-03-18,21,8.6,59,0.0,0.0,0.0,0.0,0,Clear,0,,1.3,3.2,Clear,47.48
2025-03-18T22:00,2025-03-18,22,7.8,62,0.0,0.0,0.0,0.0,0,Clear,0,,2.2,4.0,Clear,46.04
2025-03-18T23:00,2025-03-18,23,6.9,68,0.0,0.0,0.0,0.0,0,Clear,0,,2.7,5.8,Clear,44.42
2025-03-19T00:00,2025-03-19,0,5.8,74,0.0,0.0,0.0,0.0,0,Clear,0,,4.0,7.6,Clear,42.44
2025-03-19T01:00,2025-03-19,1,4.9,79,0.0,0.0,0.0,0.0,0,Clear,0,,3.9,7.9,Clear,40.82
2025-03-19T02:00,2025-03-19,2,4.3,81,0.0,0.0,0.0,0.0,0,Clear,0,,4.5,9.0,Clear,39.74
2025-03-19T03:00,2025-03-19,3,4.0,79,0.0,0.0,0.0,0.0,0,Clear,0,,2.8,7.9,Clear,39.2
2025-03-19T04:00,2025-03-19,4,3.5,80,0.0,0.0,0.0,0.0,0,Clear,0,,3.3,5.4,Clear,38.3
2025-03-19T05:00,2025-03-19,5,3.0,82,0.0,0.0,0.0,0.0,0,Clear,0,,3.1,6.8,Clear,37.4
2025-03-19T06:00,2025-03-19,6,2.8,84,0.0,0.0,0.0,0.0,0,Clear,7,,2.0,5.8,Clear,37.04
2025-03-19T07:00,2025-03-19,7,4.2,81,0.0,0.0,0.0,0.0,1,Mainly Clear,38,,0.4,3.6,Clear,39.56
2025-03-19T08:00,2025-03-19,8,5.8,78,0.0,0.0,0.0,0.0,0,Clear,17,,1.9,9.7,Clear,42.44
2025-03-19T09:00,2025-03-19,9,8.7,67,0.0,0.0,0.0,0.0,0,Clear,17,,2.3,12.6,Clear,47.66
2025-03-19T10:00,2025-03-19,10,11.1,58,0.0,0.0,0.0,0.0,0,Clear,0,,4.1,16.6,Clear,51.98
2025-03-19T11:00,2025-03-19,11,12.9,51,0.0,0.0,0.0,0.0,0,Clear,0,,5.7,19.8,Clear,55.22
2025-03-19T12:00,2025-03-19,12,13.9,46,0.0,0.0,0.0,0.0,0,Clear,0,,7.5,23.0,Clear,57.02
2025-03-19T13:00,2025-03-19,13,14.2,42,0.0,0.0,0.0,0.0,0,Clear,5,,8.4,25.6,Clear,57.56
2025-03-19T14:00,2025-03-19,14,13.9,40,0.0,0.0,0.0,0.0,1,Mainly Clear,40,,8.9,25.9,Clear,57.02
2025-03-19T15:00,2025-03-19,15,13.4,39,0.0,0.0,0.0,0.0,3,Overcast,80,,9.7,26.6,Cloudy,56.120000000000005
2025-03-19T16:00,2025-03-19,16,12.4,42,0.0,0.0,0.0,0.0,3,Overcast,100,,9.1,26.3,Cloudy,54.32
2025-03-19T17:00,2025-03-19,17,10.6,54,0.0,0.0,0.0,0.0,3,Overcast,100,,8.1,23.4,Cloudy,51.08
2025-03-19T18:00,2025-03-19,18,8.4,64,0.0,0.0,0.0,0.0,3,Overcast,100,,9.0,21.6,Cloudy,47.120000000000005
2025-03-19T19:00,2025-03-19,19,7.1,76,0.0,0.0,0.0,0.0,3,Overcast,100,,7.3,20.5,Cloudy,44.78
2025-03-19T20:00,2025-03-19,20,7.9,71,0.0,0.0,0.0,0.0,3,Overcast,100,,8.9,18.7,Cloudy,46.22
2025-03-19T21:00,2025-03-19,21,7.4,77,0.0,0.0,0.0,0.0,3,Overcast,100,,9.4,20.2,Cloudy,45.32
2025-03-19T22:00,2025-03-19,22,6.8,83,0.0,0.0,0.0,0.0,3,Overcast,100,,10.3,22.3,Cloudy,44.239999999999995
2025-03-19T23:00,2025-03-19,23,6.0,90,0.0,0.0,0.0,0.0,3,Overcast,100,,9.1,22.3,Cloudy,42.8
2025-03-20T00:00,2025-03-20,0,5.6,96,0.0,0.0,0.0,0.0,3,Overcast,100,,7.8,20.5,Cloudy,42.08
2025-03-20T01:00,2025-03-20,1,5.8,97,0.0,0.0,0.0,0.0,3,Overcast,100,,6.0,16.6,Cloudy,42.44
2025-03-20T02:00,2025-03-20,2,6.2,97,0.0,0.0,0.0,0.0,3,Overcast,100,,5.2,12.2,Cloudy,43.16
2025-03-20T03:00,2025-03-20,3,6.4,97,0.0,0.0,0.0,0.0,3,Overcast,100,,5.3,11.2,Cloudy,43.519999999999996
2025-03-20T04:00,2025-03-20,4,6.6,97,0.0,0.0,0.0,0.0,3,Overcast,100,,7.4,15.1,Cloudy,43.879999999999995
2025-03-20T05:00,2025-03-20,5,6.6,97,0.0,0.0,0.0,0.0,3,Overcast,100,,5.9,15.1,Cloudy,43.879999999999995
2025-03-20T06:00,2025-03-20,6,6.6,97,0.0,0.0,0.0,0.0,3,Overcast,100,,7.3,15.5,Cloudy,43.879999999999995
2025-03-20T07:00,2025-03-20,7,6.7,96,0.0,0.0,0.0,0.0,3,Overcast,100,,9.1,20.2,Cloudy,44.06
2025-03-20T08:00,2025-03-20,8,6.8,93,0.0,0.0,0.0,0.0,3,Overcast,100,,11.2,25.2,Cloudy,44.239999999999995
2025-03-20T09:00,2025-03-20,9,7.8,90,0.0,0.0,0.0,0.0,3,Overcast,100,,13.0,30.2,Cloudy,46.04
2025-03-20T10:00,2025-03-20,10,9.1,88,0.0,0.0,0.0,0.0,3,Overcast,100,,15.3,36.0,Cloudy,48.379999999999995
2025-03-20T11:00,2025-03-20,11,9.6,88,0.0,0.0,0.0,0.0,3,Overcast,100,,15.2,36.4,Cloudy,49.28
2025-03-20T12:00,2025-03-20,12,10.1,88,0.0,0.0,0.0,0.0,3,Overcast,100,,16.4,38.9,Cloudy,50.18
2025-03-20T13:00,2025-03-20,13,10.1,89,0.0,0.0,0.0,0.0,3,Overcast,100,,15.1,39.2,Cloudy,50.18
2025-03-20T14:00,2025-03-20,14,9.7,91,0.0,0.0,0.0,0.0,3,Overcast,100,,16.3,38.9,Cloudy,49.46
2025-03-20T15:00,2025-03-20,15,9.0,94,0.0,0.0,0.0,0.0,3,Overcast,100,,15.8,39.2,Cloudy,48.2
2025-03-20T16:00,2025-03-20,16,8.6,95,0.0,0.0,0.0,0.0,3,Overcast,100,,15.6,38.9,Cloudy,47.48
2025-03-20T17:00,2025-03-20,17,8.6,95,0.0,0.0,0.0,0.0,3,Overcast,100,,15.0,36.0,Cloudy,47.48
2025-03-20T18:00,2025-03-20,18,7.9,97,0.0,0.0,0.0,0.0,3,Overcast,100,,12.1,33.1,Cloudy,46.22
2025-03-20T19:00,2025-03-20,19,7.7,99,0.1,0.1,0.0,0.0,51,Light Drizzle,100,,8.4,22.7,Rain,45.86
2025-03-20T20:00,2025-03-20,20,8.5,99,0.1,0.1,0.0,0.0,51,Light Drizzle,100,,5.8,15.5,Rain,47.3
2025-03-20T21:00,2025-03-20,21,8.6,97,4.2,4.2,0.0,0.0,63,Moderate Rain,100,,4.8,16.2,Rain,47.48
2025-03-20T22:00,2025-03-20,22,8.9,97,7.0,7.0,0.0,0.0,63,Moderate Rain,100,,6.7,14.4,Rain,48.02
2025-03-20T23:00,2025-03-20,23,8.9,97,3.6,3.6,0.0,0.0,63,Moderate Rain,100,,9.5,18.7,Rain,48.02
2025-03-21T00:00,2025-03-21,0,9.1,90,1.4,1.4,0.0,0.0,61,Slight Rain,100,,11.1,21.2,Rain,48.379999999999995
2025-03-21T01:00,2025-03-21,1,8.6,90,1.0,1.0,0.0,0.0,55,Dense Drizzle,100,,17.2,34.9,Rain,47.48
2025-03-21T02:00,2025-03-21,2,8.5,88,0.9,0.9,0.0,0.0,53,Moderate Drizzle,100,,20.4,41.4,Rain,47.3
2025-03-21T03:00,2025-03-21,3,6.6,84,0.3,0.3,0.0,0.0,51,Light Drizzle,92,,21.9,47.2,Rain,43.879999999999995
2025-03-21T04:00,2025-03-21,4,4.8,79,0.1,0.1,0.0,0.0,51,Light Drizzle,23,,24.5,54.7,Rain,40.64
2025-03-21T05:00,2025-03-21,5,3.2,73,0.0,0.0,0.0,0.0,0,Clear,19,,21.5,55.4,Clear,37.76
2025-03-21T06:00,2025-03-21,6,2.7,68,0.0,0.0,0.0,0.0,1,Mainly Clear,49,,20.8,49.0,Clear,36.86
2025-03-21T07:00,2025-03-21,7,2.5,64,0.0,0.0,0.0,0.0,0,Clear,14,,22.9,50.0,Clear,36.5
2025-03-21T08:00,2025-03-21,8,4.0,59,0.0,0.0,0.0,0.0,2,Partly Cloudy,70,,24.4,56.5,Cloudy,39.2
2025-03-21T09:00,2025-03-21,9,4.2,55,0.0,0.0,0.0,0.0,1,Mainly Clear,37,,25.3,59.4,Clear,39.56
2025-03-21T10:00,2025-03-21,10,4.7,50,0.0,0.0,0.0,0.0,0,Clear,10,,25.7,61.2,Clear,40.46
2025-03-21T11:00,2025-03-21,11,5.9,43,0.0,0.0,0.0,0.0,0,Clear,3,,24.7,61.6,Clear,42.620000000000005
2025-03-21T12:00,2025-03-21,12,7.1,37,0.0,0.0,0.0,0.0,0,Clear,0,,25.5,61.2,Clear,44.78
2025-03-21T13:00,2025-03-21,13,8.1,33,0.0,0.0,0.0,0.0,0,Clear,0,,24.7,60.8,Clear,46.58
2025-03-21T14:00,2025-03-21,14,8.9,30,0.0,0.0,0.0,0.0,0,Clear,0,,23.4,58.7,Clear,48.02
2025-03-21T15:00,2025-03-21,15,9.2,31,0.0,0.0,0.0,0.0,0,Clear,0,,23.3,55.8,Clear,48.56
2025-03-21T16:00,2025-03-21,16,9.4,30,0.0,0.0,0.0,0.0,0,Clear,0,,22.3,54.4,Clear,48.92
2025-03-21T17:00,2025-03-21,17,8.8,34,0.0,0.0,0.0,0.0,0,Clear,0,,17.6,51.1,Clear,47.84
2025-03-21T18:00,2025-03-21,18,7.4,38,0.0,0.0,0.0,0.0,0,Clear,0,,15.0,40.0,Clear,45.32
2025-03-21T19:00,2025-03-21,19,6.6,42,0.0,0.0,0.0,0.0,0,Clear,0,,13.3,33.1,Clear,43.879999999999995
2025-03-21T20:00,2025-03-21,20,6.7,42,0.0,0.0,0.0,0.0,0,Clear,6,,11.8,29.9,Clear,44.06
2025-03-21T21:00,2025-03-21,21,5.9,46,0.0,0.0,0.0,0.0,0,Clear,0,,9.0,25.9,Clear,42.620000000000005
2025-03-21T22:00,2025-03-21,22,4.4,58,0.0,0.0,0.0,0.0,0,Clear,0,,5.5,19.1,Clear,39.92
2025-03-21T23:00,2025-03-21,23,4.0,59,0.0,0.0,0.0,0.0,0,Clear,0,,2.9,10.4,Clear,39.2
2025-03-22T00:00,2025-03-22,0,3.1,66,0.0,0.0,0.0,0.0,0,Clear,0,,4.2,8.3,Clear,37.58
2025-03-22T01:00,2025-03-22,1,2.5,70,0.0,0.0,0.0,0.0,1,Mainly Clear,30,,4.3,8.6,Clear,36.5
2025-03-22T02:00,2025-03-22,2,2.9,68,0.0,0.0,0.0,0.0,0,Clear,17,,7.5,15.5,Clear,37.22
2025-03-22T03:00,2025-03-22,3,2.8,71,0.0,0.0,0.0,0.0,3,Overcast,84,,7.3,16.6,Cloudy,37.04
2025-03-22T04:00,2025-03-22,4,2.6,71,0.0,0.0,0.0,0.0,3,Overcast,100,,7.0,15.1,Cloudy,36.68
2025-03-22T05:00,2025-03-22,5,2.8,71,0.0,0.0,0.0,0.0,3,Overcast,100,,7.1,15.1,Cloudy,37.04
2025-03-22T06:00,2025-03-22,6,2.9,71,0.0,0.0,0.0,0.0,3,Overcast,100,,7.5,15.1,Cloudy,37.22
2025-03-22T07:00,2025-03-22,7,3.8,69,0.0,0.0,0.0,0.0,3,Overcast,100,,9.1,18.7,Cloudy,38.839999999999996
2025-03-22T08:00,2025-03-22,8,5.9,64,0.0,0.0,0.0,0.0,3,Overcast,100,,8.6,19.4,Cloudy,42.620000000000005
2025-03-22T09:00,2025-03-22,9,8.1,60,0.0,0.0,0.0,0.0,3,Overcast,100,,6.2,19.8,Cloudy,46.58
2025-03-22T10:00,2025-03-22,10,10.7,55,0.0,0.0,0.0,0.0,3,Overcast,100,,7.5,21.6,Cloudy,51.26
2025-03-22T11:00,2025-03-22,11,13.3,46,0.0,0.0,0.0,0.0,3,Overcast,100,,9.1,25.6,Cloudy,55.94
2025-03-22T12:00,2025-03-22,12,15.1,41,0.0,0.0,0.0,0.0,1,Mainly Clear,40,,9.7,26.6,Clear,59.18
2025-03-22T13:00,2025-03-22,13,16.5,31,0.0,0.0,0.0,0.0,3,Overcast,100,,18.9,43.6,Cloudy,61.7
2025-03-22T14:00,2025-03-22,14,15.1,37,0.0,0.0,0.0,0.0,3,Overcast,98,,20.7,51.1,Cloudy,59.18
2025-03-22T15:00,2025-03-22,15,14.2,42,0.0,0.0,0.0,0.0,0,Clear,19,,20.1,47.9,Clear,57.56
2025-03-22T16:00,2025-03-22,16,14.0,45,0.0,0.0,0.0,0.0,2,Partly Cloudy,78,,17.0,46.4,Cloudy,57.2
2025-03-22T17:00,2025-03-22,17,14.1,43,0.0,0.0,0.0,0.0,2,Partly Cloudy,60,,14.4,38.2,Cloudy,57.379999999999995
2025-03-22T18:00,2025-03-22,18,12.6,49,0.0,0.0,0.0,0.0,1,Mainly Clear,22,,22.1,47.2,Clear,54.68
2025-03-22T19:00,2025-03-22,19,9.8,64,0.0,0.0,0.0,0.0,0,Clear,2,,16.6,50.4,Clear,49.64
2025-03-22T20:00,2025-03-22,20,9.6,61,0.0,0.0,0.0,0.0,0,Clear,7,,15.3,42.5,Clear,49.28
2025-03-22T21:00,2025-03-22,21,7.9,61,0.0,0.0,0.0,0.0,1,Mainly Clear,46,,20.0,43.9,Clear,46.22
2025-03-22T22:00,2025-03-22,22,5.9,49,0.0,0.0,0.0,0.0,0,Clear,0,,21.2,51.1,Clear,42.620000000000005
2025-03-22T23:00,2025-03-22,23,4.6,55,0.0,0.0,0.0,0.0,0,Clear,1,,16.2,47.9,Clear,40.28
2025-03-23T00:00,2025-03-23,0,2.8,64,0.0,0.0,0.0,0.0,0,Clear,4,,15.5,36.4,Clear,37.04
2025-03-23T01:00,2025-03-23,1,1.1,62,0.0,0.0,0.0,0.0,0,Clear,1,,15.7,34.2,Clear,33.98
2025-03-23T02:00,2025-03-23,2,-0.4,56,0.0,0.0,0.0,0.0,0,Clear,2,,18.0,42.1,Clear,31.28
2025-03-23T03:00,2025-03-23,3,-1.5,58,0.0,0.0,0.0,0.0,0,Clear,0,,16.3,41.4,Clear,29.3
2025-03-23T04:00,2025-03-23,4,-2.0,58,0.0,0.0,0.0,0.0,0,Clear,5,,16.2,37.8,Clear,28.4
2025-03-23T05:00,2025-03-23,5,-2.3,56,0.0,0.0,0.0,0.0,0,Clear,1,,15.4,38.2,Clear,27.86
2025-03-23T06:00,2025-03-23,6,-2.4,57,0.0,0.0,0.0,0.0,0,Clear,1,,12.7,35.3,Clear,27.68
2025-03-23T07:00,2025-03-23,7,-1.7,56,0.0,0.0,0.0,0.0,0,Clear,0,,11.0,28.8,Clear,28.94
2025-03-23T08:00,2025-03-23,8,0.6,49,0.0,0.0,0.0,0.0,0,Clear,0,,14.3,34.6,Clear,33.08
2025-03-23T09:00,2025-03-23,9,1.9,47,0.0,0.0,0.0,0.0,0,Clear,0,,13.6,35.3,Clear,35.42
2025-03-23T10:00,2025-03-23,10,3.2,43,0.0,0.0,0.0,0.0,0,Clear,0,,12.3,35.3,Clear,37.76
2025-03-23T11:00,2025-03-23,11,4.6,39,0.0,0.0,0.0,0.0,0,Clear,0,,10.7,33.5,Clear,40.28
2025-03-23T12:00,2025-03-23,12,5.7,37,0.0,0.0,0.0,0.0,1,Mainly Clear,49,,9.2,30.6,Clear,42.260000000000005
2025-03-23T13:00,2025-03-23,13,6.8,37,0.0,0.0,0.0,0.0,3,Overcast,100,,6.9,27.7,Cloudy,44.239999999999995
2025-03-23T14:00,2025-03-23,14,7.6,36,0.0,0.0,0.0,0.0,3,Overcast,100,,5.5,23.4,Cloudy,45.68
2025-03-23T15:00,2025-03-23,15,8.1,36,0.0,0.0,0.0,0.0,3,Overcast,100,,3.9,19.8,Cloudy,46.58
2025-03-23T16:00,2025-03-23,16,8.3,36,0.0,0.0,0.0,0.0,3,Overcast,100,,3.6,15.8,Cloudy,46.94
2025-03-23T17:00,2025-03-23,17,7.8,40,0.0,0.0,0.0,0.0,3,Overcast,100,,6.3,15.8,Cloudy,46.04
2025-03-23T18:00,2025-03-23,18,6.6,50,0.0,0.0,0.0,0.0,3,Overcast,100,,8.6,18.7,Cloudy,43.879999999999995
2025-03-23T19:00,2025-03-23,19,4.3,63,0.0,0.0,0.0,0.0,3,Overcast,100,,10.6,24.1,Cloudy,39.74
2025-03-23T20:00,2025-03-23,20,4.2,63,0.0,0.0,0.0,0.0,3,Overcast,100,,9.0,23.0,Cloudy,39.56
2025-03-23T21:00,2025-03-23,21,4.2,65,0.0,0.0,0.0,0.0,3,Overcast,99,,7.0,19.4,Cloudy,39.56
2025-03-23T22:00,2025-03-23,22,4.3,72,0.0,0.0,0.0,0.0,3,Overcast,100,,9.4,19.8,Cloudy,39.74
2025-03-23T23:00,2025-03-23,23,4.1,74,0.0,0.0,0.0,0.0,3,Overcast,100,,9.9,23.0,Cloudy,39.38
2025-03-24T00:00,2025-03-24,0,4.5,72,0.0,0.0,0.0,0.0,3,Overcast,100,,10.4,22.7,Cloudy,40.1
2025-03-24T01:00,2025-03-24,1,4.7,74,0.0,0.0,0.0,0.0,3,Overcast,100,,11.4,25.2,Cloudy,40.46
2025-03-24T02:00,2025-03-24,2,4.7,76,0.1,0.1,0.0,0.0,51,Light Drizzle,100,,11.2,25.2,Rain,40.46
2025-03-24T03:00,2025-03-24,3,4.4,76,0.6,0.6,0.0,0.0,53,Moderate Drizzle,100,,14.0,29.5,Rain,39.92
2025-03-24T04:00,2025-03-24,4,4.3,81,0.0,0.0,0.0,0.0,3,Overcast,100,,13.4,30.6,Cloudy,39.74
2025-03-24T05:00,2025-03-24,5,4.3,79,0.2,0.2,0.0,0.0,51,Light Drizzle,100,,14.3,31.3,Rain,39.74
2025-03-24T06:00,2025-03-24,6,4.6,76,0.6,0.6,0.0,0.0,53,Moderate Drizzle,100,,15.1,32.8,Rain,40.28
2025-03-24T07:00,2025-03-24,7,4.8,83,1.0,1.0,0.0,0.0,55,Dense Drizzle,100,,16.5,33.1,Rain,40.64
2025-03-24T08:00,2025-03-24,8,4.9,82,0.4,0.4,0.0,0.0,51,Light Drizzle,100,,12.0,31.7,Rain,40.82
2025-03-24T09:00,2025-03-24,9,6.4,84,0.8,0.8,0.0,0.0,53,Moderate Drizzle,100,,12.2,31.0,Rain,43.519999999999996
2025-03-24T10:00,2025-03-24,10,7.4,93,1.6,1.6,0.0,0.0,61,Slight Rain,100,,11.3,25.9,Rain,45.32
2025-03-24T11:00,2025-03-24,11,8.8,94,1.4,1.4,0.0,0.0,61,Slight Rain,100,,10.2,24.8,Rain,47.84
2025-03-24T12:00,2025-03-24,12,10.4,90,0.5,0.5,0.0,0.0,53,Moderate Drizzle,100,,8.9,23.4,Rain,50.72
2025-03-24T13:00,2025-03-24,13,10.4,94,1.1,1.1,0.0,0.0,55,Dense Drizzle,100,,10.1,22.3,Rain,50.72
2025-03-24T14:00,2025-03-24,14,10.2,95,2.9,2.9,0.0,0.0,63,Moderate Rain,100,,3.2,20.9,Rain,50.36
2025-03-24T15:00,2025-03-24,15,10.2,95,1.7,1.7,0.0,0.0,61,Slight Rain,100,,6.4,13.3,Rain,50.36
2025-03-24T16:00,2025-03-24,16,10.2,96,0.8,0.8,0.0,0.0,53,Moderate Drizzle,100,,10.1,19.1,Rain,50.36
2025-03-24T17:00,2025-03-24,17,10.6,94,0.0,0.0,0.0,0.0,3,Overcast,85,,10.6,23.8,Cloudy,51.08
2025-03-24T18:00,2025-03-24,18,10.1,95,0.0,0.0,0.0,0.0,1,Mainly Clear,35,,8.9,22.0,Clear,50.18
2025-03-24T19:00,2025-03-24,19,9.2,95,0.0,0.0,0.0,0.0,0,Clear,13,,9.7,17.6,Clear,48.56
2025-03-24T20:00,2025-03-24,20,7.7,98,0.0,0.0,0.0,0.0,0,Clear,8,,8.3,14.8,Clear,45.86
2025-03-24T21:00,2025-03-24,21,7.3,98,0.0,0.0,0.0,0.0,1,Mainly Clear,38,,10.1,18.7,Clear,45.14
2025-03-24T22:00,2025-03-24,22,6.8,97,0.0,0.0,0.0,0.0,3,Overcast,98,,8.5,19.4,Cloudy,44.239999999999995
2025-03-24T23:00,2025-03-24,23,6.8,97,0.0,0.0,0.0,0.0,3,Overcast,96,,11.4,21.2,Cloudy,44.239999999999995
2025-03-25T00:00,2025-03-25,0,6.9,97,0.0,0.0,0.0,0.0,3,Overcast,98,,12.4,24.5,Cloudy,44.42
2025-03-25T01:00,2025-03-25,1,6.8,91,0.0,0.0,0.0,0.0,3,Overcast,100,,11.3,24.1,Cloudy,44.239999999999995
2025-03-25T02:00,2025-03-25,2,6.6,81,0.0,0.0,0.0,0.0,3,Overcast,100,,10.4,21.2,Cloudy,43.879999999999995
2025-03-25T03:00,2025-03-25,3,6.2,77,0.0,0.0,0.0,0.0,3,Overcast,100,,7.3,19.4,Cloudy,43.16
2025-03-25T04:00,2025-03-25,4,5.9,72,0.0,0.0,0.0,0.0,3,Overcast,100,,9.3,16.6,Cloudy,42.620000000000005
2025-03-25T05:00,2025-03-25,5,5.7,67,0.0,0.0,0.0,0.0,2,Partly Cloudy,66,,9.7,20.2,Cloudy,42.260000000000005
2025-03-25T06:00,2025-03-25,6,4.9,69,0.0,0.0,0.0,0.0,2,Partly Cloudy,69,,8.8,19.4,Cloudy,40.82
2025-03-25T07:00,2025-03-25,7,5.6,68,0.0,0.0,0.0,0.0,3,Overcast,96,,11.0,22.7,Cloudy,42.08
2025-03-25T08:00,2025-03-25,8,8.3,67,0.0,0.0,0.0,0.0,3,Overcast,90,,8.6,19.8,Cloudy,46.94
2025-03-25T09:00,2025-03-25,9,10.2,48,0.0,0.0,0.0,0.0,3,Overcast,86,,17.0,36.0,Cloudy,50.36
2025-03-25T10:00,2025-03-25,10,11.0,38,0.0,0.0,0.0,0.0,0,Clear,9,,20.7,49.3,Clear,51.8
2025-03-25T11:00,2025-03-25,11,12.1,32,0.0,0.0,0.0,0.0,2,Partly Cloudy,57,,23.1,53.3,Cloudy,53.78
2025-03-25T12:00,2025-03-25,12,12.6,34,0.0,0.0,0.0,0.0,0,Clear,0,,20.9,54.4,Clear,54.68
2025-03-25T13:00,2025-03-25,13,13.9,28,0.0,0.0,0.0,0.0,1,Mainly Clear,48,,26.2,59.8,Clear,57.02
2025-03-25T14:00,2025-03-25,14,13.6,31,0.0,0.0,0.0,0.0,2,Partly Cloudy,53,,21.0,60.8,Cloudy,56.48
2025-03-25T15:00,2025-03-25,15,14.2,25,0.0,0.0,0.0,0.0,3,Overcast,86,,20.0,52.6,Cloudy,57.56
2025-03-25T16:00,2025-03-25,16,13.8,30,0.0,0.0,0.0,0.0,1,Mainly Clear,34,,18.9,51.5,Clear,56.84
2025-03-25T17:00,2025-03-25,17,13.2,32,0.0,0.0,0.0,0.0,0,Clear,19,,13.6,43.2,Clear,55.76
2025-03-25T18:00,2025-03-25,18,10.4,51,0.0,0.0,0.0,0.0,0,Clear,3,,5.7,30.2,Clear,50.72
2025-03-25T19:00,2025-03-25,19,9.3,50,0.0,0.0,0.0,0.0,3,Overcast,87,,5.8,11.9,Cloudy,48.74
2025-03-25T20:00,2025-03-25,20,8.5,54,0.0,0.0,0.0,0.0,3,Overcast,98,,4.6,15.1,Cloudy,47.3
2025-03-25T21:00,2025-03-25,21,8.6,55,0.0,0.0,0.0,0.0,3,Overcast,100,,3.8,8.3,Cloudy,47.48
2025-03-25T22:00,2025-03-25,22,7.8,58,0.0,0.0,0.0,0.0,3,Overcast,100,,5.4,10.8,Cloudy,46.04
2025-03-25T23:00,2025-03-25,23,7.8,56,0.0,0.0,0.0,0.0,3,Overcast,100,,5.8,11.9,Cloudy,46.04
2025-03-26T00:00,2025-03-26,0,7.0,62,0.0,0.0,0.0,0.0,3,Overcast,100,,11.5,24.8,Cloudy,44.6
2025-03-26T01:00,2025-03-26,1,5.9,62,0.0,0.0,0.0,0.0,3,Overcast,100,,10.8,23.8,Cloudy,42.620000000000005
2025-03-26T02:00,2025-03-26,2,5.1,62,0.0,0.0,0.0,0.0,1,Mainly Clear,28,,10.9,25.9,Clear,41.18
2025-03-26T03:00,2025-03-26,3,4.2,65,0.0,0.0,0.0,0.0,2,Partly Cloudy,51,,9.2,23.4,Cloudy,39.56
2025-03-26T04:00,2025-03-26,4,3.2,70,0.0,0.0,0.0,0.0,3,Overcast,91,,9.0,19.8,Cloudy,37.76
2025-03-26T05:00,2025-03-26,5,2.7,73,0.0,0.0,0.0,0.0,3,Overcast,100,,9.0,20.5,Cloudy,36.86
2025-03-26T06:00,2025-03-26,6,2.2,77,0.0,0.0,0.0,0.0,0,Clear,11,,6.2,19.4,Clear,35.96
2025-03-26T07:00,2025-03-26,7,3.0,76,0.0,0.0,0.0,0.0,3,Overcast,99,,5.0,13.7,Cloudy,37.4
2025-03-26T08:00,2025-03-26,8,5.8,64,0.0,0.0,0.0,0.0,3,Overcast,98,,2.7,11.5,Cloudy,42.44
2025-03-26T09:00,2025-03-26,9,6.8,54,0.0,0.0,0.0,0.0,3,Overcast,100,,5.2,16.9,Cloudy,44.239999999999995
2025-03-26T10:00,2025-03-26,10,7.2,49,0.0,0.0,0.0,0.0,3,Overcast,100,,3.6,16.6,Cloudy,44.96
2025-03-26T11:00,2025-03-26,11,8.1,46,0.0,0.0,0.0,0.0,3,Overcast,80,,6.1,18.7,Cloudy,46.58
2025-03-26T12:00,2025-03-26,12,9.2,42,0.0,0.0,0.0,0.0,2,Partly Cloudy,74,,12.4,33.1,Cloudy,48.56
2025-03-26T13:00,2025-03-26,13,8.8,46,0.1,0.1,0.0,0.0,51,Light Drizzle,36,,12.3,35.6,Rain,47.84
2025-03-26T14:00,2025-03-26,14,10.2,43,0.0,0.0,0.0,0.0,3,Overcast,81,,12.7,34.9,Cloudy,50.36
2025-03-26T15:00,2025-03-26,15,9.9,38,0.1,0.1,0.0,0.0,51,Light Drizzle,49,,18.0,43.9,Rain,49.82
2025-03-26T16:00,2025-03-26,16,7.2,55,0.1,0.1,0.0,0.0,51,Light Drizzle,97,,17.4,43.2,Rain,44.96
2025-03-26T17:00,2025-03-26,17,7.2,50,0.0,0.0,0.0,0.0,2,Partly Cloudy,53,,14.3,40.0,Cloudy,44.96
2025-03-26T18:00,2025-03-26,18,6.6,51,0.0,0.0,0.0,0.0,1,Mainly Clear,27,,13.0,32.4,Clear,43.879999999999995
2025-03-26T19:00,2025-03-26,19,5.4,53,0.0,0.0,0.0,0.0,0,Clear,4,,14.1,32.4,Clear,41.72
2025-03-26T20:00,2025-03-26,20,4.6,56,0.0,0.0,0.0,0.0,0,Clear,0,,12.2,33.1,Clear,40.28
2025-03-26T21:00,2025-03-26,21,4.0,59,0.0,0.0,0.0,0.0,0,Clear,1,,10.7,27.0,Clear,39.2
2025-03-26T22:00,2025-03-26,22,3.2,61,0.0,0.0,0.0,0.0,0,Clear,2,,10.6,24.5,Clear,37.76
2025-03-26T23:00,2025-03-26,23,2.3,65,0.0,0.0,0.0,0.0,0,Clear,1,,8.8,23.0,Clear,36.14
2025-03-27T00:00,2025-03-27,0,1.8,67,0.0,0.0,0.0,0.0,1,Mainly Clear,48,,8.8,19.8,Clear,35.24
2025-03-27T01:00,2025-03-27,1,1.4,69,0.0,0.0,0.0,0.0,0,Clear,13,,8.9,20.5,Clear,34.52
2025-03-27T02:00,2025-03-27,2,0.9,71,0.0,0.0,0.0,0.0,0,Clear,5,,10.3,23.0,Clear,33.62
2025-03-27T03:00,2025-03-27,3,0.4,72,0.0,0.0,0.0,0.0,0,Clear,0,,9.3,23.0,Clear,32.72
2025-03-27T04:00,2025-03-27,4,0.2,73,0.0,0.0,0.0,0.0,0,Clear,2,,7.7,20.9,Clear,32.36
2025-03-27T05:00,2025-03-27,5,-0.2,75,0.0,0.0,0.0,0.0,0,Clear,0,,7.2,17.3,Clear,31.64
2025-03-27T06:00,2025-03-27,6,-0.5,78,0.0,0.0,0.0,0.0,0,Clear,0,,7.3,16.2,Clear,31.1
2025-03-27T07:00,2025-03-27,7,0.5,74,0.0,0.0,0.0,0.0,0,Clear,0,,8.1,16.9,Clear,32.9
2025-03-27T08:00,2025-03-27,8,2.5,57,0.0,0.0,0.0,0.0,0,Clear,0,,10.8,26.6,Clear,36.5
2025-03-27T09:00,2025-03-27,9,4.0,42,0.0,0.0,0.0,0.0,0,Clear,0,,14.2,35.3,Clear,39.2
2025-03-27T10:00,2025-03-27,10,5.1,38,0.0,0.0,0.0,0.0,0,Clear,0,,14.6,37.8,Clear,41.18
2025-03-27T11:00,2025-03-27,11,6.3,37,0.0,0.0,0.0,0.0,0,Clear,0,,15.1,38.9,Clear,43.34
2025-03-27T12:00,2025-03-27,12,7.6,34,0.0,0.0,0.0,0.0,0,Clear,0,,16.1,41.0,Clear,45.68
2025-03-27T13:00,2025-03-27,13,8.6,33,0.0,0.0,0.0,0.0,0,Clear,0,,15.9,42.5,Clear,47.48
2025-03-27T14:00,2025-03-27,14,9.4,31,0.0,0.0,0.0,0.0,0,Clear,0,,15.3,40.7,Clear,48.92
2025-03-27T15:00,2025-03-27,15,9.8,30,0.0,0.0,0.0,0.0,0,Clear,0,,14.2,38.5,Clear,49.64
2025-03-27T16:00,2025-03-27,16,9.9,30,0.0,0.0,0.0,0.0,0,Clear,0,,14.2,35.3,Clear,49.82
2025-03-27T17:00,2025-03-27,17,9.6,33,0.0,0.0,0.0,0.0,0,Clear,0,,10.8,33.5,Clear,49.28
2025-03-27T18:00,2025-03-27,18,7.6,48,0.0,0.0,0.0,0.0,0,Clear,0,,5.4,24.5,Clear,45.68
2025-03-27T19:00,2025-03-27,19,6.1,54,0.0,0.0,0.0,0.0,0,Clear,4,,5.9,11.9,Clear,42.980000000000004
2025-03-27T20:00,2025-03-27,20,6.3,47,0.0,0.0,0.0,0.0,0,Clear,0,,7.1,18.0,Clear,43.34
2025-03-27T21:00,2025-03-27,21,5.7,49,0.0,0.0,0.0,0.0,0,Clear,0,,7.9,15.8,Clear,42.260000000000005
2025-03-27T22:00,2025-03-27,22,5.2,51,0.0,0.0,0.0,0.0,0,Clear,3,,9.1,18.7,Clear,41.36
2025-03-27T23:00,2025-03-27,23,4.9,51,0.0,0.0,0.0,0.0,1,Mainly Clear,22,,10.8,23.0,Clear,40.82
2025-03-28T00:00,2025-03-28,0,4.6,51,0.0,0.0,0.0,0.0,1,Mainly Clear,33,,11.6,24.5,Clear,40.28
2025-03-28T01:00,2025-03-28,1,4.7,52,0.0,0.0,0.0,0.0,3,Overcast,86,,12.2,27.7,Cloudy,40.46
2025-03-28T02:00,2025-03-28,2,5.2,53,0.0,0.0,0.0,0.0,2,Partly Cloudy,57,,13.2,28.1,Cloudy,41.36
2025-03-28T03:00,2025-03-28,3,5.1,55,0.0,0.0,0.0,0.0,2,Partly Cloudy,50,,12.0,28.4,Cloudy,41.18
2025-03-28T04:00,2025-03-28,4,4.8,59,0.0,0.0,0.0,0.0,3,Overcast,98,,9.9,25.6,Cloudy,40.64
2025-03-28T05:00,2025-03-28,5,4.9,63,0.0,0.0,0.0,0.0,3,Overcast,85,,8.9,20.9,Cloudy,40.82
2025-03-28T06:00,2025-03-28,6,4.9,66,0.0,0.0,0.0,0.0,3,Overcast,97,,9.7,20.2,Cloudy,40.82
2025-03-28T07:00,2025-03-28,7,5.8,66,0.0,0.0,0.0,0.0,3,Overcast,100,,9.6,19.8,Cloudy,42.44
2025-03-28T08:00,2025-03-28,8,8.4,60,0.0,0.0,0.0,0.0,3,Overcast,95,,6.4,19.4,Cloudy,47.120000000000005
2025-03-28T09:00,2025-03-28,9,10.9,53,0.0,0.0,0.0,0.0,1,Mainly Clear,38,,4.4,16.2,Clear,51.620000000000005
2025-03-28T10:00,2025-03-28,10,12.9,45,0.0,0.0,0.0,0.0,0,Clear,15,,5.3,18.0,Clear,55.22
2025-03-28T11:00,2025-03-28,11,14.3,44,0.0,0.0,0.0,0.0,3,Overcast,93,,6.4,20.9,Cloudy,57.74
2025-03-28T12:00,2025-03-28,12,14.9,44,0.0,0.0,0.0,0.0,2,Partly Cloudy,65,,8.1,23.4,Cloudy,58.82
2025-03-28T13:00,2025-03-28,13,15.2,45,0.0,0.0,0.0,0.0,3,Overcast,99,,10.8,27.7,Cloudy,59.36
2025-03-28T14:00,2025-03-28,14,15.6,44,0.0,0.0,0.0,0.0,3,Overcast,100,,10.4,27.7,Cloudy,60.08
2025-03-28T15:00,2025-03-28,15,15.8,44,0.0,0.0,0.0,0.0,3,Overcast,100,,9.6,26.3,Cloudy,60.440000000000005
2025-03-28T16:00,2025-03-28,16,15.4,46,0.0,0.0,0.0,0.0,3,Overcast,95,,8.1,23.4,Cloudy,59.72
2025-03-28T17:00,2025-03-28,17,14.9,49,0.0,0.0,0.0,0.0,3,Overcast,100,,6.6,19.8,Cloudy,58.82
2025-03-28T18:00,2025-03-28,18,12.6,62,0.0,0.0,0.0,0.0,3,Overcast,100,,7.5,16.9,Cloudy,54.68
2025-03-28T19:00,2025-03-28,19,10.9,78,0.0,0.0,0.0,0.0,3,Overcast,100,,4.5,17.3,Cloudy,51.620000000000005
2025-03-28T20:00,2025-03-28,20,12.4,67,0.2,0.2,0.0,0.0,51,Light Drizzle,100,,4.5,19.8,Rain,54.32
2025-03-28T21:00,2025-03-28,21,11.8,66,1.1,1.1,0.0,0.0,55,Dense Drizzle,34,,2.6,8.3,Rain,53.24
2025-03-28T22:00,2025-03-28,22,11.0,73,0.0,0.0,0.0,0.0,2,Partly Cloudy,73,,5.9,11.5,Cloudy,51.8
2025-03-28T23:00,2025-03-28,23,10.2,72,0.0,0.0,0.0,0.0,3,Overcast,98,,6.0,10.8,Cloudy,50.36
2025-03-29T00:00,2025-03-29,0,10.6,72,0.0,0.0,0.0,0.0,3,Overcast,100,,6.0,12.2,Cloudy,51.08
2025-03-29T01:00,2025-03-29,1,11.4,74,0.1,0.1,0.0,0.0,51,Light Drizzle,78,,6.4,14.0,Rain,52.52
2025-03-29T02:00,2025-03-29,2,11.6,77,0.0,0.0,0.0,0.0,0,Clear,7,,9.8,18.4,Clear,52.879999999999995
2025-03-29T03:00,2025-03-29,3,10.8,81,0.0,0.0,0.0,0.0,3,Overcast,92,,8.9,18.4,Cloudy,51.44
2025-03-29T04:00,2025-03-29,4,11.4,82,0.0,0.0,0.0,0.0,3,Overcast,99,,12.6,24.8,Cloudy,52.52
2025-03-29T05:00,2025-03-29,5,11.9,81,0.0,0.0,0.0,0.0,3,Overcast,100,,14.5,29.9,Cloudy,53.42
2025-03-29T06:00,2025-03-29,6,12.7,77,0.0,0.0,0.0,0.0,1,Mainly Clear,22,,15.9,33.5,Clear,54.86
2025-03-29T07:00,2025-03-29,7,13.9,72,0.0,0.0,0.0,0.0,1,Mainly Clear,26,,16.4,35.3,Clear,57.02
2025-03-29T08:00,2025-03-29,8,15.7,64,0.0,0.0,0.0,0.0,0,Clear,16,,15.7,35.3,Clear,60.26
2025-03-29T09:00,2025-03-29,9,18.3,61,0.0,0.0,0.0,0.0,0,Clear,6,,11.6,34.6,Clear,64.94
2025-03-29T10:00,2025-03-29,10,21.0,56,0.0,0.0,0.0,0.0,2,Partly Cloudy,60,,11.8,28.8,Cloudy,69.8
2025-03-29T11:00,2025-03-29,11,23.3,51,0.0,0.0,0.0,0.0,3,Overcast,99,,14.4,34.6,Cloudy,73.94
2025-03-29T12:00,2025-03-29,12,25.0,45,0.0,0.0,0.0,0.0,3,Overcast,88,,18.1,41.0,Cloudy,77.0
2025-03-29T13:00,2025-03-29,13,25.9,40,0.0,0.0,0.0,0.0,3,Overcast,96,,21.7,49.7,Cloudy,78.62
2025-03-29T14:00,2025-03-29,14,26.4,39,0.0,0.0,0.0,0.0,2,Partly Cloudy,75,,18.4,48.6,Cloudy,79.52
2025-03-29T15:00,2025-03-29,15,23.2,58,1.5,1.5,0.0,0.0,61,Slight Rain,75,,7.3,49.0,Rain,73.75999999999999
2025-03-29T16:00,2025-03-29,16,24.2,57,1.5,1.5,0.0,0.0,61,Slight Rain,57,,9.4,20.5,Rain,75.56
2025-03-29T17:00,2025-03-29,17,22.4,55,1.5,1.5,0.0,0.0,61,Slight Rain,94,,10.4,25.2,Rain,72.32
2025-03-29T18:00,2025-03-29,18,17.9,78,0.9,0.9,0.0,0.0,53,Moderate Drizzle,80,,11.3,26.6,Rain,64.22
2025-03-29T19:00,2025-03-29,19,12.2,89,1.4,1.4,0.0,0.0,61,Slight Rain,96,,12.5,39.6,Rain,53.96
2025-03-29T20:00,2025-03-29,20,9.1,84,0.3,0.3,0.0,0.0,51,Light Drizzle,100,,9.8,25.6,Rain,48.379999999999995
2025-03-29T21:00,2025-03-29,21,8.2,84,0.1,0.1,0.0,0.0,51,Light Drizzle,80,,8.6,22.3,Rain,46.76
2025-03-29T22:00,2025-03-29,22,7.3,84,0.0,0.0,0.0,0.0,2,Partly Cloudy,59,,5.6,22.7,Cloudy,45.14
2025-03-29T23:00,2025-03-29,23,6.8,86,0.0,0.0,0.0,0.0,3,Overcast,99,,6.2,16.9,Cloudy,44.239999999999995
2025-03-30T00:00,2025-03-30,0,6.3,88,0.0,0.0,0.0,0.0,3,Overcast,100,,5.6,15.5,Cloudy,43.34
2025-03-30T01:00,2025-03-30,1,5.8,89,0.0,0.0,0.0,0.0,3,Overcast,100,,8.4,19.4,Cloudy,42.44
2025-03-30T02:00,2025-03-30,2,5.7,90,0.0,0.0,0.0,0.0,3,Overcast,100,,7.4,20.5,Cloudy,42.260000000000005
2025-03-30T03:00,2025-03-30,3,5.8,89,0.0,0.0,0.0,0.0,3,Overcast,100,,6.0,16.2,Cloudy,42.44
2025-03-30T04:00,2025-03-30,4,5.9,89,0.0,0.0,0.0,0.0,3,Overcast,100,,6.6,16.2,Cloudy,42.620000000000005
2025-03-30T05:00,2025-03-30,5,5.8,90,0.0,0.0,0.0,0.0,3,Overcast,100,,6.8,16.2,Cloudy,42.44
2025-03-30T06:00,2025-03-30,6,5.7,91,0.0,0.0,0.0,0.0,3,Overcast,100,,6.0,16.2,Cloudy,42.260000000000005
2025-03-30T07:00,2025-03-30,7,6.3,89,0.0,0.0,0.0,0.0,3,Overcast,100,,7.7,19.1,Cloudy,43.34
2025-03-30T08:00,2025-03-30,8,6.3,88,0.0,0.0,0.0,0.0,3,Overcast,100,,6.3,18.7,Cloudy,43.34
2025-03-30T09:00,2025-03-30,9,7.5,85,0.0,0.0,0.0,0.0,3,Overcast,100,,7.6,20.5,Cloudy,45.5
2025-03-30T10:00,2025-03-30,10,8.9,81,0.0,0.0,0.0,0.0,3,Overcast,100,,7.7,22.7,Cloudy,48.02
2025-03-30T11:00,2025-03-30,11,10.8,78,0.0,0.0,0.0,0.0,3,Overcast,100,,6.5,22.3,Cloudy,51.44
2025-03-30T12:00,2025-03-30,12,12.2,75,0.0,0.0,0.0,0.0,3,Overcast,100,,7.1,22.0,Cloudy,53.96
2025-03-30T13:00,2025-03-30,13,13.2,73,0.0,0.0,0.0,0.0,3,Overcast,100,,6.4,22.0,Cloudy,55.76
2025-03-30T14:00,2025-03-30,14,12.9,75,0.0,0.0,0.0,0.0,2,Partly Cloudy,62,,8.3,22.7,Cloudy,55.22
2025-03-30T15:00,2025-03-30,15,13.9,72,0.0,0.0,0.0,0.0,3,Overcast,93,,9.0,26.6,Cloudy,57.02
2025-03-30T16:00,2025-03-30,16,13.0,76,0.0,0.0,0.0,0.0,3,Overcast,100,,8.5,25.6,Cloudy,55.4
2025-03-30T17:00,2025-03-30,17,11.6,80,0.0,0.0,0.0,0.0,1,Mainly Clear,38,,8.9,23.0,Clear,52.879999999999995
2025-03-30T18:00,2025-03-30,18,10.6,85,0.0,0.0,0.0,0.0,1,Mainly Clear,41,,7.1,22.0,Clear,51.08
2025-03-30T19:00,2025-03-30,19,9.8,89,0.0,0.0,0.0,0.0,1,Mainly Clear,39,,7.1,18.0,Clear,49.64
2025-03-30T20:00,2025-03-30,20,8.1,92,0.0,0.0,0.0,0.0,3,Overcast,100,,5.5,17.6,Cloudy,46.58
2025-03-30T21:00,2025-03-30,21,8.1,92,0.1,0.1,0.0,0.0,51,Light Drizzle,100,,6.3,14.8,Rain,46.58
2025-03-30T22:00,2025-03-30,22,8.0,94,0.2,0.2,0.0,0.0,51,Light Drizzle,100,,4.5,14.0,Rain,46.4
2025-03-30T23:00,2025-03-30,23,8.2,94,0.2,0.2,0.0,0.0,51,Light Drizzle,99,,4.8,11.2,Rain,46.76
2025-03-31T00:00,2025-03-31,0,8.4,96,0.0,0.0,0.0,0.0,2,Partly Cloudy,51,,2.7,10.4,Cloudy,47.120000000000005
2025-03-31T01:00,2025-03-31,1,8.2,97,0.0,0.0,0.0,0.0,3,Overcast,100,,1.9,5.8,Cloudy,46.76
2025-03-31T02:00,2025-03-31,2,8.8,96,0.0,0.0,0.0,0.0,3,Overcast,100,,3.5,4.0,Cloudy,47.84
2025-03-31T03:00,2025-03-31,3,11.5,92,0.0,0.0,0.0,0.0,3,Overcast,100,,9.4,16.9,Cloudy,52.7
2025-03-31T04:00,2025-03-31,4,13.7,90,0.0,0.0,0.0,0.0,3,Overcast,99,,12.7,24.1,Cloudy,56.66
2025-03-31T05:00,2025-03-31,5,14.9,89,0.0,0.0,0.0,0.0,3,Overcast,100,,15.0,29.9,Cloudy,58.82
2025-03-31T06:00,2025-03-31,6,15.1,89,0.0,0.0,0.0,0.0,3,Overcast,98,,15.2,31.0,Cloudy,59.18
2025-03-31T07:00,2025-03-31,7,16.0,87,0.0,0.0,0.0,0.0,3,Overcast,90,,16.6,33.8,Cloudy,60.8
2025-03-31T08:00,2025-03-31,8,15.4,86,0.3,0.3,0.0,0.0,51,Light Drizzle,97,,10.4,21.2,Rain,59.72
2025-03-31T09:00,2025-03-31,9,18.5,80,0.0,0.0,0.0,0.0,3,Overcast,100,,10.5,33.1,Cloudy,65.3
2025-03-31T10:00,2025-03-31,10,20.1,73,0.0,0.0,0.0,0.0,3,Overcast,100,,21.2,50.4,Cloudy,68.18
2025-03-31T11:00,2025-03-31,11,21.0,73,0.1,0.1,0.0,0.0,51,Light Drizzle,73,,16.4,52.9,Rain,69.8
2025-03-31T12:00,2025-03-31,12,22.5,64,0.4,0.4,0.0,0.0,51,Light Drizzle,73,,19.6,45.7,Rain,72.5
2025-03-31T13:00,2025-03-31,13,23.8,59,0.2,0.2,0.0,0.0,51,Light Drizzle,100,,15.9,45.7,Rain,74.84
2025-03-31T14:00,2025-03-31,14,24.0,62,0.1,0.1,0.0,0.0,51,Light Drizzle,99,,13.6,40.3,Rain,75.2
2025-03-31T15:00,2025-03-31,15,23.2,66,0.3,0.3,0.0,0.0,51,Light Drizzle,45,,11.9,36.0,Rain,73.75999999999999
2025-03-31T16:00,2025-03-31,16,21.6,71,2.2,2.2,0.0,0.0,61,Slight Rain,71,,3.7,28.4,Rain,70.88
2025-03-31T17:00,2025-03-31,17,19.2,88,13.1,13.1,0.0,0.0,65,Heavy Rain,100,,12.5,36.4,Rain,66.56
2025-03-31T18:00,2025-03-31,18,17.9,94,3.9,3.9,0.0,0.0,63,Moderate Rain,100,,3.3,29.2,Rain,64.22
2025-03-31T19:00,2025-03-31,19,17.5,93,3.8,3.8,0.0,0.0,63,Moderate Rain,100,,5.6,13.7,Rain,63.5
2025-03-31T20:00,2025-03-31,20,16.8,91,5.1,5.1,0.0,0.0,63,Moderate Rain,100,,4.5,25.6,Rain,62.24
2025-03-31T21:00,2025-03-31,21,15.9,95,4.8,4.8,0.0,0.0,63,Moderate Rain,100,,4.4,12.6,Rain,60.62
2025-03-31T22:00,2025-03-31,22,16.0,94,4.7,4.7,0.0,0.0,63,Moderate Rain,100,,5.3,13.3,Rain,60.8
2025-03-31T23:00,2025-03-31,23,16.0,93,2.0,2.0,0.0,0.0,61,Slight Rain,100,,7.4,15.1,Rain,60.8
2025-04-01T00:00,2025-04-01,0,15.4,93,2.8,2.8,0.0,0.0,63,Moderate Rain,100,,8.5,15.5,Rain,59.72
2025-04-01T01:00,2025-04-01,1,13.1,90,1.5,1.5,0.0,0.0,61,Slight Rain,100,,22.6,43.2,Rain,55.58
2025-04-01T02:00,2025-04-01,2,9.4,85,0.3,0.3,0.0,0.0,51,Light Drizzle,100,,21.3,47.2,Rain,48.92
2025-04-01T03:00,2025-04-01,3,7.6,77,0.0,0.0,0.0,0.0,3,Overcast,100,,17.9,49.3,Cloudy,45.68
2025-04-01T04:00,2025-04-01,4,6.8,71,0.0,0.0,0.0,0.0,3,Overcast,100,,17.3,40.0,Cloudy,44.239999999999995
2025-04-01T05:00,2025-04-01,5,5.7,65,0.0,0.0,0.0,0.0,3,Overcast,100,,19.1,43.9,Cloudy,42.260000000000005
2025-04-01T06:00,2025-04-01,6,4.8,64,0.0,0.0,0.0,0.0,1,Mainly Clear,42,,20.0,46.1,Clear,40.64
2025-04-01T07:00,2025-04-01,7,4.6,65,0.0,0.0,0.0,0.0,0,Clear,8,,18.4,45.0,Clear,40.28
2025-04-01T08:00,2025-04-01,8,5.8,61,0.0,0.0,0.0,0.0,0,Clear,4,,18.2,42.8,Clear,42.44
2025-04-01T09:00,2025-04-01,9,6.6,57,0.0,0.0,0.0,0.0,0,Clear,3,,18.8,45.7,Clear,43.879999999999995
2025-04-01T10:00,2025-04-01,10,7.7,54,0.0,0.0,0.0,0.0,0,Clear,2,,18.6,47.2,Clear,45.86
2025-04-01T11:00,2025-04-01,11,8.8,49,0.0,0.0,0.0,0.0,1,Mainly Clear,23,,17.5,45.7,Clear,47.84
2025-04-01T12:00,2025-04-01,12,9.7,45,0.0,0.0,0.0,0.0,1,Mainly Clear,20,,17.1,44.6,Clear,49.46
2025-04-01T13:00,2025-04-01,13,10.4,42,0.0,0.0,0.0,0.0,0,Clear,2,,17.3,43.9,Clear,50.72
2025-04-01T14:00,2025-04-01,14,10.9,40,0.0,0.0,0.0,0.0,2,Partly Cloudy,73,,17.0,43.9,Cloudy,51.620000000000005
2025-04-01T15:00,2025-04-01,15,11.1,38,0.0,0.0,0.0,0.0,0,Clear,0,,16.5,42.5,Clear,51.98
2025-04-01T16:00,2025-04-01,16,10.9,37,0.0,0.0,0.0,0.0,0,Clear,0,,15.5,40.7,Clear,51.620000000000005
2025-04-01T17:00,2025-04-01,17,10.2,38,0.0,0.0,0.0,0.0,0,Clear,0,,13.8,37.1,Clear,50.36
2025-04-01T18:00,2025-04-01,18,9.0,44,0.0,0.0,0.0,0.0,0,Clear,5,,9.7,31.3,Clear,48.2
2025-04-01T19:00,2025-04-01,19,7.7,50,0.0,0.0,0.0,0.0,0,Clear,0,,8.9,22.0,Clear,45.86
2025-04-01T20:00,2025-04-01,20,7.7,52,0.0,0.0,0.0,0.0,0,Clear,0,,7.5,15.1,Clear,45.86
2025-04-01T21:00,2025-04-01,21,6.8,50,0.0,0.0,0.0,0.0,0,Clear,0,,12.0,25.6,Clear,44.239999999999995
2025-04-01T22:00,2025-04-01,22,5.7,50,0.0,0.0,0.0,0.0,1,Mainly Clear,43,,12.3,27.7,Clear,42.260000000000005
2025-04-01T23:00,2025-04-01,23,4.6,51,0.0,0.0,0.0,0.0,3,Overcast,96,,11.7,26.6,Cloudy,40.28
2025-04-02T00:00,2025-04-02,0,3.5,53,0.0,0.0,0.0,0.0,3,Overcast,98,,9.9,25.2,Cloudy,38.3
2025-04-02T01:00,2025-04-02,1,2.7,57,0.0,0.0,0.0,0.0,3,Overcast,96,,9.2,21.6,Cloudy,36.86
2025-04-02T02:00,2025-04-02,2,2.1,58,0.0,0.0,0.0,0.0,0,Clear,15,,10.5,22.7,Clear,35.78
2025-04-02T03:00,2025-04-02,3,1.6,59,0.0,0.0,0.0,0.0,3,Overcast,89,,11.0,24.1,Cloudy,34.88
2025-04-02T04:00,2025-04-02,4,1.0,59,0.0,0.0,0.0,0.0,3,Overcast,86,,10.2,24.5,Cloudy,33.8
2025-04-02T05:00,2025-04-02,5,0.6,60,0.0,0.0,0.0,0.0,2,Partly Cloudy,72,,9.1,22.7,Cloudy,33.08
2025-04-02T06:00,2025-04-02,6,0.2,62,0.0,0.0,0.0,0.0,0,Clear,8,,8.5,20.2,Clear,32.36
2025-04-02T07:00,2025-04-02,7,1.1,60,0.0,0.0,0.0,0.0,1,Mainly Clear,23,,8.9,21.2,Clear,33.98
2025-04-02T08:00,2025-04-02,8,3.7,50,0.0,0.0,0.0,0.0,3,Overcast,94,,9.4,25.2,Cloudy,38.660000000000004
2025-04-02T09:00,2025-04-02,9,5.2,50,0.0,0.0,0.0,0.0,3,Overcast,89,,9.2,26.6,Cloudy,41.36
2025-04-02T10:00,2025-04-02,10,6.6,48,0.0,0.0,0.0,0.0,0,Clear,14,,9.0,27.7,Clear,43.879999999999995
2025-04-02T11:00,2025-04-02,11,7.9,46,0.0,0.0,0.0,0.0,3,Overcast,100,,8.4,27.4,Cloudy,46.22
2025-04-02T12:00,2025-04-02,12,8.5,43,0.0,0.0,0.0,0.0,3,Overcast,100,,13.2,35.3,Cloudy,47.3
2025-04-02T13:00,2025-04-02,13,8.0,46,0.0,0.0,0.0,0.0,3,Overcast,100,,14.2,40.3,Cloudy,46.4
2025-04-02T14:00,2025-04-02,14,7.8,51,0.0,0.0,0.0,0.0,3,Overcast,100,,14.4,38.2,Cloudy,46.04
2025-04-02T15:00,2025-04-02,15,6.9,56,0.0,0.0,0.0,0.0,3,Overcast,100,,15.7,40.7,Cloudy,44.42
2025-04-02T16:00,2025-04-02,16,6.0,64,0.0,0.0,0.0,0.0,3,Overcast,100,,15.2,39.2,Cloudy,42.8
2025-04-02T17:00,2025-04-02,17,5.8,72,0.0,0.0,0.0,0.0,3,Overcast,100,,14.4,36.0,Cloudy,42.44
2025-04-02T18:00,2025-04-02,18,5.7,77,0.0,0.0,0.0,0.0,3,Overcast,99,,16.0,43.9,Cloudy,42.260000000000005
2025-04-02T19:00,2025-04-02,19,5.5,82,0.0,0.0,0.0,0.0,3,Overcast,100,,10.0,35.6,Cloudy,41.9
2025-04-02T20:00,2025-04-02,20,5.8,80,0.0,0.0,0.0,0.0,3,Overcast,100,,14.1,30.2,Cloudy,42.44
2025-04-02T21:00,2025-04-02,21,6.0,84,0.0,0.0,0.0,0.0,3,Overcast,100,,11.8,33.8,Cloudy,42.8
2025-04-02T22:00,2025-04-02,22,6.2,86,0.0,0.0,0.0,0.0,3,Overcast,100,,9.6,25.2,Cloudy,43.16
2025-04-02T23:00,2025-04-02,23,6.7,86,0.0,0.0,0.0,0.0,3,Overcast,100,,12.0,25.9,Cloudy,44.06
2025-04-03T00:00,2025-04-03,0,7.1,86,0.0,0.0,0.0,0.0,3,Overcast,100,,10.6,29.9,Cloudy,44.78
2025-04-03T01:00,2025-04-03,1,7.2,87,0.0,0.0,0.0,0.0,3,Overcast,100,,7.8,23.4,Cloudy,44.96
2025-04-03T02:00,2025-04-03,2,7.5,88,0.0,0.0,0.0,0.0,3,Overcast,100,,7.8,17.3,Cloudy,45.5
2025-04-03T03:00,2025-04-03,3,7.8,89,0.1,0.1,0.0,0.0,51,Light Drizzle,100,,9.4,19.8,Rain,46.04
2025-04-03T04:00,2025-04-03,4,8.2,89,0.1,0.1,0.0,0.0,51,Light Drizzle,100,,9.4,20.5,Rain,46.76
2025-04-03T05:00,2025-04-03,5,8.8,90,0.0,0.0,0.0,0.0,3,Overcast,100,,6.9,19.4,Cloudy,47.84
2025-04-03T06:00,2025-04-03,6,10.6,88,0.0,0.0,0.0,0.0,3,Overcast,100,,10.5,20.5,Cloudy,51.08
2025-04-03T07:00,2025-04-03,7,13.2,86,0.0,0.0,0.0,0.0,3,Overcast,100,,15.4,32.8,Cloudy,55.76
2025-04-03T08:00,2025-04-03,8,12.1,87,0.7,0.7,0.0,0.0,53,Moderate Drizzle,100,,13.9,41.8,Rain,53.78
2025-04-03T09:00,2025-04-03,9,12.6,89,0.4,0.4,0.0,0.0,51,Light Drizzle,100,,13.9,28.8,Rain,54.68
2025-04-03T10:00,2025-04-03,10,14.3,87,0.1,0.1,0.0,0.0,51,Light Drizzle,100,,17.1,36.7,Rain,57.74
2025-04-03T11:00,2025-04-03,11,16.3,87,0.0,0.0,0.0,0.0,3,Overcast,100,,19.0,40.7,Cloudy,61.34
2025-04-03T12:00,2025-04-03,12,17.8,87,0.0,0.0,0.0,0.0,3,Overcast,100,,17.3,42.5,Cloudy,64.04
2025-04-03T13:00,2025-04-03,13,19.2,86,0.1,0.1,0.0,0.0,51,Light Drizzle,100,,14.2,38.5,Rain,66.56
2025-04-03T14:00,2025-04-03,14,22.4,75,0.0,0.0,0.0,0.0,3,Overcast,100,,22.0,55.1,Cloudy,72.32
2025-04-03T15:00,2025-04-03,15,21.7,78,0.0,0.0,0.0,0.0,3,Overcast,100,,18.2,51.1,Cloudy,71.06
2025-04-03T16:00,2025-04-03,16,21.9,78,0.0,0.0,0.0,0.0,3,Overcast,100,,18.5,41.4,Cloudy,71.42
2025-04-03T17:00,2025-04-03,17,21.9,77,0.0,0.0,0.0,0.0,3,Overcast,100,,17.2,41.8,Cloudy,71.42
2025-04-03T18:00,2025-04-03,18,21.2,79,0.0,0.0,0.0,0.0,3,Overcast,100,,15.2,38.2,Cloudy,70.16
2025-04-03T19:00,2025-04-03,19,21.2,78,0.0,0.0,0.0,0.0,3,Overcast,100,,16.2,35.6,Cloudy,70.16
2025-04-03T20:00,2025-04-03,20,21.7,77,0.0,0.0,0.0,0.0,3,Overcast,98,,17.2,38.2,Cloudy,71.06
2025-04-03T21:00,2025-04-03,21,21.8,75,0.0,0.0,0.0,0.0,3,Overcast,100,,16.7,37.8,Cloudy,71.24000000000001
2025-04-03T22:00,2025-04-03,22,21.6,75,0.0,0.0,0.0,0.0,3,Overcast,100,,18.0,39.6,Cloudy,70.88
2025-04-03T23:00,2025-04-03,23,21.3,77,0.0,0.0,0.0,0.0,3,Overcast,100,,15.6,40.0,Cloudy,70.34
2025-04-04T00:00,2025-04-04,0,20.9,78,0.0,0.0,0.0,0.0,3,Overcast,100,,13.8,34.2,Cloudy,69.62
2025-04-04T01:00,2025-04-04,1,20.2,81,0.0,0.0,0.0,0.0,3,Overcast,100,,12.7,29.2,Cloudy,68.36
2025-04-04T02:00,2025-04-04,2,19.4,83,0.0,0.0,0.0,0.0,3,Overcast,100,,11.2,26.6,Cloudy,66.92
2025-04-04T03:00,2025-04-04,3,18.5,85,0.3,0.3,0.0,0.0,51,Light Drizzle,100,,11.1,22.7,Rain,65.3
2025-04-04T04:00,2025-04-04,4,17.5,85,0.3,0.3,0.0,0.0,51,Light Drizzle,100,,10.0,22.3,Rain,63.5
2025-04-04T05:00,2025-04-04,5,14.5,81,2.3,2.3,0.0,0.0,61,Slight Rain,100,,12.6,32.4,Rain,58.1
2025-04-04T06:00,2025-04-04,6,13.1,86,3.7,3.7,0.0,0.0,63,Moderate Rain,100,,8.8,32.4,Rain,55.58
2025-04-04T07:00,2025-04-04,7,12.9,85,0.6,0.6,0.0,0.0,53,Moderate Drizzle,100,,10.9,20.5,Rain,55.22
2025-04-04T08:00,2025-04-04,8,16.5,84,0.0,0.0,0.0,0.0,3,Overcast,100,,5.2,14.0,Cloudy,61.7
2025-04-04T09:00,2025-04-04,9,18.4,70,0.0,0.0,0.0,0.0,3,Overcast,100,,7.4,18.0,Cloudy,65.12
2025-04-04T10:00,2025-04-04,10,18.2,49,0.0,0.0,0.0,0.0,3,Overcast,100,,13.5,33.1,Cloudy,64.75999999999999
2025-04-04T11:00,2025-04-04,11,18.8,46,0.0,0.0,0.0,0.0,3,Overcast,100,,11.3,32.4,Cloudy,65.84
2025-04-04T12:00,2025-04-04,12,19.0,43,0.0,0.0,0.0,0.0,3,Overcast,100,,13.4,33.1,Cloudy,66.2
2025-04-04T13:00,2025-04-04,13,19.1,41,0.0,0.0,0.0,0.0,3,Overcast,100,,13.1,33.8,Cloudy,66.38
2025-04-04T14:00,2025-04-04,14,19.2,40,0.0,0.0,0.0,0.0,3,Overcast,100,,12.3,32.8,Cloudy,66.56
2025-04-04T15:00,2025-04-04,15,19.4,38,0.0,0.0,0.0,0.0,3,Overcast,100,,11.7,31.0,Cloudy,66.92
2025-04-04T16:00,2025-04-04,16,19.4,38,0.0,0.0,0.0,0.0,3,Overcast,100,,10.3,28.1,Cloudy,66.92
2025-04-04T17:00,2025-04-04,17,18.8,42,0.0,0.0,0.0,0.0,3,Overcast,100,,7.9,23.8,Cloudy,65.84
2025-04-04T18:00,2025-04-04,18,16.9,51,0.0,0.0,0.0,0.0,3,Overcast,100,,7.4,18.4,Cloudy,62.42
2025-04-04T19:00,2025-04-04,19,15.1,56,0.0,0.0,0.0,0.0,3,Overcast,100,,7.5,15.8,Cloudy,59.18
2025-04-04T20:00,2025-04-04,20,14.9,57,0.0,0.0,0.0,0.0,3,Overcast,100,,6.0,14.4,Cloudy,58.82
2025-04-04T21:00,2025-04-04,21,14.4,58,0.0,0.0,0.0,0.0,3,Overcast,100,,7.9,15.8,Cloudy,57.92
2025-04-04T22:00,2025-04-04,22,13.6,61,0.0,0.0,0.0,0.0,3,Overcast,100,,8.6,20.9,Cloudy,56.48
2025-04-04T23:00,2025-04-04,23,12.8,61,0.0,0.0,0.0,0.0,3,Overcast,100,,6.9,18.0,Cloudy,55.04
2025-04-05T00:00,2025-04-05,0,12.1,60,0.0,0.0,0.0,0.0,3,Overcast,100,,8.1,17.6,Cloudy,53.78
2025-04-05T01:00,2025-04-05,1,11.7,61,0.0,0.0,0.0,0.0,2,Partly Cloudy,75,,7.4,16.9,Cloudy,53.06
2025-04-05T02:00,2025-04-05,2,11.1,61,0.0,0.0,0.0,0.0,3,Overcast,99,,10.5,21.2,Cloudy,51.98
2025-04-05T03:00,2025-04-05,3,10.8,60,0.0,0.0,0.0,0.0,2,Partly Cloudy,74,,11.3,24.5,Cloudy,51.44
2025-04-05T04:00,2025-04-05,4,9.8,65,0.0,0.0,0.0,0.0,2,Partly Cloudy,77,,6.8,24.8,Cloudy,49.64
2025-04-05T05:00,2025-04-05,5,9.6,66,0.0,0.0,0.0,0.0,3,Overcast,100,,7.6,16.9,Cloudy,49.28
2025-04-05T06:00,2025-04-05,6,9.8,63,0.0,0.0,0.0,0.0,3,Overcast,100,,8.3,18.0,Cloudy,49.64
2025-04-05T07:00,2025-04-05,7,9.9,62,0.0,0.0,0.0,0.0,3,Overcast,100,,11.2,25.6,Cloudy,49.82
2025-04-05T08:00,2025-04-05,8,10.1,67,0.0,0.0,0.0,0.0,3,Overcast,100,,10.0,24.5,Cloudy,50.18
2025-04-05T09:00,2025-04-05,9,9.7,71,0.0,0.0,0.0,0.0,3,Overcast,100,,11.3,26.3,Cloudy,49.46
2025-04-05T10:00,2025-04-05,10,9.8,72,0.0,0.0,0.0,0.0,3,Overcast,100,,12.7,29.5,Cloudy,49.64
2025-04-05T11:00,2025-04-05,11,9.7,68,0.0,0.0,0.0,0.0,3,Overcast,100,,10.7,33.5,Cloudy,49.46
2025-04-05T12:00,2025-04-05,12,9.1,73,0.5,0.5,0.0,0.0,53,Moderate Drizzle,100,,16.5,39.2,Rain,48.379999999999995
2025-04-05T13:00,2025-04-05,13,9.6,70,0.0,0.0,0.0,0.0,3,Overcast,100,,15.6,38.5,Cloudy,49.28
2025-04-05T14:00,2025-04-05,14,9.4,73,0.0,0.0,0.0,0.0,3,Overcast,100,,14.0,41.0,Cloudy,48.92
2025-04-05T15:00,2025-04-05,15,9.1,76,0.1,0.1,0.0,0.0,51,Light Drizzle,100,,10.1,33.1,Rain,48.379999999999995
2025-04-05T16:00,2025-04-05,16,9.1,78,0.2,0.2,0.0,0.0,51,Light Drizzle,100,,6.7,24.5,Rain,48.379999999999995
2025-04-05T17:00,2025-04-05,17,8.8,81,0.5,0.5,0.0,0.0,53,Moderate Drizzle,100,,7.9,18.7,Rain,47.84
2025-04-05T18:00,2025-04-05,18,8.8,85,0.1,0.1,0.0,0.0,51,Light Drizzle,100,,4.6,18.7,Rain,47.84
2025-04-05T19:00,2025-04-05,19,8.8,87,0.1,0.1,0.0,0.0,51,Light Drizzle,100,,7.5,16.9,Rain,47.84
2025-04-05T20:00,2025-04-05,20,6.8,93,0.0,0.0,0.0,0.0,3,Overcast,100,,7.9,21.6,Cloudy,44.239999999999995
2025-04-05T21:00,2025-04-05,21,6.6,93,0.0,0.0,0.0,0.0,3,Overcast,81,,9.4,21.2,Cloudy,43.879999999999995
2025-04-05T22:00,2025-04-05,22,6.1,95,0.0,0.0,0.0,0.0,3,Overcast,82,,7.3,21.6,Cloudy,42.980000000000004
2025-04-05T23:00,2025-04-05,23,6.1,95,0.0,0.0,0.0,0.0,3,Overcast,98,,6.4,16.6,Cloudy,42.980000000000004
2025-04-06T00:00,2025-04-06,0,6.3,92,0.4,0.4,0.0,0.0,51,Light Drizzle,100,,6.0,14.4,Rain,43.34
2025-04-06T01:00,2025-04-06,1,6.4,93,1.3,1.3,0.0,0.0,61,Slight Rain,100,,5.2,16.2,Rain,43.519999999999996
2025-04-06T02:00,2025-04-06,2,6.6,94,0.9,0.9,0.0,0.0,53,Moderate Drizzle,100,,3.7,30.6,Rain,43.879999999999995
2025-04-06T03:00,2025-04-06,3,6.6,95,0.0,0.0,0.0,0.0,3,Overcast,100,,2.5,10.4,Cloudy,43.879999999999995
2025-04-06T04:00,2025-04-06,4,6.8,96,0.0,0.0,0.0,0.0,3,Overcast,100,,1.9,7.2,Cloudy,44.239999999999995
2025-04-06T05:00,2025-04-06,5,7.0,96,0.0,0.0,0.0,0.0,3,Overcast,100,,3.4,8.3,Cloudy,44.6
2025-04-06T06:00,2025-04-06,6,7.3,96,0.0,0.0,0.0,0.0,3,Overcast,100,,6.7,14.0,Cloudy,45.14
2025-04-06T07:00,2025-04-06,7,8.1,93,0.0,0.0,0.0,0.0,3,Overcast,100,,7.0,18.4,Cloudy,46.58
2025-04-06T08:00,2025-04-06,8,7.6,93,0.1,0.1,0.0,0.0,51,Light Drizzle,100,,7.9,17.6,Rain,45.68
2025-04-06T09:00,2025-04-06,9,8.9,89,0.0,0.0,0.0,0.0,3,Overcast,100,,10.8,24.1,Cloudy,48.02
2025-04-06T10:00,2025-04-06,10,10.1,83,0.1,0.1,0.0,0.0,51,Light Drizzle,100,,14.0,33.8,Rain,50.18
2025-04-06T11:00,2025-04-06,11,10.4,82,0.2,0.2,0.0,0.0,51,Light Drizzle,100,,9.2,32.4,Rain,50.72
2025-04-06T12:00,2025-04-06,12,12.4,75,0.1,0.1,0.0,0.0,51,Light Drizzle,100,,5.2,26.6,Rain,54.32
2025-04-06T13:00,2025-04-06,13,13.9,66,0.0,0.0,0.0,0.0,3,Overcast,100,,9.0,22.0,Cloudy,57.02
2025-04-06T14:00,2025-04-06,14,15.5,56,0.0,0.0,0.0,0.0,3,Overcast,100,,12.0,31.3,Cloudy,59.9
2025-04-06T15:00,2025-04-06,15,14.4,56,0.0,0.0,0.0,0.0,3,Overcast,100,,11.3,30.2,Cloudy,57.92
2025-04-06T16:00,2025-04-06,16,13.9,56,0.0,0.0,0.0,0.0,3,Overcast,100,,8.1,28.1,Cloudy,57.02
2025-04-06T17:00,2025-04-06,17,13.6,56,0.0,0.0,0.0,0.0,3,Overcast,100,,7.5,19.4,Cloudy,56.48
2025-04-06T18:00,2025-04-06,18,12.4,58,0.0,0.0,0.0,0.0,3,Overcast,100,,6.9,19.8,Cloudy,54.32
2025-04-06T19:00,2025-04-06,19,11.1,57,0.0,0.0,0.0,0.0,3,Overcast,100,,8.1,17.6,Cloudy,51.98
2025-04-06T20:00,2025-04-06,20,10.9,56,0.0,0.0,0.0,0.0,3,Overcast,100,,7.1,20.2,Cloudy,51.620000000000005
2025-04-06T21:00,2025-04-06,21,10.6,57,0.0,0.0,0.0,0.0,3,Overcast,100,,6.9,14.8,Cloudy,51.08
2025-04-06T22:00,2025-04-06,22,10.1,56,0.0,0.0,0.0,0.0,3,Overcast,100,,9.8,21.2,Cloudy,50.18
2025-04-06T23:00,2025-04-06,23,9.2,56,0.0,0.0,0.0,0.0,3,Overcast,100,,8.9,22.0,Cloudy,48.56
2025-04-07T00:00,2025-04-07,0,8.7,60,0.0,0.0,0.0,0.0,3,Overcast,100,,7.6,19.4,Cloudy,47.66
2025-04-07T01:00,2025-04-07,1,8.0,66,0.1,0.1,0.0,0.0,51,Light Drizzle,100,,7.3,18.7,Rain,46.4
2025-04-07T02:00,2025-04-07,2,7.3,73,0.6,0.6,0.0,0.0,53,Moderate Drizzle,100,,8.9,18.0,Rain,45.14
2025-04-07T03:00,2025-04-07,3,6.7,81,0.5,0.5,0.0,0.0,53,Moderate Drizzle,100,,9.0,20.2,Rain,44.06
2025-04-07T04:00,2025-04-07,4,6.3,85,0.6,0.6,0.0,0.0,53,Moderate Drizzle,100,,10.1,20.5,Rain,43.34
2025-04-07T05:00,2025-04-07,5,5.7,82,0.4,0.4,0.0,0.0,51,Light Drizzle,100,,10.7,23.0,Rain,42.260000000000005
2025-04-07T06:00,2025-04-07,6,5.1,83,0.3,0.3,0.0,0.0,51,Light Drizzle,100,,11.9,25.2,Rain,41.18
2025-04-07T07:00,2025-04-07,7,4.9,84,0.4,0.4,0.0,0.0,51,Light Drizzle,100,,9.9,25.9,Rain,40.82
2025-04-07T08:00,2025-04-07,8,4.4,87,0.8,0.8,0.0,0.0,53,Moderate Drizzle,100,,9.8,24.1,Rain,39.92
2025-04-07T09:00,2025-04-07,9,5.0,83,0.3,0.3,0.0,0.0,51,Light Drizzle,100,,10.9,26.6,Rain,41.0
2025-04-07T10:00,2025-04-07,10,5.2,86,1.0,1.0,0.0,0.0,55,Dense Drizzle,100,,10.6,24.1,Rain,41.36
2025-04-07T11:00,2025-04-07,11,6.0,83,0.9,0.9,0.0,0.0,53,Moderate Drizzle,100,,10.6,26.3,Rain,42.8
2025-04-07T12:00,2025-04-07,12,6.1,86,0.7,0.7,0.0,0.0,53,Moderate Drizzle,100,,10.0,24.8,Rain,42.980000000000004
2025-04-07T13:00,2025-04-07,13,6.1,88,1.0,1.0,0.0,0.0,55,Dense Drizzle,100,,11.5,27.4,Rain,42.980000000000004
2025-04-07T14:00,2025-04-07,14,6.6,85,0.3,0.3,0.0,0.0,51,Light Drizzle,100,,10.3,27.4,Rain,43.879999999999995
2025-04-07T15:00,2025-04-07,15,6.5,86,0.2,0.2,0.0,0.0,51,Light Drizzle,100,,10.1,26.3,Rain,43.7
2025-04-07T16:00,2025-04-07,16,6.3,86,0.3,0.3,0.0,0.0,51,Light Drizzle,100,,9.6,24.8,Rain,43.34
2025-04-07T17:00,2025-04-07,17,6.1,87,0.1,0.1,0.0,0.0,51,Light Drizzle,100,,8.5,22.3,Rain,42.980000000000004
2025-04-07T18:00,2025-04-07,18,6.1,87,0.0,0.0,0.0,0.0,3,Overcast,100,,6.5,20.2,Cloudy,42.980000000000004
2025-04-07T19:00,2025-04-07,19,5.7,89,0.0,0.0,0.0,0.0,3,Overcast,100,,5.9,16.2,Cloudy,42.260000000000005
2025-04-07T20:00,2025-04-07,20,5.1,91,0.0,0.0,0.0,0.0,3,Overcast,100,,5.9,15.1,Cloudy,41.18
2025-04-07T21:00,2025-04-07,21,5.1,90,0.0,0.0,0.0,0.0,3,Overcast,100,,5.2,14.8,Cloudy,41.18
2025-04-07T22:00,2025-04-07,22,5.1,90,0.0,0.0,0.0,0.0,3,Overcast,100,,2.7,12.2,Cloudy,41.18
2025-04-07T23:00,2025-04-07,23,5.3,89,0.0,0.0,0.0,0.0,3,Overcast,100,,1.5,8.3,Cloudy,41.54
2025-04-08T00:00,2025-04-08,0,5.3,89,0.0,0.0,0.0,0.0,3,Overcast,100,,1.4,5.0,Cloudy,41.54
2025-04-08T01:00,2025-04-08,1,5.2,90,0.0,0.0,0.0,0.0,3,Overcast,100,,3.7,9.4,Cloudy,41.36
2025-04-08T02:00,2025-04-08,2,5.2,91,0.0,0.0,0.0,0.0,3,Overcast,100,,5.0,11.5,Cloudy,41.36
2025-04-08T03:00,2025-04-08,3,5.2,92,0.0,0.0,0.0,0.0,3,Overcast,100,,4.3,10.8,Cloudy,41.36
2025-04-08T04:00,2025-04-08,4,5.4,90,0.0,0.0,0.0,0.0,3,Overcast,100,,6.5,14.4,Cloudy,41.72
2025-04-08T05:00,2025-04-08,5,5.3,90,0.0,0.0,0.0,0.0,3,Overcast,100,,8.6,18.7,Cloudy,41.54
2025-04-08T06:00,2025-04-08,6,4.4,71,0.0,0.0,0.0,0.0,0,Clear,8,,18.2,40.7,Clear,39.92
2025-04-08T07:00,2025-04-08,7,2.2,53,0.0,0.0,0.0,0.0,0,Clear,0,,18.2,42.1,Clear,35.96
2025-04-08T08:00,2025-04-08,8,3.6,49,0.0,0.0,0.0,0.0,0,Clear,0,,19.2,45.7,Clear,38.48
2025-04-08T09:00,2025-04-08,9,4.4,46,0.0,0.0,0.0,0.0,0,Clear,0,,18.8,46.1,Clear,39.92
2025-04-08T10:00,2025-04-08,10,5.1,42,0.0,0.0,0.0,0.0,0,Clear,2,,21.7,52.9,Clear,41.18
2025-04-08T11:00,2025-04-08,11,6.1,36,0.0,0.0,0.0,0.0,2,Partly Cloudy,67,,24.4,58.0,Cloudy,42.980000000000004
2025-04-08T12:00,2025-04-08,12,6.6,35,0.0,0.0,0.0,0.0,2,Partly Cloudy,60,,25.3,60.8,Cloudy,43.879999999999995
2025-04-08T13:00,2025-04-08,13,6.8,33,0.0,0.0,0.0,0.0,3,Overcast,99,,26.3,61.9,Cloudy,44.239999999999995
2025-04-08T14:00,2025-04-08,14,6.2,36,0.0,0.0,0.0,0.0,3,Overcast,100,,25.9,62.6,Cloudy,43.16
2025-04-08T15:00,2025-04-08,15,5.9,38,0.0,0.0,0.0,0.0,2,Partly Cloudy,73,,25.2,63.0,Cloudy,42.620000000000005
2025-04-08T16:00,2025-04-08,16,4.9,41,0.0,0.0,0.0,0.0,0,Clear,0,,24.6,60.8,Clear,40.82
2025-04-08T17:00,2025-04-08,17,4.4,39,0.0,0.0,0.0,0.0,0,Clear,9,,27.0,60.8,Clear,39.92
2025-04-08T18:00,2025-04-08,18,3.3,43,0.0,0.0,0.0,0.0,0,Clear,7,,19.7,63.0,Clear,37.94
2025-04-08T19:00,2025-04-08,19,2.5,47,0.0,0.0,0.0,0.0,0,Clear,2,,17.0,45.4,Clear,36.5
2025-04-08T20:00,2025-04-08,20,3.2,46,0.0,0.0,0.0,0.0,0,Clear,0,,15.1,37.1,Clear,37.76
2025-04-08T21:00,2025-04-08,21,2.6,46,0.0,0.0,0.0,0.0,0,Clear,0,,16.4,36.7,Clear,36.68
2025-04-08T22:00,2025-04-08,22,2.0,45,0.0,0.0,0.0,0.0,0,Clear,0,,16.8,38.2,Clear,35.6
2025-04-08T23:00,2025-04-08,23,1.4,48,0.0,0.0,0.0,0.0,0,Clear,2,,15.0,37.8,Clear,34.52
2025-04-09T00:00,2025-04-09,0,0.8,52,0.0,0.0,0.0,0.0,0,Clear,9,,10.6,33.5,Clear,33.44
2025-04-09T01:00,2025-04-09,1,0.1,59,0.0,0.0,0.0,0.0,1,Mainly Clear,39,,6.6,23.8,Clear,32.18
2025-04-09T02:00,2025-04-09,2,-0.3,62,0.0,0.0,0.0,0.0,1,Mainly Clear,34,,5.8,15.1,Clear,31.46
2025-04-09T03:00,2025-04-09,3,-0.6,60,0.0,0.0,0.0,0.0,0,Clear,2,,9.4,20.5,Clear,30.92
2025-04-09T04:00,2025-04-09,4,-1.2,59,0.0,0.0,0.0,0.0,0,Clear,0,,12.1,27.4,Clear,29.84
2025-04-09T05:00,2025-04-09,5,-1.5,59,0.0,0.0,0.0,0.0,0,Clear,0,,12.4,29.2,Clear,29.3
2025-04-09T06:00,2025-04-09,6,-1.6,60,0.0,0.0,0.0,0.0,0,Clear,0,,10.8,28.8,Clear,29.12
2025-04-09T07:00,2025-04-09,7,-0.7,53,0.0,0.0,0.0,0.0,0,Clear,0,,13.1,30.6,Clear,30.74
2025-04-09T08:00,2025-04-09,8,1.2,45,0.0,0.0,0.0,0.0,0,Clear,0,,13.3,33.5,Clear,34.16
2025-04-09T09:00,2025-04-09,9,2.4,44,0.0,0.0,0.0,0.0,0,Clear,0,,12.5,34.6,Clear,36.32
2025-04-09T10:00,2025-04-09,10,3.7,43,0.0,0.0,0.0,0.0,0,Clear,0,,9.9,33.1,Clear,38.660000000000004
2025-04-09T11:00,2025-04-09,11,4.9,41,0.0,0.0,0.0,0.0,0,Clear,0,,8.3,28.8,Clear,40.82
2025-04-09T12:00,2025-04-09,12,6.0,40,0.0,0.0,0.0,0.0,0,Clear,0,,7.8,26.6,Clear,42.8
2025-04-09T13:00,2025-04-09,13,7.0,37,0.0,0.0,0.0,0.0,0,Clear,0,,7.4,26.3,Clear,44.6
2025-04-09T14:00,2025-04-09,14,7.8,34,0.0,0.0,0.0,0.0,0,Clear,0,,6.0,24.8,Clear,46.04
2025-04-09T15:00,2025-04-09,15,8.4,32,0.0,0.0,0.0,0.0,0,Clear,1,,6.9,22.3,Clear,47.120000000000005
2025-04-09T16:00,2025-04-09,16,8.4,33,0.0,0.0,0.0,0.0,0,Clear,1,,8.1,23.0,Clear,47.120000000000005
2025-04-09T17:00,2025-04-09,17,8.1,33,0.0,0.0,0.0,0.0,1,Mainly Clear,38,,13.6,34.2,Clear,46.58
2025-04-09T18:00,2025-04-09,18,7.1,41,0.0,0.0,0.0,0.0,0,Clear,12,,6.9,35.6,Clear,44.78
2025-04-09T19:00,2025-04-09,19,5.2,53,0.0,0.0,0.0,0.0,0,Clear,4,,7.9,16.6,Clear,41.36
2025-04-09T20:00,2025-04-09,20,4.1,58,0.0,0.0,0.0,0.0,1,Mainly Clear,21,,12.7,31.3,Clear,39.38
2025-04-09T21:00,2025-04-09,21,4.1,61,0.0,0.0,0.0,0.0,0,Clear,1,,10.8,27.7,Clear,39.38
2025-04-09T22:00,2025-04-09,22,3.8,67,0.0,0.0,0.0,0.0,0,Clear,0,,7.7,23.0,Clear,38.839999999999996
2025-04-09T23:00,2025-04-09,23,3.2,74,0.0,0.0,0.0,0.0,3,Overcast,91,,5.4,16.9,Cloudy,37.76
2025-04-10T00:00,2025-04-10,0,2.9,77,0.0,0.0,0.0,0.0,1,Mainly Clear,20,,5.1,11.5,Clear,37.22
2025-04-10T01:00,2025-04-10,1,2.3,76,0.0,0.0,0.0,0.0,1,Mainly Clear,36,,5.1,11.9,Clear,36.14
2025-04-10T02:00,2025-04-10,2,1.9,76,0.0,0.0,0.0,0.0,1,Mainly Clear,48,,4.9,10.1,Clear,35.42
2025-04-10T03:00,2025-04-10,3,1.9,77,0.0,0.0,0.0,0.0,3,Overcast,88,,1.3,9.7,Cloudy,35.42
2025-04-10T04:00,2025-04-10,4,1.9,80,0.0,0.0,0.0,0.0,3,Overcast,98,,0.5,3.2,Cloudy,35.42
2025-04-10T05:00,2025-04-10,5,2.2,83,0.0,0.0,0.0,0.0,0,Clear,8,,0.9,2.9,Clear,35.96
2025-04-10T06:00,2025-04-10,6,1.7,87,0.0,0.0,0.0,0.0,0,Clear,2,,2.8,6.1,Clear,35.06
2025-04-10T07:00,2025-04-10,7,3.7,79,0.0,0.0,0.0,0.0,2,Partly Cloudy,67,,3.5,10.1,Cloudy,38.660000000000004
2025-04-10T08:00,2025-04-10,8,6.1,65,0.0,0.0,0.0,0.0,2,Partly Cloudy,76,,3.8,14.0,Cloudy,42.980000000000004
2025-04-10T09:00,2025-04-10,9,7.7,63,0.0,0.0,0.0,0.0,1,Mainly Clear,48,,5.6,18.7,Clear,45.86
2025-04-10T10:00,2025-04-10,10,9.4,57,0.0,0.0,0.0,0.0,3,Overcast,100,,12.6,32.0,Cloudy,48.92
2025-04-10T11:00,2025-04-10,11,8.9,57,0.0,0.0,0.0,0.0,2,Partly Cloudy,55,,14.3,37.1,Cloudy,48.02
2025-04-10T12:00,2025-04-10,12,9.6,49,0.0,0.0,0.0,0.0,3,Overcast,100,,15.8,40.3,Cloudy,49.28
2025-04-10T13:00,2025-04-10,13,8.9,51,0.0,0.0,0.0,0.0,3,Overcast,100,,17.2,43.6,Cloudy,48.02
2025-04-10T14:00,2025-04-10,14,7.4,55,0.0,0.0,0.0,0.0,3,Overcast,100,,15.9,43.6,Cloudy,45.32
2025-04-10T15:00,2025-04-10,15,6.7,56,0.0,0.0,0.0,0.0,3,Overcast,100,,12.5,38.2,Cloudy,44.06
2025-04-10T16:00,2025-04-10,16,6.3,58,0.1,0.1,0.0,0.0,51,Light Drizzle,100,,11.2,29.5,Rain,43.34
2025-04-10T17:00,2025-04-10,17,5.9,62,0.1,0.1,0.0,0.0,51,Light Drizzle,100,,9.1,26.6,Rain,42.620000000000005
2025-04-10T18:00,2025-04-10,18,5.6,67,0.1,0.1,0.0,0.0,51,Light Drizzle,100,,8.7,21.6,Rain,42.08
2025-04-10T19:00,2025-04-10,19,5.2,71,0.2,0.2,0.0,0.0,51,Light Drizzle,100,,10.9,24.1,Rain,41.36
2025-04-10T20:00,2025-04-10,20,5.4,69,0.1,0.1,0.0,0.0,51,Light Drizzle,100,,8.2,21.6,Rain,41.72
2025-04-10T21:00,2025-04-10,21,5.1,70,0.1,0.1,0.0,0.0,51,Light Drizzle,100,,9.1,20.2,Rain,41.18
2025-04-10T22:00,2025-04-10,22,4.7,74,0.0,0.0,0.0,0.0,3,Overcast,100,,8.2,20.5,Cloudy,40.46
2025-04-10T23:00,2025-04-10,23,4.6,75,0.0,0.0,0.0,0.0,3,Overcast,100,,7.0,18.4,Cloudy,40.28
2025-04-11T00:00,2025-04-11,0,4.6,77,0.0,0.0,0.0,0.0,3,Overcast,100,,4.8,16.6,Cloudy,40.28
2025-04-11T01:00,2025-04-11,1,4.6,80,0.0,0.0,0.0,0.0,3,Overcast,100,,5.4,11.2,Cloudy,40.28
2025-04-11T02:00,2025-04-11,2,4.7,81,0.0,0.0,0.0,0.0,3,Overcast,100,,5.8,14.0,Cloudy,40.46
2025-04-11T03:00,2025-04-11,3,4.8,83,0.0,0.0,0.0,0.0,3,Overcast,100,,7.2,16.6,Cloudy,40.64
2025-04-11T04:00,2025-04-11,4,4.9,85,0.0,0.0,0.0,0.0,3,Overcast,100,,6.7,16.6,Cloudy,40.82
2025-04-11T05:00,2025-04-11,5,4.9,87,0.0,0.0,0.0,0.0,3,Overcast,100,,6.2,15.1,Cloudy,40.82
2025-04-11T06:00,2025-04-11,6,5.0,87,0.0,0.0,0.0,0.0,3,Overcast,100,,7.3,16.2,Cloudy,41.0
2025-04-11T07:00,2025-04-11,7,5.4,84,0.0,0.0,0.0,0.0,3,Overcast,100,,6.4,19.1,Cloudy,41.72
2025-04-11T08:00,2025-04-11,8,6.2,79,0.0,0.0,0.0,0.0,3,Overcast,100,,8.5,21.6,Cloudy,43.16
2025-04-11T09:00,2025-04-11,9,6.1,77,0.5,0.5,0.0,0.0,53,Moderate Drizzle,100,,8.9,22.3,Rain,42.980000000000004
2025-04-11T10:00,2025-04-11,10,6.1,81,1.0,1.0,0.0,0.0,55,Dense Drizzle,100,,7.3,20.5,Rain,42.980000000000004
2025-04-11T11:00,2025-04-11,11,7.3,79,0.9,0.9,0.0,0.0,53,Moderate Drizzle,100,,12.5,28.8,Rain,45.14
2025-04-11T12:00,2025-04-11,12,7.3,82,0.7,0.7,0.0,0.0,53,Moderate Drizzle,100,,11.2,30.2,Rain,45.14
2025-04-11T13:00,2025-04-11,13,6.9,89,1.0,1.0,0.0,0.0,55,Dense Drizzle,100,,10.3,25.9,Rain,44.42
2025-04-11T14:00,2025-04-11,14,7.3,87,0.9,0.9,0.0,0.0,53,Moderate Drizzle,100,,10.7,25.2,Rain,45.14
2025-04-11T15:00,2025-04-11,15,6.8,92,0.8,0.8,0.0,0.0,53,Moderate Drizzle,100,,10.5,24.8,Rain,44.239999999999995
2025-04-11T16:00,2025-04-11,16,7.4,89,0.3,0.3,0.0,0.0,51,Light Drizzle,100,,9.6,27.0,Rain,45.32
2025-04-11T17:00,2025-04-11,17,7.1,90,0.2,0.2,0.0,0.0,51,Light Drizzle,100,,11.1,23.4,Rain,44.78
2025-04-11T18:00,2025-04-11,18,6.6,89,0.6,0.6,0.0,0.0,53,Moderate Drizzle,100,,13.0,26.6,Rain,43.879999999999995
2025-04-11T19:00,2025-04-11,19,5.7,92,1.2,1.2,0.0,0.0,55,Dense Drizzle,100,,15.6,32.0,Rain,42.260000000000005
2025-04-11T20:00,2025-04-11,20,5.4,86,1.6,1.6,0.0,0.0,61,Slight Rain,100,,17.7,36.0,Rain,41.72
2025-04-11T21:00,2025-04-11,21,5.4,86,0.5,0.5,0.0,0.0,53,Moderate Drizzle,100,,17.9,36.7,Rain,41.72
2025-04-11T22:00,2025-04-11,22,5.2,92,1.5,1.5,0.0,0.0,61,Slight Rain,100,,17.7,38.2,Rain,41.36
2025-04-11T23:00,2025-04-11,23,5.4,92,2.4,2.4,0.0,0.0,61,Slight Rain,100,,20.5,41.4,Rain,41.72
2025-04-12T00:00,2025-04-12,0,4.6,93,3.1,3.1,0.0,0.0,63,Moderate Rain,100,,21.4,45.7,Rain,40.28
2025-04-12T01:00,2025-04-12,1,3.4,99,2.4,2.4,0.0,0.0,61,Slight Rain,100,,14.9,45.7,Rain,38.12
2025-04-12T02:00,2025-04-12,2,2.5,100,1.8,1.8,0.0,0.0,61,Slight Rain,100,,15.3,36.7,Rain,36.5
2025-04-12T03:00,2025-04-12,3,1.9,100,2.1,1.2,0.63,0.0,73,Moderate Snow,100,,18.1,33.8,Snow,35.42
2025-04-12T04:00,2025-04-12,4,1.6,100,1.7,0.8,0.63,0.0,73,Moderate Snow,100,,23.0,45.7,Snow,34.88
2025-04-12T05:00,2025-04-12,5,1.8,98,0.8,0.7,0.07,0.0,71,Slight Snow,100,,22.7,45.7,Snow,35.24
2025-04-12T06:00,2025-04-12,6,2.3,93,0.4,0.4,0.0,0.0,51,Light Drizzle,100,,21.8,47.2,Rain,36.14
2025-04-12T07:00,2025-04-12,7,2.7,90,0.3,0.3,0.0,0.0,51,Light Drizzle,100,,22.0,47.5,Rain,36.86
2025-04-12T08:00,2025-04-12,8,3.3,89,0.4,0.4,0.0,0.0,51,Light Drizzle,100,,17.9,41.0,Rain,37.94
2025-04-12T09:00,2025-04-12,9,3.7,87,0.3,0.3,0.0,0.0,51,Light Drizzle,100,,19.3,43.9,Rain,38.660000000000004
2025-04-12T10:00,2025-04-12,10,3.8,86,0.2,0.2,0.0,0.0,51,Light Drizzle,100,,20.7,46.1,Rain,38.839999999999996
2025-04-12T11:00,2025-04-12,11,4.4,82,0.2,0.2,0.0,0.0,51,Light Drizzle,100,,18.9,47.5,Rain,39.92
2025-04-12T12:00,2025-04-12,12,4.8,81,0.2,0.2,0.0,0.0,51,Light Drizzle,100,,19.8,44.6,Rain,40.64
2025-04-12T13:00,2025-04-12,13,5.7,77,0.1,0.1,0.0,0.0,51,Light Drizzle,100,,19.1,46.8,Rain,42.260000000000005
2025-04-12T14:00,2025-04-12,14,5.7,77,0.1,0.1,0.0,0.0,51,Light Drizzle,100,,18.2,43.9,Rain,42.260000000000005
2025-04-12T15:00,2025-04-12,15,5.7,78,0.2,0.2,0.0,0.0,51,Light Drizzle,100,,17.1,42.5,Rain,42.260000000000005
2025-04-12T16:00,2025-04-12,16,4.9,83,0.3,0.3,0.0,0.0,51,Light Drizzle,100,,16.0,40.0,Rain,40.82
2025-04-12T17:00,2025-04-12,17,4.5,86,0.1,0.1,0.0,0.0,51,Light Drizzle,100,,13.6,38.2,Rain,40.1
2025-04-12T18:00,2025-04-12,18,4.4,86,0.0,0.0,0.0,0.0,3,Overcast,100,,13.7,31.7,Cloudy,39.92
2025-04-12T19:00,2025-04-12,19,4.5,84,0.0,0.0,0.0,0.0,3,Overcast,100,,15.3,34.9,Cloudy,40.1
2025-04-12T20:00,2025-04-12,20,4.4,84,0.1,0.1,0.0,0.0,51,Light Drizzle,100,,14.0,32.4,Rain,39.92
2025-04-12T21:00,2025-04-12,21,4.4,83,0.0,0.0,0.0,0.0,3,Overcast,100,,13.2,31.7,Cloudy,39.92
2025-04-12T22:00,2025-04-12,22,4.3,82,0.0,0.0,0.0,0.0,3,Overcast,100,,12.6,29.2,Cloudy,39.74
2025-04-12T23:00,2025-04-12,23,4.2,81,0.0,0.0,0.0,0.0,3,Overcast,100,,11.0,28.4,Cloudy,39.56
2025-04-13T00:00,2025-04-13,0,4.1,82,0.0,0.0,0.0,0.0,3,Overcast,100,,12.3,27.4,Cloudy,39.38
2025-04-13T01:00,2025-04-13,1,4.0,84,0.0,0.0,0.0,0.0,3,Overcast,100,,13.6,30.2,Cloudy,39.2
2025-04-13T02:00,2025-04-13,2,4.0,84,0.0,0.0,0.0,0.0,3,Overcast,100,,14.3,32.0,Cloudy,39.2
2025-04-13T03:00,2025-04-13,3,4.1,83,0.0,0.0,0.0,0.0,3,Overcast,100,,13.2,32.0,Cloudy,39.38
2025-04-13T04:00,2025-04-13,4,4.2,83,0.0,0.0,0.0,0.0,3,Overcast,100,,13.0,29.2,Cloudy,39.56
2025-04-13T05:00,2025-04-13,5,4.5,82,0.0,0.0,0.0,0.0,3,Overcast,100,,13.7,30.2,Cloudy,40.1
2025-04-13T06:00,2025-04-13,6,4.7,82,0.0,0.0,0.0,0.0,3,Overcast,100,,16.2,35.6,Cloudy,40.46
2025-04-13T07:00,2025-04-13,7,5.2,80,0.0,0.0,0.0,0.0,3,Overcast,95,,14.6,36.0,Cloudy,41.36
2025-04-13T08:00,2025-04-13,8,6.9,73,0.0,0.0,0.0,0.0,1,Mainly Clear,42,,12.5,34.6,Clear,44.42
2025-04-13T09:00,2025-04-13,9,8.9,65,0.0,0.0,0.0,0.0,2,Partly Cloudy,72,,19.0,46.1,Cloudy,48.02
2025-04-13T10:00,2025-04-13,10,10.4,59,0.0,0.0,0.0,0.0,3,Overcast,99,,19.3,45.7,Cloudy,50.72
2025-04-13T11:00,2025-04-13,11,11.4,57,0.0,0.0,0.0,0.0,3,Overcast,100,,19.0,45.4,Cloudy,52.52
2025-04-13T12:00,2025-04-13,12,11.8,56,0.0,0.0,0.0,0.0,3,Overcast,100,,19.6,46.4,Cloudy,53.24
2025-04-13T13:00,2025-04-13,13,12.8,52,0.0,0.0,0.0,0.0,3,Overcast,100,,19.7,46.8,Cloudy,55.04
2025-04-13T14:00,2025-04-13,14,13.9,49,0.0,0.0,0.0,0.0,3,Overcast,100,,19.1,46.1,Cloudy,57.02
2025-04-13T15:00,2025-04-13,15,14.1,48,0.0,0.0,0.0,0.0,3,Overcast,100,,17.7,50.0,Cloudy,57.379999999999995
2025-04-13T16:00,2025-04-13,16,13.9,51,0.0,0.0,0.0,0.0,3,Overcast,100,,16.8,46.8,Cloudy,57.02
2025-04-13T17:00,2025-04-13,17,13.3,54,0.0,0.0,0.0,0.0,3,Overcast,100,,13.0,37.8,Cloudy,55.94
2025-04-13T18:00,2025-04-13,18,12.7,55,0.0,0.0,0.0,0.0,3,Overcast,82,,13.0,29.2,Cloudy,54.86
2025-04-13T19:00,2025-04-13,19,11.6,57,0.0,0.0,0.0,0.0,1,Mainly Clear,43,,13.0,28.8,Clear,52.879999999999995
2025-04-13T20:00,2025-04-13,20,11.2,65,0.0,0.0,0.0,0.0,2,Partly Cloudy,61,,8.7,16.2,Cloudy,52.16
2025-04-13T21:00,2025-04-13,21,11.1,60,0.0,0.0,0.0,0.0,0,Clear,0,,12.4,25.6,Clear,51.98
2025-04-13T22:00,2025-04-13,22,10.2,60,0.0,0.0,0.0,0.0,0,Clear,0,,13.0,27.4,Clear,50.36
2025-04-13T23:00,2025-04-13,23,9.2,63,0.0,0.0,0.0,0.0,0,Clear,0,,11.3,27.0,Clear,48.56
2025-04-14T00:00,2025-04-14,0,8.1,67,0.0,0.0,0.0,0.0,0,Clear,0,,8.9,23.4,Clear,46.58
2025-04-14T01:00,2025-04-14,1,7.5,68,0.0,0.0,0.0,0.0,1,Mainly Clear,32,,9.7,20.2,Clear,45.5
2025-04-14T02:00,2025-04-14,2,6.9,70,0.0,0.0,0.0,0.0,0,Clear,17,,8.5,20.2,Clear,44.42
2025-04-14T03:00,2025-04-14,3,6.3,72,0.0,0.0,0.0,0.0,3,Overcast,84,,7.4,17.6,Cloudy,43.34
2025-04-14T04:00,2025-04-14,4,5.8,74,0.0,0.0,0.0,0.0,2,Partly Cloudy,74,,6.7,15.5,Cloudy,42.44
2025-04-14T05:00,2025-04-14,5,4.9,76,0.0,0.0,0.0,0.0,3,Overcast,100,,5.8,13.7,Cloudy,40.82
2025-04-14T06:00,2025-04-14,6,5.6,75,0.0,0.0,0.0,0.0,3,Overcast,83,,5.6,10.8,Cloudy,42.08
2025-04-14T07:00,2025-04-14,7,7.5,72,0.0,0.0,0.0,0.0,1,Mainly Clear,47,,5.9,13.3,Clear,45.5
2025-04-14T08:00,2025-04-14,8,9.7,65,0.0,0.0,0.0,0.0,3,Overcast,100,,3.6,12.2,Cloudy,49.46
2025-04-14T09:00,2025-04-14,9,11.4,60,0.0,0.0,0.0,0.0,3,Overcast,100,,1.6,12.2,Cloudy,52.52
2025-04-14T10:00,2025-04-14,10,13.2,56,0.0,0.0,0.0,0.0,3,Overcast,100,,3.0,13.0,Cloudy,55.76
2025-04-14T11:00,2025-04-14,11,13.1,58,0.0,0.0,0.0,0.0,3,Overcast,100,,5.5,14.8,Cloudy,55.58
2025-04-14T12:00,2025-04-14,12,13.1,60,0.0,0.0,0.0,0.0,2,Partly Cloudy,50,,7.3,18.4,Cloudy,55.58
2025-04-14T13:00,2025-04-14,13,15.4,47,0.0,0.0,0.0,0.0,3,Overcast,100,,8.7,25.2,Cloudy,59.72
2025-04-14T14:00,2025-04-14,14,15.8,46,0.0,0.0,0.0,0.0,3,Overcast,100,,7.8,24.1,Cloudy,60.440000000000005
2025-04-14T15:00,2025-04-14,15,16.3,47,0.0,0.0,0.0,0.0,3,Overcast,98,,7.9,22.7,Cloudy,61.34
2025-04-14T16:00,2025-04-14,16,15.9,52,0.0,0.0,0.0,0.0,3,Overcast,94,,9.7,24.5,Cloudy,60.62
2025-04-14T17:00,2025-04-14,17,14.0,60,0.0,0.0,0.0,0.0,3,Overcast,100,,9.2,25.6,Cloudy,57.2
2025-04-14T18:00,2025-04-14,18,12.4,70,0.0,0.0,0.0,0.0,3,Overcast,100,,6.9,22.0,Cloudy,54.32
2025-04-14T19:00,2025-04-14,19,10.6,76,0.0,0.0,0.0,0.0,3,Overcast,80,,5.1,16.2,Cloudy,51.08
2025-04-14T20:00,2025-04-14,20,10.2,75,0.0,0.0,0.0,0.0,3,Overcast,100,,3.6,16.6,Cloudy,50.36
2025-04-14T21:00,2025-04-14,21,10.4,76,0.0,0.0,0.0,0.0,3,Overcast,100,,4.2,8.6,Cloudy,50.72
2025-04-14T22:00,2025-04-14,22,11.6,71,0.0,0.0,0.0,0.0,3,Overcast,100,,5.8,11.2,Cloudy,52.879999999999995
2025-04-14T23:00,2025-04-14,23,11.9,69,0.0,0.0,0.0,0.0,3,Overcast,100,,7.9,15.8,Cloudy,53.42
2025-04-15T00:00,2025-04-15,0,11.4,76,1.3,1.3,0.0,0.0,61,Slight Rain,100,,8.3,19.1,Rain,52.52
2025-04-15T01:00,2025-04-15,1,10.9,84,0.0,0.0,0.0,0.0,3,Overcast,100,,8.3,16.2,Cloudy,51.620000000000005
2025-04-15T02:00,2025-04-15,2,10.7,88,0.1,0.1,0.0,0.0,51,Light Drizzle,69,,7.1,15.5,Rain,51.26
2025-04-15T03:00,2025-04-15,3,10.2,89,0.0,0.0,0.0,0.0,3,Overcast,89,,6.9,14.4,Cloudy,50.36
2025-04-15T04:00,2025-04-15,4,9.6,91,0.0,0.0,0.0,0.0,3,Overcast,100,,5.9,13.0,Cloudy,49.28
2025-04-15T05:00,2025-04-15,5,10.3,91,0.0,0.0,0.0,0.0,3,Overcast,100,,8.0,15.8,Cloudy,50.54
2025-04-15T06:00,2025-04-15,6,10.9,91,0.0,0.0,0.0,0.0,3,Overcast,100,,8.0,15.1,Cloudy,51.620000000000005
2025-04-15T07:00,2025-04-15,7,12.1,89,0.0,0.0,0.0,0.0,3,Overcast,100,,10.2,20.2,Cloudy,53.78
2025-04-15T08:00,2025-04-15,8,13.7,80,0.0,0.0,0.0,0.0,3,Overcast,100,,6.8,18.0,Cloudy,56.66
2025-04-15T09:00,2025-04-15,9,15.7,78,0.0,0.0,0.0,0.0,3,Overcast,100,,5.7,16.6,Cloudy,60.26
2025-04-15T10:00,2025-04-15,10,16.8,76,0.0,0.0,0.0,0.0,3,Overcast,100,,7.4,19.1,Cloudy,62.24
2025-04-15T11:00,2025-04-15,11,16.6,76,0.0,0.0,0.0,0.0,3,Overcast,100,,8.8,19.8,Cloudy,61.88
2025-04-15T12:00,2025-04-15,12,16.6,62,0.0,0.0,0.0,0.0,3,Overcast,100,,12.5,28.8,Cloudy,61.88
2025-04-15T13:00,2025-04-15,13,18.8,43,0.0,0.0,0.0,0.0,2,Partly Cloudy,70,,17.3,39.6,Cloudy,65.84
2025-04-15T14:00,2025-04-15,14,18.8,38,0.0,0.0,0.0,0.0,1,Mainly Clear,31,,24.7,56.5,Clear,65.84
2025-04-15T15:00,2025-04-15,15,18.0,34,0.0,0.0,0.0,0.0,1,Mainly Clear,37,,26.7,58.7,Clear,64.4
2025-04-15T16:00,2025-04-15,16,16.2,37,0.0,0.0,0.0,0.0,1,Mainly Clear,29,,20.6,65.9,Clear,61.16
2025-04-15T17:00,2025-04-15,17,15.4,40,0.0,0.0,0.0,0.0,0,Clear,4,,20.9,50.0,Clear,59.72
2025-04-15T18:00,2025-04-15,18,13.9,39,0.0,0.0,0.0,0.0,0,Clear,10,,21.3,48.2,Clear,57.02
2025-04-15T19:00,2025-04-15,19,12.4,45,0.0,0.0,0.0,0.0,0,Clear,0,,16.8,47.9,Clear,54.32
2025-04-15T20:00,2025-04-15,20,11.4,49,0.0,0.0,0.0,0.0,0,Clear,15,,17.0,37.4,Clear,52.52
2025-04-15T21:00,2025-04-15,21,10.2,56,0.0,0.0,0.0,0.0,0,Clear,5,,16.8,38.9,Clear,50.36
2025-04-15T22:00,2025-04-15,22,9.0,58,0.0,0.0,0.0,0.0,0,Clear,5,,16.1,37.8,Clear,48.2
2025-04-15T23:00,2025-04-15,23,8.0,59,0.0,0.0,0.0,0.0,2,Partly Cloudy,57,,14.3,36.7,Cloudy,46.4
2025-04-16T00:00,2025-04-16,0,7.1,61,0.0,0.0,0.0,0.0,0,Clear,17,,12.2,31.3,Clear,44.78
2025-04-16T01:00,2025-04-16,1,6.4,62,0.0,0.0,0.0,0.0,2,Partly Cloudy,72,,12.8,32.8,Cloudy,43.519999999999996
2025-04-16T02:00,2025-04-16,2,5.9,66,0.0,0.0,0.0,0.0,3,Overcast,81,,10.7,28.8,Cloudy,42.620000000000005
2025-04-16T03:00,2025-04-16,3,5.8,66,0.0,0.0,0.0,0.0,3,Overcast,89,,12.7,28.8,Cloudy,42.44
2025-04-16T04:00,2025-04-16,4,5.7,66,0.0,0.0,0.0,0.0,3,Overcast,100,,13.2,30.2,Cloudy,42.260000000000005
2025-04-16T05:00,2025-04-16,5,5.4,66,0.0,0.0,0.0,0.0,2,Partly Cloudy,57,,14.9,33.5,Cloudy,41.72
2025-04-16T06:00,2025-04-16,6,5.3,65,0.0,0.0,0.0,0.0,0,Clear,17,,15.4,34.9,Clear,41.54
2025-04-16T07:00,2025-04-16,7,6.3,60,0.0,0.0,0.0,0.0,3,Overcast,99,,19.2,40.7,Cloudy,43.34
2025-04-16T08:00,2025-04-16,8,7.3,54,0.0,0.0,0.0,0.0,3,Overcast,82,,19.8,51.8,Cloudy,45.14
2025-04-16T09:00,2025-04-16,9,7.8,50,0.0,0.0,0.0,0.0,3,Overcast,97,,22.3,54.4,Cloudy,46.04
2025-04-16T10:00,2025-04-16,10,7.9,49,0.0,0.0,0.0,0.0,3,Overcast,100,,22.7,54.4,Cloudy,46.22
2025-04-16T11:00,2025-04-16,11,8.8,45,0.0,0.0,0.0,0.0,3,Overcast,100,,25.1,58.0,Cloudy,47.84
2025-04-16T12:00,2025-04-16,12,9.5,44,0.0,0.0,0.0,0.0,3,Overcast,100,,25.4,59.4,Cloudy,49.1
2025-04-16T13:00,2025-04-16,13,10.2,43,0.0,0.0,0.0,0.0,3,Overcast,100,,25.8,59.8,Cloudy,50.36
2025-04-16T14:00,2025-04-16,14,10.1,44,0.0,0.0,0.0,0.0,3,Overcast,100,,25.6,60.1,Cloudy,50.18
2025-04-16T15:00,2025-04-16,15,9.9,45,0.0,0.0,0.0,0.0,3,Overcast,100,,23.8,58.7,Cloudy,49.82
2025-04-16T16:00,2025-04-16,16,9.9,44,0.0,0.0,0.0,0.0,2,Partly Cloudy,66,,24.1,60.5,Cloudy,49.82
2025-04-16T17:00,2025-04-16,17,9.5,47,0.0,0.0,0.0,0.0,2,Partly Cloudy,51,,20.1,57.2,Cloudy,49.1
2025-04-16T18:00,2025-04-16,18,8.8,50,0.0,0.0,0.0,0.0,1,Mainly Clear,40,,16.4,45.4,Clear,47.84
2025-04-16T19:00,2025-04-16,19,7.7,53,0.0,0.0,0.0,0.0,1,Mainly Clear,21,,14.7,37.1,Clear,45.86
2025-04-16T20:00,2025-04-16,20,7.6,53,0.0,0.0,0.0,0.0,3,Overcast,96,,13.8,32.4,Cloudy,45.68
2025-04-16T21:00,2025-04-16,21,7.2,55,0.0,0.0,0.0,0.0,1,Mainly Clear,35,,14.0,32.4,Clear,44.96
2025-04-16T22:00,2025-04-16,22,6.3,59,0.0,0.0,0.0,0.0,2,Partly Cloudy,53,,10.8,31.0,Cloudy,43.34
2025-04-16T23:00,2025-04-16,23,5.8,62,0.0,0.0,0.0,0.0,2,Partly Cloudy,64,,10.2,24.1,Cloudy,42.44
2025-04-17T00:00,2025-04-17,0,5.3,64,0.0,0.0,0.0,0.0,2,Partly Cloudy,54,,10.4,23.0,Cloudy,41.54
2025-04-17T01:00,2025-04-17,1,4.8,67,0.0,0.0,0.0,0.0,0,Clear,11,,10.1,23.4,Clear,40.64
2025-04-17T02:00,2025-04-17,2,4.3,69,0.0,0.0,0.0,0.0,0,Clear,3,,9.7,22.7,Clear,39.74
2025-04-17T03:00,2025-04-17,3,4.0,72,0.0,0.0,0.0,0.0,0,Clear,5,,10.2,22.7,Clear,39.2
2025-04-17T04:00,2025-04-17,4,3.7,73,0.0,0.0,0.0,0.0,0,Clear,1,,10.0,22.7,Clear,38.660000000000004
2025-04-17T05:00,2025-04-17,5,3.4,75,0.0,0.0,0.0,0.0,0,Clear,0,,9.7,22.0,Clear,38.12
2025-04-17T06:00,2025-04-17,6,3.8,74,0.0,0.0,0.0,0.0,0,Clear,0,,10.2,22.0,Clear,38.839999999999996
2025-04-17T07:00,2025-04-17,7,5.3,66,0.0,0.0,0.0,0.0,0,Clear,0,,10.7,25.2,Clear,41.54
2025-04-17T08:00,2025-04-17,8,7.9,53,0.0,0.0,0.0,0.0,0,Clear,0,,14.7,35.6,Clear,46.22
2025-04-17T09:00,2025-04-17,9,9.3,47,0.0,0.0,0.0,0.0,0,Clear,0,,14.1,37.4,Clear,48.74
2025-04-17T10:00,2025-04-17,10,10.6,43,0.0,0.0,0.0,0.0,0,Clear,0,,13.0,36.0,Clear,51.08
2025-04-17T11:00,2025-04-17,11,11.8,41,0.0,0.0,0.0,0.0,0,Clear,0,,12.6,34.9,Clear,53.24
2025-04-17T12:00,2025-04-17,12,13.1,37,0.0,0.0,0.0,0.0,0,Clear,0,,12.6,34.6,Clear,55.58
2025-04-17T13:00,2025-04-17,13,14.1,35,0.0,0.0,0.0,0.0,0,Clear,0,,12.5,34.2,Clear,57.379999999999995
2025-04-17T14:00,2025-04-17,14,15.1,32,0.0,0.0,0.0,0.0,0,Clear,0,,12.4,33.8,Clear,59.18
2025-04-17T15:00,2025-04-17,15,15.6,30,0.0,0.0,0.0,0.0,0,Clear,0,,14.0,35.3,Clear,60.08
2025-04-17T16:00,2025-04-17,16,15.6,30,0.0,0.0,0.0,0.0,0,Clear,0,,13.8,35.3,Clear,60.08
2025-04-17T17:00,2025-04-17,17,15.0,32,0.0,0.0,0.0,0.0,0,Clear,0,,12.1,33.5,Clear,59.0
2025-04-17T18:00,2025-04-17,18,13.4,44,0.0,0.0,0.0,0.0,0,Clear,0,,6.7,27.0,Clear,56.120000000000005
2025-04-17T19:00,2025-04-17,19,11.1,55,0.0,0.0,0.0,0.0,0,Clear,0,,5.7,14.4,Clear,51.98
2025-04-17T20:00,2025-04-17,20,11.3,53,0.0,0.0,0.0,0.0,0,Clear,0,,5.9,15.5,Clear,52.34
2025-04-17T21:00,2025-04-17,21,10.3,56,0.0,0.0,0.0,0.0,0,Clear,0,,4.5,11.2,Clear,50.54
2025-04-17T22:00,2025-04-17,22,8.9,62,0.0,0.0,0.0,0.0,0,Clear,0,,4.6,9.0,Clear,48.02
2025-04-17T23:00,2025-04-17,23,7.7,70,0.0,0.0,0.0,0.0,0,Clear,0,,4.8,9.4,Clear,45.86
2025-04-18T00:00,2025-04-18,0,6.8,73,0.0,0.0,0.0,0.0,0,Clear,0,,3.2,8.3,Clear,44.239999999999995
2025-04-18T01:00,2025-04-18,1,5.9,77,0.0,0.0,0.0,0.0,0,Clear,0,,2.6,5.8,Clear,42.620000000000005
2025-04-18T02:00,2025-04-18,2,5.1,82,0.0,0.0,0.0,0.0,0,Clear,0,,2.7,6.8,Clear,41.18
2025-04-18T03:00,2025-04-18,3,4.7,84,0.0,0.0,0.0,0.0,0,Clear,2,,0.4,5.0,Clear,40.46
2025-04-18T04:00,2025-04-18,4,4.1,87,0.0,0.0,0.0,0.0,0,Clear,0,,4.2,7.6,Clear,39.38
2025-04-18T05:00,2025-04-18,5,4.1,85,0.0,0.0,0.0,0.0,0,Clear,0,,1.1,7.2,Clear,39.38
2025-04-18T06:00,2025-04-18,6,4.8,88,0.0,0.0,0.0,0.0,0,Clear,0,,0.5,2.2,Clear,40.64
2025-04-18T07:00,2025-04-18,7,6.9,78,0.0,0.0,0.0,0.0,0,Clear,13,,1.8,7.9,Clear,44.42
2025-04-18T08:00,2025-04-18,8,9.9,61,0.0,0.0,0.0,0.0,0,Clear,0,,2.4,11.9,Clear,49.82
2025-04-18T09:00,2025-04-18,9,13.1,51,0.0,0.0,0.0,0.0,0,Clear,0,,4.5,16.6,Clear,55.58
2025-04-18T10:00,2025-04-18,10,15.7,40,0.0,0.0,0.0,0.0,1,Mainly Clear,37,,8.9,25.2,Clear,60.26
2025-04-18T11:00,2025-04-18,11,17.0,37,0.0,0.0,0.0,0.0,0,Clear,0,,11.2,30.6,Clear,62.6
2025-04-18T12:00,2025-04-18,12,18.0,39,0.0,0.0,0.0,0.0,0,Clear,0,,11.9,32.4,Clear,64.4
2025-04-18T13:00,2025-04-18,13,18.4,40,0.0,0.0,0.0,0.0,3,Overcast,100,,14.9,38.5,Cloudy,65.12
2025-04-18T14:00,2025-04-18,14,18.3,46,0.0,0.0,0.0,0.0,3,Overcast,100,,15.8,39.6,Cloudy,64.94
2025-04-18T15:00,2025-04-18,15,17.5,46,0.0,0.0,0.0,0.0,3,Overcast,100,,17.6,42.1,Cloudy,63.5
2025-04-18T16:00,2025-04-18,16,15.9,51,0.0,0.0,0.0,0.0,3,Overcast,100,,16.1,42.1,Cloudy,60.62
2025-04-18T17:00,2025-04-18,17,15.6,56,0.0,0.0,0.0,0.0,3,Overcast,100,,12.7,36.7,Cloudy,60.08
2025-04-18T18:00,2025-04-18,18,15.4,56,0.0,0.0,0.0,0.0,3,Overcast,97,,16.3,39.2,Cloudy,59.72
2025-04-18T19:00,2025-04-18,19,14.9,61,0.0,0.0,0.0,0.0,3,Overcast,100,,9.2,38.5,Cloudy,58.82
2025-04-18T20:00,2025-04-18,20,15.9,57,0.0,0.0,0.0,0.0,3,Overcast,92,,13.0,30.6,Cloudy,60.62
2025-04-18T21:00,2025-04-18,21,15.8,61,0.0,0.0,0.0,0.0,3,Overcast,94,,11.2,28.1,Cloudy,60.440000000000005
2025-04-18T22:00,2025-04-18,22,15.6,64,0.0,0.0,0.0,0.0,3,Overcast,99,,11.0,24.5,Cloudy,60.08
2025-04-18T23:00,2025-04-18,23,15.7,65,0.0,0.0,0.0,0.0,3,Overcast,100,,9.6,24.1,Cloudy,60.26
2025-04-19T00:00,2025-04-19,0,15.7,67,0.1,0.1,0.0,0.0,51,Light Drizzle,100,,7.5,21.2,Rain,60.26
2025-04-19T01:00,2025-04-19,1,15.7,68,0.0,0.0,0.0,0.0,3,Overcast,100,,8.4,16.2,Cloudy,60.26
2025-04-19T02:00,2025-04-19,2,16.2,68,0.0,0.0,0.0,0.0,3,Overcast,100,,12.6,24.8,Cloudy,61.16
2025-04-19T03:00,2025-04-19,3,16.6,67,0.0,0.0,0.0,0.0,3,Overcast,100,,14.2,30.6,Cloudy,61.88
2025-04-19T04:00,2025-04-19,4,16.3,69,0.0,0.0,0.0,0.0,3,Overcast,99,,12.7,30.6,Cloudy,61.34
2025-04-19T05:00,2025-04-19,5,16.1,70,0.0,0.0,0.0,0.0,3,Overcast,100,,11.8,27.0,Cloudy,60.980000000000004
2025-04-19T06:00,2025-04-19,6,16.2,72,0.0,0.0,0.0,0.0,1,Mainly Clear,35,,11.0,24.5,Clear,61.16
2025-04-19T07:00,2025-04-19,7,17.9,67,0.0,0.0,0.0,0.0,3,Overcast,100,,13.5,30.2,Cloudy,64.22
2025-04-19T08:00,2025-04-19,8,18.2,66,0.0,0.0,0.0,0.0,3,Overcast,100,,13.4,31.3,Cloudy,64.75999999999999
2025-04-19T09:00,2025-04-19,9,19.2,64,0.0,0.0,0.0,0.0,3,Overcast,100,,12.3,28.8,Cloudy,66.56
2025-04-19T10:00,2025-04-19,10,21.0,60,0.0,0.0,0.0,0.0,3,Overcast,100,,10.3,27.7,Cloudy,69.8
2025-04-19T11:00,2025-04-19,11,22.0,59,0.0,0.0,0.0,0.0,3,Overcast,100,,12.5,28.8,Cloudy,71.6
2025-04-19T12:00,2025-04-19,12,25.4,49,0.0,0.0,0.0,0.0,3,Overcast,97,,16.2,39.2,Cloudy,77.72
2025-04-19T13:00,2025-04-19,13,26.8,46,0.0,0.0,0.0,0.0,3,Overcast,90,,16.8,40.3,Cloudy,80.24000000000001
2025-04-19T14:00,2025-04-19,14,27.1,45,0.0,0.0,0.0,0.0,3,Overcast,100,,17.3,40.7,Cloudy,80.78
2025-04-19T15:00,2025-04-19,15,26.9,46,0.0,0.0,0.0,0.0,3,Overcast,82,,18.8,43.9,Cloudy,80.42
2025-04-19T16:00,2025-04-19,16,27.0,45,0.0,0.0,0.0,0.0,3,Overcast,90,,19.5,45.4,Cloudy,80.6
2025-04-19T17:00,2025-04-19,17,26.0,50,0.0,0.0,0.0,0.0,2,Partly Cloudy,74,,17.3,46.1,Cloudy,78.8
2025-04-19T18:00,2025-04-19,18,25.0,53,0.0,0.0,0.0,0.0,2,Partly Cloudy,62,,17.6,40.3,Cloudy,77.0
2025-04-19T19:00,2025-04-19,19,24.1,56,0.0,0.0,0.0,0.0,3,Overcast,95,,16.1,39.2,Cloudy,75.38
2025-04-19T20:00,2025-04-19,20,23.6,55,0.0,0.0,0.0,0.0,3,Overcast,100,,13.3,35.6,Cloudy,74.48
2025-04-19T21:00,2025-04-19,21,23.0,58,0.0,0.0,0.0,0.0,2,Partly Cloudy,62,,14.1,30.2,Cloudy,73.4
2025-04-19T22:00,2025-04-19,22,22.8,59,0.0,0.0,0.0,0.0,2,Partly Cloudy,63,,14.5,33.8,Cloudy,73.04
2025-04-19T23:00,2025-04-19,23,22.0,63,0.0,0.0,0.0,0.0,3,Overcast,86,,11.4,30.6,Cloudy,71.6
2025-04-20T00:00,2025-04-20,0,21.0,67,0.0,0.0,0.0,0.0,1,Mainly Clear,41,,10.4,23.4,Clear,69.8
2025-04-20T01:00,2025-04-20,1,20.3,68,0.0,0.0,0.0,0.0,1,Mainly Clear,20,,12.9,26.6,Clear,68.54
2025-04-20T02:00,2025-04-20,2,19.2,71,0.0,0.0,0.0,0.0,2,Partly Cloudy,56,,13.8,29.2,Cloudy,66.56
2025-04-20T03:00,2025-04-20,3,17.3,74,0.0,0.0,0.0,0.0,3,Overcast,100,,18.4,41.0,Cloudy,63.14
2025-04-20T04:00,2025-04-20,4,15.1,74,0.0,0.0,0.0,0.0,3,Overcast,99,,13.0,39.6,Cloudy,59.18
2025-04-20T05:00,2025-04-20,5,13.7,66,0.0,0.0,0.0,0.0,3,Overcast,99,,16.4,36.0,Cloudy,56.66
2025-04-20T06:00,2025-04-20,6,12.1,62,0.0,0.0,0.0,0.0,3,Overcast,100,,16.6,37.8,Cloudy,53.78
2025-04-20T07:00,2025-04-20,7,10.9,58,0.0,0.0,0.0,0.0,3,Overcast,100,,19.2,47.2,Cloudy,51.620000000000005
2025-04-20T08:00,2025-04-20,8,13.1,48,0.0,0.0,0.0,0.0,3,Overcast,100,,19.6,50.4,Cloudy,55.58
2025-04-20T09:00,2025-04-20,9,13.4,47,0.0,0.0,0.0,0.0,3,Overcast,98,,19.2,46.8,Cloudy,56.120000000000005
2025-04-20T10:00,2025-04-20,10,14.9,43,0.0,0.0,0.0,0.0,3,Overcast,96,,18.9,47.2,Cloudy,58.82
2025-04-20T11:00,2025-04-20,11,16.0,37,0.0,0.0,0.0,0.0,3,Overcast,98,,19.0,47.9,Cloudy,60.8
2025-04-20T12:00,2025-04-20,12,16.8,35,0.0,0.0,0.0,0.0,3,Overcast,97,,18.2,48.2,Cloudy,62.24
2025-04-20T13:00,2025-04-20,13,17.6,31,0.0,0.0,0.0,0.0,3,Overcast,99,,18.1,46.1,Cloudy,63.68
2025-04-20T14:00,2025-04-20,14,18.1,31,0.0,0.0,0.0,0.0,3,Overcast,100,,17.3,45.7,Cloudy,64.58
2025-04-20T15:00,2025-04-20,15,18.4,28,0.0,0.0,0.0,0.0,3,Overcast,100,,16.1,43.6,Cloudy,65.12
2025-04-20T16:00,2025-04-20,16,18.0,28,0.0,0.0,0.0,0.0,3,Overcast,100,,14.1,40.3,Cloudy,64.4
2025-04-20T17:00,2025-04-20,17,17.2,29,0.0,0.0,0.0,0.0,3,Overcast,100,,12.4,35.3,Cloudy,62.959999999999994
2025-04-20T18:00,2025-04-20,18,16.1,34,0.0,0.0,0.0,0.0,3,Overcast,100,,8.7,29.2,Cloudy,60.980000000000004
2025-04-20T19:00,2025-04-20,19,14.1,46,0.0,0.0,0.0,0.0,3,Overcast,100,,5.6,19.1,Cloudy,57.379999999999995
2025-04-20T20:00,2025-04-20,20,14.1,47,0.0,0.0,0.0,0.0,3,Overcast,100,,5.8,13.0,Cloudy,57.379999999999995
2025-04-20T21:00,2025-04-20,21,13.0,51,0.0,0.0,0.0,0.0,3,Overcast,97,,5.4,11.9,Cloudy,55.4
2025-04-20T22:00,2025-04-20,22,12.2,51,0.0,0.0,0.0,0.0,2,Partly Cloudy,70,,7.8,15.8,Cloudy,53.96
2025-04-20T23:00,2025-04-20,23,10.9,59,0.0,0.0,0.0,0.0,2,Partly Cloudy,68,,6.4,16.9,Cloudy,51.620000000000005
2025-04-21T00:00,2025-04-21,0,9.8,64,0.0,0.0,0.0,0.0,3,Overcast,100,,5.5,13.3,Cloudy,49.64
2025-04-21T01:00,2025-04-21,1,9.0,63,0.0,0.0,0.0,0.0,3,Overcast,100,,6.3,13.3,Cloudy,48.2
2025-04-21T02:00,2025-04-21,2,8.4,62,0.0,0.0,0.0,0.0,3,Overcast,100,,5.9,13.7,Cloudy,47.120000000000005
2025-04-21T03:00,2025-04-21,3,8.1,61,0.0,0.0,0.0,0.0,3,Overcast,100,,5.4,13.7,Cloudy,46.58
2025-04-21T04:00,2025-04-21,4,7.8,62,0.0,0.0,0.0,0.0,3,Overcast,98,,5.7,12.2,Cloudy,46.04
2025-04-21T05:00,2025-04-21,5,7.3,64,0.0,0.0,0.0,0.0,3,Overcast,99,,5.0,12.2,Cloudy,45.14
2025-04-21T06:00,2025-04-21,6,7.8,61,0.0,0.0,0.0,0.0,3,Overcast,99,,5.8,12.6,Cloudy,46.04
2025-04-21T07:00,2025-04-21,7,9.2,54,0.0,0.0,0.0,0.0,3,Overcast,100,,4.8,14.4,Cloudy,48.56
2025-04-21T08:00,2025-04-21,8,10.9,45,0.0,0.0,0.0,0.0,3,Overcast,100,,6.4,17.3,Cloudy,51.620000000000005
2025-04-21T09:00,2025-04-21,9,11.9,41,0.0,0.0,0.0,0.0,3,Overcast,100,,10.4,26.3,Cloudy,53.42
2025-04-21T10:00,2025-04-21,10,12.0,40,0.0,0.0,0.0,0.0,3,Overcast,100,,12.0,30.6,Cloudy,53.6
2025-04-21T11:00,2025-04-21,11,12.5,39,0.0,0.0,0.0,0.0,3,Overcast,100,,13.0,33.5,Cloudy,54.5
2025-04-21T12:00,2025-04-21,12,12.8,41,0.0,0.0,0.0,0.0,3,Overcast,100,,13.8,36.0,Cloudy,55.04
2025-04-21T13:00,2025-04-21,13,13.6,41,0.0,0.0,0.0,0.0,3,Overcast,100,,14.2,37.1,Cloudy,56.48
2025-04-21T14:00,2025-04-21,14,12.6,47,0.0,0.0,0.0,0.0,3,Overcast,100,,14.5,37.4,Cloudy,54.68
2025-04-21T15:00,2025-04-21,15,12.5,50,0.0,0.0,0.0,0.0,3,Overcast,100,,14.6,36.7,Cloudy,54.5
2025-04-21T16:00,2025-04-21,16,12.1,54,0.0,0.0,0.0,0.0,3,Overcast,100,,13.9,36.0,Cloudy,53.78
2025-04-21T17:00,2025-04-21,17,11.6,60,0.0,0.0,0.0,0.0,3,Overcast,100,,12.2,33.8,Cloudy,52.879999999999995
2025-04-21T18:00,2025-04-21,18,10.9,67,0.0,0.0,0.0,0.0,3,Overcast,100,,10.8,29.2,Cloudy,51.620000000000005
2025-04-21T19:00,2025-04-21,19,10.5,73,0.0,0.0,0.0,0.0,3,Overcast,100,,10.1,24.8,Cloudy,50.9
2025-04-21T20:00,2025-04-21,20,10.4,75,0.1,0.1,0.0,0.0,51,Light Drizzle,100,,5.3,19.8,Rain,50.72
2025-04-21T21:00,2025-04-21,21,10.4,80,0.2,0.2,0.0,0.0,51,Light Drizzle,100,,7.6,16.6,Rain,50.72
2025-04-21T22:00,2025-04-21,22,10.6,83,0.0,0.0,0.0,0.0,3,Overcast,85,,6.4,18.4,Cloudy,51.08
2025-04-21T23:00,2025-04-21,23,11.1,87,0.0,0.0,0.0,0.0,3,Overcast,100,,8.1,22.7,Cloudy,51.98
2025-04-22T00:00,2025-04-22,0,11.7,88,0.1,0.1,0.0,0.0,51,Light Drizzle,97,,7.2,16.2,Rain,53.06
2025-04-22T01:00,2025-04-22,1,11.7,92,0.0,0.0,0.0,0.0,2,Partly Cloudy,62,,2.6,14.8,Cloudy,53.06
2025-04-22T02:00,2025-04-22,2,11.4,93,0.0,0.0,0.0,0.0,0,Clear,9,,2.6,3.6,Clear,52.52
2025-04-22T03:00,2025-04-22,3,11.6,94,0.0,0.0,0.0,0.0,0,Clear,8,,2.8,4.0,Clear,52.879999999999995
2025-04-22T04:00,2025-04-22,4,11.6,95,0.0,0.0,0.0,0.0,0,Clear,17,,3.8,5.0,Clear,52.879999999999995
2025-04-22T05:00,2025-04-22,5,11.3,96,0.0,0.0,0.0,0.0,3,Overcast,85,,4.2,6.5,Cloudy,52.34
2025-04-22T06:00,2025-04-22,6,12.6,95,0.0,0.0,0.0,0.0,0,Clear,12,,5.7,8.6,Clear,54.68
2025-04-22T07:00,2025-04-22,7,14.8,88,0.0,0.0,0.0,0.0,0,Clear,4,,5.6,14.0,Clear,58.64
2025-04-22T08:00,2025-04-22,8,15.6,82,0.0,0.0,0.0,0.0,3,Overcast,92,,1.8,11.2,Cloudy,60.08
2025-04-22T09:00,2025-04-22,9,18.8,71,0.0,0.0,0.0,0.0,0,Clear,11,,2.3,13.3,Clear,65.84
2025-04-22T10:00,2025-04-22,10,21.9,58,0.0,0.0,0.0,0.0,0,Clear,7,,4.6,17.6,Clear,71.42
2025-04-22T11:00,2025-04-22,11,24.4,41,0.0,0.0,0.0,0.0,0,Clear,3,,12.1,31.7,Clear,75.92
2025-04-22T12:00,2025-04-22,12,25.3,36,0.0,0.0,0.0,0.0,0,Clear,0,,14.8,38.2,Clear,77.54
2025-04-22T13:00,2025-04-22,13,26.4,34,0.0,0.0,0.0,0.0,0,Clear,1,,14.8,38.2,Clear,79.52
2025-04-22T14:00,2025-04-22,14,27.1,29,0.0,0.0,0.0,0.0,0,Clear,19,,15.5,39.6,Clear,80.78
2025-04-22T15:00,2025-04-22,15,27.0,28,0.0,0.0,0.0,0.0,2,Partly Cloudy,51,,13.1,39.6,Cloudy,80.6
2025-04-22T16:00,2025-04-22,16,26.6,26,0.0,0.0,0.0,0.0,1,Mainly Clear,42,,10.8,34.6,Clear,79.88
2025-04-22T17:00,2025-04-22,17,25.9,23,0.0,0.0,0.0,0.0,2,Partly Cloudy,73,,14.0,33.1,Cloudy,78.62
2025-04-22T18:00,2025-04-22,18,23.5,28,0.0,0.0,0.0,0.0,3,Overcast,88,,14.4,36.4,Cloudy,74.3
2025-04-22T19:00,2025-04-22,19,21.2,34,0.0,0.0,0.0,0.0,2,Partly Cloudy,63,,13.5,34.2,Cloudy,70.16
2025-04-22T20:00,2025-04-22,20,20.5,34,0.0,0.0,0.0,0.0,3,Overcast,100,,10.2,27.0,Cloudy,68.9
2025-04-22T21:00,2025-04-22,21,19.2,40,0.0,0.0,0.0,0.0,3,Overcast,100,,10.0,22.3,Cloudy,66.56
2025-04-22T22:00,2025-04-22,22,17.9,46,0.0,0.0,0.0,0.0,3,Overcast,100,,9.0,21.2,Cloudy,64.22
2025-04-22T23:00,2025-04-22,23,17.0,48,0.0,0.0,0.0,0.0,3,Overcast,100,,9.3,18.7,Cloudy,62.6
2025-04-23T00:00,2025-04-23,0,15.9,49,0.0,0.0,0.0,0.0,3,Overcast,100,,14.7,30.6,Cloudy,60.62
2025-04-23T01:00,2025-04-23,1,14.2,56,0.0,0.0,0.0,0.0,3,Overcast,100,,13.0,34.2,Cloudy,57.56
2025-04-23T02:00,2025-04-23,2,12.9,61,0.0,0.0,0.0,0.0,3,Overcast,87,,11.0,28.4,Cloudy,55.22
2025-04-23T03:00,2025-04-23,3,11.9,63,0.0,0.0,0.0,0.0,2,Partly Cloudy,73,,10.2,24.1,Cloudy,53.42
2025-04-23T04:00,2025-04-23,4,10.9,66,0.0,0.0,0.0,0.0,3,Overcast,98,,8.3,22.3,Cloudy,51.620000000000005
2025-04-23T05:00,2025-04-23,5,9.8,73,0.0,0.0,0.0,0.0,1,Mainly Clear,27,,4.5,17.6,Clear,49.64
2025-04-23T06:00,2025-04-23,6,10.4,70,0.0,0.0,0.0,0.0,1,Mainly Clear,32,,4.0,9.4,Clear,50.72
2025-04-23T07:00,2025-04-23,7,11.9,61,0.0,0.0,0.0,0.0,1,Mainly Clear,29,,3.8,12.6,Clear,53.42
2025-04-23T08:00,2025-04-23,8,15.4,44,0.0,0.0,0.0,0.0,2,Partly Cloudy,52,,5.0,17.6,Cloudy,59.72
2025-04-23T09:00,2025-04-23,9,17.1,36,0.0,0.0,0.0,0.0,2,Partly Cloudy,77,,4.9,19.1,Cloudy,62.78
2025-04-23T10:00,2025-04-23,10,18.8,31,0.0,0.0,0.0,0.0,3,Overcast,90,,4.6,19.8,Cloudy,65.84
2025-04-23T11:00,2025-04-23,11,20.4,29,0.0,0.0,0.0,0.0,3,Overcast,99,,4.7,20.2,Cloudy,68.72
2025-04-23T12:00,2025-04-23,12,21.7,27,0.0,0.0,0.0,0.0,1,Mainly Clear,37,,5.7,22.0,Clear,71.06
2025-04-23T13:00,2025-04-23,13,22.9,26,0.0,0.0,0.0,0.0,3,Overcast,99,,7.7,25.9,Cloudy,73.22
2025-04-23T14:00,2025-04-23,14,24.0,26,0.0,0.0,0.0,0.0,3,Overcast,95,,8.4,26.3,Cloudy,75.2
2025-04-23T15:00,2025-04-23,15,24.8,26,0.0,0.0,0.0,0.0,3,Overcast,96,,9.0,26.6,Cloudy,76.64
2025-04-23T16:00,2025-04-23,16,25.1,25,0.0,0.0,0.0,0.0,3,Overcast,100,,11.4,29.5,Cloudy,77.18
2025-04-23T17:00,2025-04-23,17,24.0,27,0.0,0.0,0.0,0.0,3,Overcast,100,,9.8,31.7,Cloudy,75.2
2025-04-23T18:00,2025-04-23,18,22.8,31,0.0,0.0,0.0,0.0,1,Mainly Clear,46,,5.6,24.8,Clear,73.04
2025-04-23T19:00,2025-04-23,19,20.1,45,0.0,0.0,0.0,0.0,0,Clear,0,,3.3,14.8,Clear,68.18
2025-04-23T20:00,2025-04-23,20,17.5,34,0.0,0.0,0.0,0.0,0,Clear,0,,6.0,19.1,Clear,63.5
2025-04-23T21:00,2025-04-23,21,16.4,40,0.0,0.0,0.0,0.0,0,Clear,0,,4.4,14.0,Clear,61.519999999999996
2025-04-23T22:00,2025-04-23,22,15.6,48,0.0,0.0,0.0,0.0,0,Clear,0,,3.5,10.1,Clear,60.08
2025-04-23T23:00,2025-04-23,23,16.0,48,0.0,0.0,0.0,0.0,0,Clear,0,,1.6,7.6,Clear,60.8
2025-04-24T00:00,2025-04-24,0,16.2,47,0.0,0.0,0.0,0.0,3,Overcast,91,,1.0,2.5,Cloudy,61.16
2025-04-24T01:00,2025-04-24,1,14.9,51,0.0,0.0,0.0,0.0,3,Overcast,86,,3.1,4.0,Cloudy,58.82
2025-04-24T02:00,2025-04-24,2,13.4,55,0.0,0.0,0.0,0.0,2,Partly Cloudy,75,,4.5,9.0,Cloudy,56.120000000000005
2025-04-24T03:00,2025-04-24,3,12.5,57,0.0,0.0,0.0,0.0,0,Clear,14,,4.8,9.7,Clear,54.5
2025-04-24T04:00,2025-04-24,4,11.7,64,0.0,0.0,0.0,0.0,2,Partly Cloudy,72,,4.1,9.7,Cloudy,53.06
2025-04-24T05:00,2025-04-24,5,11.4,66,0.0,0.0,0.0,0.0,2,Partly Cloudy,75,,3.0,7.6,Cloudy,52.52
2025-04-24T06:00,2025-04-24,6,12.6,59,0.0,0.0,0.0,0.0,2,Partly Cloudy,78,,4.8,9.0,Cloudy,54.68
2025-04-24T07:00,2025-04-24,7,14.8,51,0.0,0.0,0.0,0.0,0,Clear,0,,4.0,12.6,Clear,58.64
2025-04-24T08:00,2025-04-24,8,17.5,44,0.0,0.0,0.0,0.0,0,Clear,0,,4.8,16.9,Clear,63.5
2025-04-24T09:00,2025-04-24,9,20.1,36,0.0,0.0,0.0,0.0,0,Clear,0,,4.4,18.4,Clear,68.18
2025-04-24T10:00,2025-04-24,10,22.6,30,0.0,0.0,0.0,0.0,0,Clear,0,,4.4,19.4,Clear,72.68
2025-04-24T11:00,2025-04-24,11,24.4,26,0.0,0.0,0.0,0.0,0,Clear,0,,7.2,24.8,Clear,75.92
2025-04-24T12:00,2025-04-24,12,25.4,24,0.0,0.0,0.0,0.0,0,Clear,0,,10.4,31.3,Clear,77.72
2025-04-24T13:00,2025-04-24,13,26.2,24,0.0,0.0,0.0,0.0,0,Clear,0,,11.9,33.8,Clear,79.16
2025-04-24T14:00,2025-04-24,14,24.1,28,0.0,0.0,0.0,0.0,0,Clear,1,,15.7,42.5,Clear,75.38
2025-04-24T15:00,2025-04-24,15,24.1,30,0.0,0.0,0.0,0.0,0,Clear,14,,12.7,42.1,Clear,75.38
2025-04-24T16:00,2025-04-24,16,23.6,33,0.0,0.0,0.0,0.0,3,Overcast,96,,11.8,34.9,Cloudy,74.48
2025-04-24T17:00,2025-04-24,17,23.5,33,0.0,0.0,0.0,0.0,3,Overcast,89,,10.8,32.0,Cloudy,74.3
2025-04-24T18:00,2025-04-24,18,23.8,33,0.0,0.0,0.0,0.0,1,Mainly Clear,47,,6.6,27.0,Clear,74.84
2025-04-24T19:00,2025-04-24,19,24.2,28,0.0,0.0,0.0,0.0,1,Mainly Clear,40,,15.0,31.3,Clear,75.56
2025-04-24T20:00,2025-04-24,20,22.8,32,0.0,0.0,0.0,0.0,3,Overcast,83,,15.5,35.6,Cloudy,73.04
2025-04-24T21:00,2025-04-24,21,21.5,31,0.0,0.0,0.0,0.0,0,Clear,7,,14.5,35.3,Clear,70.7
2025-04-24T22:00,2025-04-24,22,20.2,27,0.0,0.0,0.0,0.0,0,Clear,2,,13.4,32.4,Clear,68.36
2025-04-24T23:00,2025-04-24,23,19.2,27,0.0,0.0,0.0,0.0,1,Mainly Clear,46,,12.8,29.5,Clear,66.56
2025-04-25T00:00,2025-04-25,0,18.4,29,0.0,0.0,0.0,0.0,1,Mainly Clear,22,,12.7,28.1,Clear,65.12
2025-04-25T01:00,2025-04-25,1,17.5,32,0.0,0.0,0.0,0.0,1,Mainly Clear,48,,11.8,27.7,Clear,63.5
2025-04-25T02:00,2025-04-25,2,16.7,36,0.0,0.0,0.0,0.0,3,Overcast,96,,10.8,25.9,Cloudy,62.059999999999995
2025-04-25T03:00,2025-04-25,3,16.0,42,0.0,0.0,0.0,0.0,3,Overcast,100,,9.4,23.0,Cloudy,60.8
2025-04-25T04:00,2025-04-25,4,15.3,49,0.0,0.0,0.0,0.0,3,Overcast,100,,8.1,20.2,Cloudy,59.540000000000006
2025-04-25T05:00,2025-04-25,5,14.4,57,0.0,0.0,0.0,0.0,3,Overcast,100,,5.9,17.3,Cloudy,57.92
2025-04-25T06:00,2025-04-25,6,14.9,59,0.0,0.0,0.0,0.0,3,Overcast,100,,6.7,13.3,Cloudy,58.82
2025-04-25T07:00,2025-04-25,7,16.2,57,0.0,0.0,0.0,0.0,3,Overcast,100,,6.4,16.2,Cloudy,61.16
2025-04-25T08:00,2025-04-25,8,17.8,54,0.0,0.0,0.0,0.0,3,Overcast,100,,7.9,22.0,Cloudy,64.04
2025-04-25T09:00,2025-04-25,9,20.1,49,0.0,0.0,0.0,0.0,3,Overcast,100,,9.7,27.4,Cloudy,68.18
2025-04-25T10:00,2025-04-25,10,21.9,45,0.0,0.0,0.0,0.0,3,Overcast,100,,11.5,31.0,Cloudy,71.42
2025-04-25T11:00,2025-04-25,11,23.6,39,0.0,0.0,0.0,0.0,3,Overcast,100,,11.9,33.5,Cloudy,74.48
2025-04-25T12:00,2025-04-25,12,25.0,35,0.0,0.0,0.0,0.0,3,Overcast,100,,11.4,33.5,Cloudy,77.0
2025-04-25T13:00,2025-04-25,13,25.0,38,0.0,0.0,0.0,0.0,3,Overcast,100,,12.5,34.9,Cloudy,77.0
2025-04-25T14:00,2025-04-25,14,23.2,42,0.0,0.0,0.0,0.0,3,Overcast,100,,14.5,38.5,Cloudy,73.75999999999999
2025-04-25T15:00,2025-04-25,15,23.1,41,0.0,0.0,0.0,0.0,3,Overcast,100,,15.3,40.0,Cloudy,73.58
2025-04-25T16:00,2025-04-25,16,22.1,48,0.0,0.0,0.0,0.0,3,Overcast,85,,16.3,40.3,Cloudy,71.78
2025-04-25T17:00,2025-04-25,17,21.0,57,0.0,0.0,0.0,0.0,3,Overcast,100,,15.8,40.0,Cloudy,69.8
2025-04-25T18:00,2025-04-25,18,19.5,65,0.0,0.0,0.0,0.0,3,Overcast,100,,13.6,38.2,Cloudy,67.1
2025-04-25T19:00,2025-04-25,19,18.1,73,0.0,0.0,0.0,0.0,3,Overcast,100,,9.7,31.3,Cloudy,64.58
2025-04-25T20:00,2025-04-25,20,18.9,64,0.0,0.0,0.0,0.0,3,Overcast,100,,16.4,38.5,Cloudy,66.02
2025-04-25T21:00,2025-04-25,21,18.8,64,0.0,0.0,0.0,0.0,3,Overcast,100,,14.1,37.1,Cloudy,65.84
2025-04-25T22:00,2025-04-25,22,17.6,78,0.0,0.0,0.0,0.0,3,Overcast,100,,12.5,33.8,Cloudy,63.68
2025-04-25T23:00,2025-04-25,23,16.4,82,0.0,0.0,0.0,0.0,3,Overcast,100,,8.9,31.0,Cloudy,61.519999999999996
2025-04-26T00:00,2025-04-26,0,16.2,84,0.0,0.0,0.0,0.0,3,Overcast,100,,9.5,20.5,Cloudy,61.16
2025-04-26T01:00,2025-04-26,1,17.1,86,0.0,0.0,0.0,0.0,3,Overcast,100,,10.3,26.3,Cloudy,62.78
2025-04-26T02:00,2025-04-26,2,16.9,87,0.1,0.1,0.0,0.0,51,Light Drizzle,100,,10.2,23.0,Rain,62.42
2025-04-26T03:00,2025-04-26,3,16.5,88,1.3,1.3,0.0,0.0,61,Slight Rain,100,,10.1,28.4,Rain,61.7
2025-04-26T04:00,2025-04-26,4,16.9,88,0.1,0.1,0.0,0.0,51,Light Drizzle,100,,15.0,32.4,Rain,62.42
2025-04-26T05:00,2025-04-26,5,16.9,90,0.9,0.9,0.0,0.0,53,Moderate Drizzle,100,,13.1,34.2,Rain,62.42
2025-04-26T06:00,2025-04-26,6,16.9,92,0.6,0.6,0.0,0.0,53,Moderate Drizzle,100,,15.4,31.0,Rain,62.42
2025-04-26T07:00,2025-04-26,7,17.4,90,0.1,0.1,0.0,0.0,51,Light Drizzle,100,,15.5,33.1,Rain,63.32
2025-04-26T08:00,2025-04-26,8,18.9,86,0.2,0.2,0.0,0.0,51,Light Drizzle,100,,15.8,40.7,Rain,66.02
2025-04-26T09:00,2025-04-26,9,20.0,84,0.9,0.9,0.0,0.0,53,Moderate Drizzle,100,,14.0,35.6,Rain,68.0
2025-04-26T10:00,2025-04-26,10,20.9,81,2.2,2.2,0.0,0.0,61,Slight Rain,100,,15.3,34.2,Rain,69.62
2025-04-26T11:00,2025-04-26,11,21.1,78,1.6,1.6,0.0,0.0,61,Slight Rain,98,,20.8,45.7,Rain,69.98
2025-04-26T12:00,2025-04-26,12,22.2,76,1.4,1.4,0.0,0.0,61,Slight Rain,100,,15.2,46.4,Rain,71.96
2025-04-26T13:00,2025-04-26,13,21.0,78,2.5,2.5,0.0,0.0,63,Moderate Rain,100,,17.1,45.7,Rain,69.8
2025-04-26T14:00,2025-04-26,14,20.9,79,0.2,0.2,0.0,0.0,51,Light Drizzle,100,,16.8,37.8,Rain,69.62
2025-04-26T15:00,2025-04-26,15,20.9,79,0.1,0.1,0.0,0.0,51,Light Drizzle,100,,16.3,43.6,Rain,69.62
2025-04-26T16:00,2025-04-26,16,20.7,80,0.5,0.5,0.0,0.0,53,Moderate Drizzle,100,,18.3,42.8,Rain,69.25999999999999
2025-04-26T17:00,2025-04-26,17,20.5,83,0.0,0.0,0.0,0.0,3,Overcast,100,,12.8,41.0,Cloudy,68.9
2025-04-26T18:00,2025-04-26,18,19.0,87,0.3,0.3,0.0,0.0,51,Light Drizzle,100,,16.7,44.6,Rain,66.2
2025-04-26T19:00,2025-04-26,19,18.4,84,0.1,0.1,0.0,0.0,51,Light Drizzle,100,,14.1,36.4,Rain,65.12
2025-04-26T20:00,2025-04-26,20,18.1,79,0.1,0.1,0.0,0.0,51,Light Drizzle,52,,17.6,34.6,Rain,64.58
2025-04-26T21:00,2025-04-26,21,15.9,63,0.0,0.0,0.0,0.0,3,Overcast,100,,18.9,42.8,Cloudy,60.62
2025-04-26T22:00,2025-04-26,22,13.9,58,0.0,0.0,0.0,0.0,0,Clear,1,,21.4,48.2,Clear,57.02
2025-04-26T23:00,2025-04-26,23,11.6,62,0.0,0.0,0.0,0.0,0,Clear,11,,16.4,48.6,Clear,52.879999999999995
2025-04-27T00:00,2025-04-27,0,10.4,63,0.0,0.0,0.0,0.0,1,Mainly Clear,25,,13.9,37.8,Clear,50.72
2025-04-27T01:00,2025-04-27,1,10.1,61,0.0,0.0,0.0,0.0,0,Clear,15,,16.9,41.0,Clear,50.18
2025-04-27T02:00,2025-04-27,2,9.4,61,0.0,0.0,0.0,0.0,1,Mainly Clear,40,,12.0,38.2,Clear,48.92
2025-04-27T03:00,2025-04-27,3,8.9,60,0.0,0.0,0.0,0.0,1,Mainly Clear,47,,12.5,28.8,Clear,48.02
2025-04-27T04:00,2025-04-27,4,8.6,63,0.0,0.0,0.0,0.0,0,Clear,17,,13.0,30.6,Clear,47.48
2025-04-27T05:00,2025-04-27,5,8.4,65,0.0,0.0,0.0,0.0,3,Overcast,86,,14.2,32.4,Cloudy,47.120000000000005
2025-04-27T06:00,2025-04-27,6,8.9,64,0.0,0.0,0.0,0.0,2,Partly Cloudy,61,,16.7,37.8,Cloudy,48.02
2025-04-27T07:00,2025-04-27,7,9.6,60,0.0,0.0,0.0,0.0,3,Overcast,99,,24.1,49.0,Cloudy,49.28
2025-04-27T08:00,2025-04-27,8,10.5,56,0.0,0.0,0.0,0.0,1,Mainly Clear,33,,22.4,57.6,Clear,50.9
2025-04-27T09:00,2025-04-27,9,11.6,49,0.0,0.0,0.0,0.0,3,Overcast,100,,29.2,64.8,Cloudy,52.879999999999995
2025-04-27T10:00,2025-04-27,10,12.5,48,0.0,0.0,0.0,0.0,2,Partly Cloudy,53,,29.5,69.1,Cloudy,54.5
2025-04-27T11:00,2025-04-27,11,13.0,48,0.0,0.0,0.0,0.0,3,Overcast,100,,30.2,69.8,Cloudy,55.4
2025-04-27T12:00,2025-04-27,12,12.9,50,0.0,0.0,0.0,0.0,3,Overcast,99,,28.1,69.8,Cloudy,55.22
2025-04-27T13:00,2025-04-27,13,13.4,47,0.0,0.0,0.0,0.0,2,Partly Cloudy,61,,30.3,71.6,Cloudy,56.120000000000005
2025-04-27T14:00,2025-04-27,14,13.4,47,0.0,0.0,0.0,0.0,3,Overcast,96,,28.7,69.8,Cloudy,56.120000000000005
2025-04-27T15:00,2025-04-27,15,14.2,45,0.0,0.0,0.0,0.0,2,Partly Cloudy,52,,30.1,69.1,Cloudy,57.56
2025-04-27T16:00,2025-04-27,16,14.2,44,0.0,0.0,0.0,0.0,3,Overcast,100,,30.4,77.0,Cloudy,57.56
2025-04-27T17:00,2025-04-27,17,14.1,47,0.0,0.0,0.0,0.0,3,Overcast,100,,29.2,76.7,Cloudy,57.379999999999995
2025-04-27T18:00,2025-04-27,18,13.9,49,0.0,0.0,0.0,0.0,2,Partly Cloudy,50,,19.8,66.2,Cloudy,57.02
2025-04-27T19:00,2025-04-27,19,13.1,51,0.0,0.0,0.0,0.0,0,Clear,2,,14.1,45.0,Clear,55.58
2025-04-27T20:00,2025-04-27,20,13.4,48,0.0,0.0,0.0,0.0,0,Clear,0,,13.6,36.0,Clear,56.120000000000005
2025-04-27T21:00,2025-04-27,21,13.1,46,0.0,0.0,0.0,0.0,0,Clear,0,,16.3,36.0,Clear,55.58
2025-04-27T22:00,2025-04-27,22,12.7,44,0.0,0.0,0.0,0.0,0,Clear,0,,14.9,36.4,Clear,54.86
2025-04-27T23:00,2025-04-27,23,12.0,46,0.0,0.0,0.0,0.0,0,Clear,0,,12.7,32.8,Clear,53.6
2025-04-28T00:00,2025-04-28,0,11.2,50,0.0,0.0,0.0,0.0,0,Clear,0,,11.8,27.4,Clear,52.16
2025-04-28T01:00,2025-04-28,1,10.8,53,0.0,0.0,0.0,0.0,0,Clear,0,,12.6,26.6,Clear,51.44
2025-04-28T02:00,2025-04-28,2,10.4,55,0.0,0.0,0.0,0.0,0,Clear,0,,11.7,26.6,Clear,50.72
2025-04-28T03:00,2025-04-28,3,9.9,58,0.0,0.0,0.0,0.0,0,Clear,0,,11.4,24.8,Clear,49.82
2025-04-28T04:00,2025-04-28,4,9.5,60,0.0,0.0,0.0,0.0,0,Clear,0,,11.0,23.8,Clear,49.1
2025-04-28T05:00,2025-04-28,5,9.1,61,0.0,0.0,0.0,0.0,0,Clear,0,,9.7,23.0,Clear,48.379999999999995
2025-04-28T06:00,2025-04-28,6,9.8,60,0.0,0.0,0.0,0.0,0,Clear,0,,9.8,20.2,Clear,49.64
2025-04-28T07:00,2025-04-28,7,11.9,58,0.0,0.0,0.0,0.0,0,Clear,0,,8.4,20.5,Clear,53.42
2025-04-28T08:00,2025-04-28,8,15.1,48,0.0,0.0,0.0,0.0,0,Clear,0,,7.6,20.9,Clear,59.18
2025-04-28T09:00,2025-04-28,9,17.6,38,0.0,0.0,0.0,0.0,0,Clear,6,,8.5,23.4,Clear,63.68
2025-04-28T10:00,2025-04-28,10,19.4,34,0.0,0.0,0.0,0.0,0,Clear,0,,7.7,24.1,Clear,66.92
2025-04-28T11:00,2025-04-28,11,20.6,30,0.0,0.0,0.0,0.0,0,Clear,0,,6.7,23.4,Clear,69.08
2025-04-28T12:00,2025-04-28,12,21.5,28,0.0,0.0,0.0,0.0,0,Clear,0,,5.6,22.0,Clear,70.7
2025-04-28T13:00,2025-04-28,13,22.2,27,0.0,0.0,0.0,0.0,0,Clear,0,,5.8,20.5,Clear,71.96
2025-04-28T14:00,2025-04-28,14,22.6,27,0.0,0.0,0.0,0.0,0,Clear,0,,7.1,22.0,Clear,72.68
2025-04-28T15:00,2025-04-28,15,22.6,27,0.0,0.0,0.0,0.0,0,Clear,0,,8.5,24.1,Clear,72.68
2025-04-28T16:00,2025-04-28,16,22.5,28,0.0,0.0,0.0,0.0,0,Clear,0,,9.4,24.5,Clear,72.5
2025-04-28T17:00,2025-04-28,17,22.1,29,0.0,0.0,0.0,0.0,0,Clear,0,,9.0,25.2,Clear,71.78
2025-04-28T18:00,2025-04-28,18,20.0,34,0.0,0.0,0.0,0.0,0,Clear,0,,6.3,22.0,Clear,68.0
2025-04-28T19:00,2025-04-28,19,16.5,42,0.0,0.0,0.0,0.0,3,Overcast,87,,8.5,19.8,Cloudy,61.7
2025-04-28T20:00,2025-04-28,20,15.9,52,0.0,0.0,0.0,0.0,3,Overcast,88,,4.5,11.5,Cloudy,60.62
2025-04-28T21:00,2025-04-28,21,15.4,52,0.0,0.0,0.0,0.0,0,Clear,11,,5.9,11.2,Clear,59.72
2025-04-28T22:00,2025-04-28,22,15.9,43,0.0,0.0,0.0,0.0,0,Clear,17,,8.2,16.9,Clear,60.62
2025-04-28T23:00,2025-04-28,23,15.4,46,0.0,0.0,0.0,0.0,0,Clear,1,,9.5,19.8,Clear,59.72
2025-04-29T00:00,2025-04-29,0,14.5,48,0.0,0.0,0.0,0.0,0,Clear,7,,9.9,22.0,Clear,58.1
2025-04-29T01:00,2025-04-29,1,13.3,52,0.0,0.0,0.0,0.0,0,Clear,0,,8.2,21.2,Clear,55.94
2025-04-29T02:00,2025-04-29,2,12.4,57,0.0,0.0,0.0,0.0,3,Overcast,91,,7.9,17.6,Cloudy,54.32
2025-04-29T03:00,2025-04-29,3,11.6,62,0.0,0.0,0.0,0.0,2,Partly Cloudy,71,,7.3,16.9,Cloudy,52.879999999999995
2025-04-29T04:00,2025-04-29,4,11.4,64,0.0,0.0,0.0,0.0,2,Partly Cloudy,64,,8.3,17.6,Cloudy,52.52
2025-04-29T05:00,2025-04-29,5,11.1,67,0.0,0.0,0.0,0.0,1,Mainly Clear,38,,8.7,18.7,Clear,51.98
2025-04-29T06:00,2025-04-29,6,11.9,63,0.0,0.0,0.0,0.0,2,Partly Cloudy,57,,10.1,21.2,Cloudy,53.42
2025-04-29T07:00,2025-04-29,7,13.8,56,0.0,0.0,0.0,0.0,3,Overcast,95,,8.5,21.2,Cloudy,56.84
2025-04-29T08:00,2025-04-29,8,16.5,46,0.0,0.0,0.0,0.0,0,Clear,4,,11.0,27.4,Clear,61.7
2025-04-29T09:00,2025-04-29,9,18.8,40,0.0,0.0,0.0,0.0,0,Clear,1,,13.6,33.8,Clear,65.84
2025-04-29T10:00,2025-04-29,10,21.2,37,0.0,0.0,0.0,0.0,0,Clear,0,,15.7,38.9,Clear,70.16
2025-04-29T11:00,2025-04-29,11,23.5,34,0.0,0.0,0.0,0.0,0,Clear,0,,17.9,43.9,Clear,74.3
2025-04-29T12:00,2025-04-29,12,25.2,32,0.0,0.0,0.0,0.0,1,Mainly Clear,26,,17.6,45.0,Clear,77.36
2025-04-29T13:00,2025-04-29,13,26.4,32,0.0,0.0,0.0,0.0,0,Clear,3,,15.9,43.9,Clear,79.52
2025-04-29T14:00,2025-04-29,14,27.0,32,0.0,0.0,0.0,0.0,3,Overcast,98,,14.7,40.7,Cloudy,80.6
2025-04-29T15:00,2025-04-29,15,27.1,34,0.0,0.0,0.0,0.0,3,Overcast,99,,15.1,37.8,Cloudy,80.78
2025-04-29T16:00,2025-04-29,16,26.8,36,0.0,0.0,0.0,0.0,3,Overcast,100,,15.8,38.2,Cloudy,80.24000000000001
2025-04-29T17:00,2025-04-29,17,25.9,39,0.0,0.0,0.0,0.0,3,Overcast,100,,14.2,37.8,Cloudy,78.62
2025-04-29T18:00,2025-04-29,18,24.4,43,0.0,0.0,0.0,0.0,3,Overcast,100,,15.2,36.4,Cloudy,75.92
2025-04-29T19:00,2025-04-29,19,23.0,49,0.0,0.0,0.0,0.0,3,Overcast,100,,19.2,43.9,Cloudy,73.4
2025-04-29T20:00,2025-04-29,20,22.9,51,0.0,0.0,0.0,0.0,3,Overcast,99,,19.3,44.3,Cloudy,73.22
2025-04-29T21:00,2025-04-29,21,22.1,54,0.0,0.0,0.0,0.0,3,Overcast,100,,18.0,44.3,Cloudy,71.78
2025-04-29T22:00,2025-04-29,22,21.9,55,0.0,0.0,0.0,0.0,3,Overcast,100,,17.3,40.7,Cloudy,71.42
2025-04-29T23:00,2025-04-29,23,21.7,57,0.0,0.0,0.0,0.0,3,Overcast,100,,17.3,39.6,Cloudy,71.06
2025-04-30T00:00,2025-04-30,0,21.6,59,0.0,0.0,0.0,0.0,2,Partly Cloudy,66,,15.9,39.2,Cloudy,70.88
2025-04-30T01:00,2025-04-30,1,21.0,64,0.0,0.0,0.0,0.0,3,Overcast,100,,14.5,35.6,Cloudy,69.8
2025-04-30T02:00,2025-04-30,2,20.8,68,0.0,0.0,0.0,0.0,3,Overcast,100,,13.8,32.4,Cloudy,69.44
2025-04-30T03:00,2025-04-30,3,20.4,71,0.0,0.0,0.0,0.0,3,Overcast,100,,12.9,30.2,Cloudy,68.72
2025-04-30T04:00,2025-04-30,4,19.8,75,0.0,0.0,0.0,0.0,3,Overcast,99,,10.9,27.7,Cloudy,67.64
2025-04-30T05:00,2025-04-30,5,19.5,78,0.0,0.0,0.0,0.0,3,Overcast,100,,10.1,23.0,Cloudy,67.1
2025-04-30T06:00,2025-04-30,6,19.6,75,0.0,0.0,0.0,0.0,3,Overcast,100,,12.9,27.4,Cloudy,67.28
2025-04-30T07:00,2025-04-30,7,17.2,64,0.0,0.0,0.0,0.0,3,Overcast,100,,17.6,40.7,Cloudy,62.959999999999994
2025-04-30T08:00,2025-04-30,8,20.5,49,0.0,0.0,0.0,0.0,1,Mainly Clear,41,,16.8,40.0,Clear,68.9
2025-04-30T09:00,2025-04-30,9,20.5,38,0.0,0.0,0.0,0.0,0,Clear,3,,17.9,44.3,Clear,68.9
2025-04-30T10:00,2025-04-30,10,20.7,33,0.0,0.0,0.0,0.0,2,Partly Cloudy,51,,16.8,44.3,Cloudy,69.25999999999999
2025-04-30T11:00,2025-04-30,11,21.5,27,0.0,0.0,0.0,0.0,0,Clear,17,,17.4,44.6,Clear,70.7
2025-04-30T12:00,2025-04-30,12,21.8,26,0.0,0.0,0.0,0.0,0,Clear,1,,15.7,44.6,Clear,71.24000000000001
2025-04-30T13:00,2025-04-30,13,22.6,23,0.0,0.0,0.0,0.0,1,Mainly Clear,49,,14.0,41.4,Clear,72.68
2025-04-30T14:00,2025-04-30,14,22.8,22,0.0,0.0,0.0,0.0,3,Overcast,89,,14.7,39.2,Cloudy,73.04
2025-04-30T15:00,2025-04-30,15,22.6,22,0.0,0.0,0.0,0.0,3,Overcast,98,,14.9,39.2,Cloudy,72.68
2025-04-30T16:00,2025-04-30,16,22.2,22,0.0,0.0,0.0,0.0,3,Overcast,99,,14.3,38.9,Cloudy,71.96
2025-04-30T17:00,2025-04-30,17,21.5,23,0.0,0.0,0.0,0.0,0,Clear,1,,13.5,36.4,Clear,70.7
2025-04-30T18:00,2025-04-30,18,20.3,26,0.0,0.0,0.0,0.0,3,Overcast,86,,12.1,32.8,Cloudy,68.54
2025-04-30T19:00,2025-04-30,19,18.8,31,0.0,0.0,0.0,0.0,3,Overcast,100,,10.0,27.7,Cloudy,65.84
2025-04-30T20:00,2025-04-30,20,18.6,26,0.0,0.0,0.0,0.0,3,Overcast,88,,7.3,16.2,Cloudy,65.48
2025-04-30T21:00,2025-04-30,21,17.6,31,0.0,0.0,0.0,0.0,3,Overcast,84,,8.6,18.4,Cloudy,63.68
2025-04-30T22:00,2025-04-30,22,16.4,36,0.0,0.0,0.0,0.0,3,Overcast,96,,8.4,19.1,Cloudy,61.519999999999996
2025-04-30T23:00,2025-04-30,23,15.2,40,0.0,0.0,0.0,0.0,3,Overcast,98,,8.4,18.7,Cloudy,59.36
2025-05-01T00:00,2025-05-01,0,14.1,45,0.0,0.0,0.0,0.0,3,Overcast,95,,7.4,18.0,Cloudy,57.379999999999995
2025-05-01T01:00,2025-05-01,1,13.3,48,0.0,0.0,0.0,0.0,3,Overcast,92,,7.8,16.9,Cloudy,55.94
2025-05-01T02:00,2025-05-01,2,12.5,52,0.0,0.0,0.0,0.0,3,Overcast,98,,7.3,18.0,Cloudy,54.5
2025-05-01T03:00,2025-05-01,3,12.0,53,0.0,0.0,0.0,0.0,3,Overcast,98,,6.7,15.8,Cloudy,53.6
2025-05-01T04:00,2025-05-01,4,10.9,54,0.0,0.0,0.0,0.0,3,Overcast,84,,6.8,17.3,Cloudy,51.620000000000005
2025-05-01T05:00,2025-05-01,5,10.2,56,0.0,0.0,0.0,0.0,3,Overcast,100,,7.2,15.1,Cloudy,50.36
2025-05-01T06:00,2025-05-01,6,10.7,53,0.0,0.0,0.0,0.0,3,Overcast,99,,7.4,18.4,Cloudy,51.26
2025-05-01T07:00,2025-05-01,7,12.1,48,0.0,0.0,0.0,0.0,3,Overcast,94,,5.8,17.6,Cloudy,53.78
2025-05-01T08:00,2025-05-01,8,15.4,37,0.0,0.0,0.0,0.0,3,Overcast,92,,4.6,18.7,Cloudy,59.72
2025-05-01T09:00,2025-05-01,9,17.9,32,0.0,0.0,0.0,0.0,3,Overcast,82,,5.0,20.5,Cloudy,64.22
2025-05-01T10:00,2025-05-01,10,20.0,28,0.0,0.0,0.0,0.0,3,Overcast,83,,6.8,24.1,Cloudy,68.0
2025-05-01T11:00,2025-05-01,11,21.0,27,0.0,0.0,0.0,0.0,3,Overcast,90,,10.0,31.0,Cloudy,69.8
2025-05-01T12:00,2025-05-01,12,21.2,27,0.0,0.0,0.0,0.0,3,Overcast,82,,12.1,35.6,Cloudy,70.16
2025-05-01T13:00,2025-05-01,13,20.5,26,0.0,0.0,0.0,0.0,2,Partly Cloudy,51,,13.1,37.4,Cloudy,68.9
2025-05-01T14:00,2025-05-01,14,20.1,27,0.0,0.0,0.0,0.0,1,Mainly Clear,22,,14.0,38.9,Clear,68.18
2025-05-01T15:00,2025-05-01,15,19.5,29,0.0,0.0,0.0,0.0,0,Clear,0,,14.6,40.0,Clear,67.1
2025-05-01T16:00,2025-05-01,16,18.8,33,0.0,0.0,0.0,0.0,0,Clear,1,,13.9,39.6,Clear,65.84
2025-05-01T17:00,2025-05-01,17,17.6,38,0.0,0.0,0.0,0.0,0,Clear,5,,12.7,37.4,Clear,63.68
2025-05-01T18:00,2025-05-01,18,16.1,45,0.0,0.0,0.0,0.0,0,Clear,18,,10.9,33.1,Clear,60.980000000000004
2025-05-01T19:00,2025-05-01,19,14.8,53,0.0,0.0,0.0,0.0,1,Mainly Clear,40,,8.9,27.4,Clear,58.64
2025-05-01T20:00,2025-05-01,20,14.3,56,0.0,0.0,0.0,0.0,3,Overcast,100,,7.6,23.0,Cloudy,57.74
2025-05-01T21:00,2025-05-01,21,14.3,58,0.0,0.0,0.0,0.0,3,Overcast,100,,8.6,22.0,Cloudy,57.74
2025-05-01T22:00,2025-05-01,22,14.4,59,0.0,0.0,0.0,0.0,3,Overcast,100,,7.6,22.0,Cloudy,57.92
2025-05-01T23:00,2025-05-01,23,14.6,61,0.0,0.0,0.0,0.0,3,Overcast,100,,7.5,19.4,Cloudy,58.28
2025-05-02T00:00,2025-05-02,0,14.7,75,0.0,0.0,0.0,0.0,3,Overcast,100,,11.6,23.8,Cloudy,58.459999999999994
2025-05-02T01:00,2025-05-02,1,14.9,87,0.0,0.0,0.0,0.0,3,Overcast,100,,10.4,33.1,Cloudy,58.82
2025-05-02T02:00,2025-05-02,2,14.8,92,0.0,0.0,0.0,0.0,3,Overcast,100,,7.1,22.7,Cloudy,58.64
2025-05-02T03:00,2025-05-02,3,14.6,94,0.0,0.0,0.0,0.0,3,Overcast,99,,5.2,16.2,Cloudy,58.28
2025-05-02T04:00,2025-05-02,4,14.2,96,0.0,0.0,0.0,0.0,3,Overcast,99,,4.6,10.8,Cloudy,57.56
2025-05-02T05:00,2025-05-02,5,14.4,95,0.0,0.0,0.0,0.0,3,Overcast,99,,4.2,10.1,Cloudy,57.92
2025-05-02T06:00,2025-05-02,6,16.2,87,0.0,0.0,0.0,0.0,3,Overcast,86,,6.4,11.9,Cloudy,61.16
2025-05-02T07:00,2025-05-02,7,19.1,75,0.0,0.0,0.0,0.0,3,Overcast,99,,4.8,13.7,Cloudy,66.38
2025-05-02T08:00,2025-05-02,8,19.5,69,0.0,0.0,0.0,0.0,3,Overcast,100,,4.8,16.9,Cloudy,67.1
2025-05-02T09:00,2025-05-02,9,20.2,68,0.0,0.0,0.0,0.0,3,Overcast,99,,6.0,17.3,Cloudy,68.36
2025-05-02T10:00,2025-05-02,10,22.6,61,0.0,0.0,0.0,0.0,3,Overcast,100,,7.4,22.3,Cloudy,72.68
2025-05-02T11:00,2025-05-02,11,26.1,49,0.0,0.0,0.0,0.0,3,Overcast,100,,11.1,30.2,Cloudy,78.98
2025-05-02T12:00,2025-05-02,12,28.5,42,0.0,0.0,0.0,0.0,1,Mainly Clear,40,,13.5,42.8,Clear,83.3
2025-05-02T13:00,2025-05-02,13,30.1,36,0.0,0.0,0.0,0.0,1,Mainly Clear,39,,13.8,40.7,Clear,86.18
2025-05-02T14:00,2025-05-02,14,29.9,34,0.0,0.0,0.0,0.0,1,Mainly Clear,25,,10.8,38.9,Clear,85.82
2025-05-02T15:00,2025-05-02,15,30.1,32,0.0,0.0,0.0,0.0,2,Partly Cloudy,79,,9.8,32.8,Cloudy,86.18
2025-05-02T16:00,2025-05-02,16,28.3,40,0.0,0.0,0.0,0.0,2,Partly Cloudy,71,,12.2,35.6,Cloudy,82.94
2025-05-02T17:00,2025-05-02,17,28.4,39,0.0,0.0,0.0,0.0,1,Mainly Clear,32,,16.0,37.8,Clear,83.12
2025-05-02T18:00,2025-05-02,18,26.6,50,0.0,0.0,0.0,0.0,0,Clear,12,,12.8,38.9,Clear,79.88
2025-05-02T19:00,2025-05-02,19,25.1,53,0.0,0.0,0.0,0.0,3,Overcast,91,,10.2,29.2,Cloudy,77.18
2025-05-02T20:00,2025-05-02,20,24.0,57,0.0,0.0,0.0,0.0,3,Overcast,92,,4.6,9.7,Cloudy,75.2
2025-05-02T21:00,2025-05-02,21,23.8,62,0.0,0.0,0.0,0.0,3,Overcast,97,,8.3,17.3,Cloudy,74.84
2025-05-02T22:00,2025-05-02,22,23.8,57,0.0,0.0,0.0,0.0,3,Overcast,99,,8.6,19.4,Cloudy,74.84
2025-05-02T23:00,2025-05-02,23,22.9,57,0.0,0.0,0.0,0.0,2,Partly Cloudy,64,,7.8,18.0,Cloudy,73.22
2025-05-03T00:00,2025-05-03,0,22.0,59,0.0,0.0,0.0,0.0,3,Overcast,95,,6.8,16.9,Cloudy,71.6
2025-05-03T01:00,2025-05-03,1,21.6,60,0.0,0.0,0.0,0.0,2,Partly Cloudy,79,,8.2,19.1,Cloudy,70.88
2025-05-03T02:00,2025-05-03,2,20.1,68,0.0,0.0,0.0,0.0,3,Overcast,83,,4.4,18.0,Cloudy,68.18
2025-05-03T03:00,2025-05-03,3,19.4,71,0.0,0.0,0.0,0.0,3,Overcast,100,,0.0,8.3,Cloudy,66.92
2025-05-03T04:00,2025-05-03,4,18.7,74,0.0,0.0,0.0,0.0,3,Overcast,88,,4.4,7.9,Cloudy,65.66
2025-05-03T05:00,2025-05-03,5,18.5,78,0.0,0.0,0.0,0.0,3,Overcast,82,,4.9,11.2,Cloudy,65.3
2025-05-03T06:00,2025-05-03,6,19.2,78,0.0,0.0,0.0,0.0,2,Partly Cloudy,77,,6.8,16.2,Cloudy,66.56
2025-05-03T07:00,2025-05-03,7,20.9,73,0.0,0.0,0.0,0.0,2,Partly Cloudy,78,,6.1,16.9,Cloudy,69.62
2025-05-03T08:00,2025-05-03,8,22.4,66,0.0,0.0,0.0,0.0,1,Mainly Clear,24,,12.1,31.0,Clear,72.32
2025-05-03T09:00,2025-05-03,9,24.4,59,0.0,0.0,0.0,0.0,3,Overcast,80,,8.4,31.7,Cloudy,75.92
2025-05-03T10:00,2025-05-03,10,26.4,53,0.0,0.0,0.0,0.0,2,Partly Cloudy,72,,11.1,31.0,Cloudy,79.52
2025-05-03T11:00,2025-05-03,11,27.8,49,0.0,0.0,0.0,0.0,3,Overcast,100,,13.4,36.4,Cloudy,82.04
2025-05-03T12:00,2025-05-03,12,29.0,45,0.0,0.0,0.0,0.0,3,Overcast,98,,14.7,48.2,Cloudy,84.2
2025-05-03T13:00,2025-05-03,13,28.9,45,0.0,0.0,0.0,0.0,3,Overcast,91,,13.8,51.5,Cloudy,84.02
2025-05-03T14:00,2025-05-03,14,24.8,65,3.5,3.5,0.0,0.0,63,Moderate Rain,63,,12.3,47.9,Rain,76.64
2025-05-03T15:00,2025-05-03,15,27.0,56,0.0,0.0,0.0,0.0,2,Partly Cloudy,58,,11.6,37.4,Cloudy,80.6
2025-05-03T16:00,2025-05-03,16,24.4,63,1.6,1.6,0.0,0.0,61,Slight Rain,79,,13.7,43.2,Rain,75.92
2025-05-03T17:00,2025-05-03,17,24.8,62,0.9,0.9,0.0,0.0,53,Moderate Drizzle,92,,11.5,34.2,Rain,76.64
2025-05-03T18:00,2025-05-03,18,21.5,78,2.3,2.3,0.0,0.0,61,Slight Rain,99,,10.8,35.6,Rain,70.7
2025-05-03T19:00,2025-05-03,19,20.4,85,0.4,0.4,0.0,0.0,51,Light Drizzle,99,,10.7,24.8,Rain,68.72
2025-05-03T20:00,2025-05-03,20,21.8,74,0.0,0.0,0.0,0.0,3,Overcast,97,,5.3,11.2,Cloudy,71.24000000000001
2025-05-03T21:00,2025-05-03,21,19.1,78,0.0,0.0,0.0,0.0,3,Overcast,99,,7.6,22.3,Cloudy,66.38
2025-05-03T22:00,2025-05-03,22,18.3,81,0.0,0.0,0.0,0.0,3,Overcast,100,,8.8,18.7,Cloudy,64.94
2025-05-03T23:00,2025-05-03,23,19.0,83,0.4,0.4,0.0,0.0,51,Light Drizzle,97,,8.1,23.4,Rain,66.2
2025-05-04T00:00,2025-05-04,0,18.2,88,0.1,0.1,0.0,0.0,51,Light Drizzle,91,,5.7,27.0,Rain,64.75999999999999
2025-05-04T01:00,2025-05-04,1,17.8,90,0.0,0.0,0.0,0.0,3,Overcast,100,,4.9,13.0,Cloudy,64.04
2025-05-04T02:00,2025-05-04,2,17.0,93,0.0,0.0,0.0,0.0,3,Overcast,100,,3.3,10.1,Cloudy,62.6
2025-05-04T03:00,2025-05-04,3,17.2,87,0.0,0.0,0.0,0.0,3,Overcast,100,,6.5,13.0,Cloudy,62.959999999999994
2025-05-04T04:00,2025-05-04,4,16.8,83,0.0,0.0,0.0,0.0,3,Overcast,100,,6.8,15.1,Cloudy,62.24
2025-05-04T05:00,2025-05-04,5,16.4,85,0.0,0.0,0.0,0.0,3,Overcast,100,,6.2,14.4,Cloudy,61.519999999999996
2025-05-04T06:00,2025-05-04,6,16.8,85,0.0,0.0,0.0,0.0,3,Overcast,100,,6.8,14.0,Cloudy,62.24
2025-05-04T07:00,2025-05-04,7,18.1,82,0.0,0.0,0.0,0.0,3,Overcast,100,,6.0,15.1,Cloudy,64.58
2025-05-04T08:00,2025-05-04,8,19.8,79,0.0,0.0,0.0,0.0,3,Overcast,100,,6.4,18.0,Cloudy,67.64
2025-05-04T09:00,2025-05-04,9,20.0,78,0.0,0.0,0.0,0.0,3,Overcast,100,,7.6,21.6,Cloudy,68.0
2025-05-04T10:00,2025-05-04,10,21.0,75,0.0,0.0,0.0,0.0,3,Overcast,92,,6.4,22.3,Cloudy,69.8
2025-05-04T11:00,2025-05-04,11,20.8,74,0.0,0.0,0.0,0.0,3,Overcast,100,,9.8,27.7,Cloudy,69.44
2025-05-04T12:00,2025-05-04,12,20.1,78,3.8,3.8,0.0,0.0,63,Moderate Rain,100,,7.9,27.7,Rain,68.18
2025-05-04T13:00,2025-05-04,13,21.3,78,0.3,0.3,0.0,0.0,51,Light Drizzle,100,,8.6,24.1,Rain,70.34
2025-05-04T14:00,2025-05-04,14,19.0,85,1.1,1.1,0.0,0.0,55,Dense Drizzle,100,,13.1,35.3,Rain,66.2
2025-05-04T15:00,2025-05-04,15,17.6,87,1.4,1.4,0.0,0.0,61,Slight Rain,100,,11.3,34.2,Rain,63.68
2025-05-04T16:00,2025-05-04,16,16.5,89,2.0,2.0,0.0,0.0,61,Slight Rain,100,,11.9,29.2,Rain,61.7
2025-05-04T17:00,2025-05-04,17,15.6,94,1.3,1.3,0.0,0.0,61,Slight Rain,100,,10.8,28.8,Rain,60.08
2025-05-04T18:00,2025-05-04,18,15.7,93,0.9,0.9,0.0,0.0,53,Moderate Drizzle,100,,12.0,25.2,Rain,60.26
2025-05-04T19:00,2025-05-04,19,15.3,94,0.5,0.5,0.0,0.0,53,Moderate Drizzle,100,,10.7,26.3,Rain,59.540000000000006
2025-05-04T20:00,2025-05-04,20,15.7,93,0.8,0.8,0.0,0.0,53,Moderate Drizzle,100,,7.4,16.9,Rain,60.26
2025-05-04T21:00,2025-05-04,21,15.6,93,0.6,0.6,0.0,0.0,53,Moderate Drizzle,100,,7.5,18.4,Rain,60.08
2025-05-04T22:00,2025-05-04,22,15.4,93,0.4,0.4,0.0,0.0,51,Light Drizzle,100,,7.2,18.4,Rain,59.72
2025-05-04T23:00,2025-05-04,23,15.3,94,0.0,0.0,0.0,0.0,3,Overcast,100,,6.3,16.2,Cloudy,59.540000000000006
2025-05-05T00:00,2025-05-05,0,15.2,95,0.0,0.0,0.0,0.0,3,Overcast,97,,4.6,13.7,Cloudy,59.36
2025-05-05T01:00,2025-05-05,1,14.8,95,0.0,0.0,0.0,0.0,3,Overcast,100,,5.6,14.0,Cloudy,58.64
2025-05-05T02:00,2025-05-05,2,14.9,95,0.0,0.0,0.0,0.0,3,Overcast,100,,3.6,12.6,Cloudy,58.82
2025-05-05T03:00,2025-05-05,3,14.9,94,0.0,0.0,0.0,0.0,3,Overcast,100,,4.2,10.4,Cloudy,58.82
2025-05-05T04:00,2025-05-05,4,15.0,94,0.0,0.0,0.0,0.0,3,Overcast,100,,3.8,10.8,Cloudy,59.0
2025-05-05T05:00,2025-05-05,5,15.1,94,0.0,0.0,0.0,0.0,3,Overcast,100,,7.0,15.8,Cloudy,59.18
2025-05-05T06:00,2025-05-05,6,15.1,95,0.0,0.0,0.0,0.0,3,Overcast,100,,8.7,19.4,Cloudy,59.18
2025-05-05T07:00,2025-05-05,7,15.6,93,0.0,0.0,0.0,0.0,3,Overcast,100,,9.9,23.0,Cloudy,60.08
2025-05-05T08:00,2025-05-05,8,16.2,92,0.1,0.1,0.0,0.0,51,Light Drizzle,100,,11.5,27.7,Rain,61.16
2025-05-05T09:00,2025-05-05,9,16.5,91,0.2,0.2,0.0,0.0,51,Light Drizzle,100,,11.8,27.4,Rain,61.7
2025-05-05T10:00,2025-05-05,10,17.9,86,0.2,0.2,0.0,0.0,51,Light Drizzle,100,,12.7,31.0,Rain,64.22
2025-05-05T11:00,2025-05-05,11,19.2,81,0.5,0.5,0.0,0.0,53,Moderate Drizzle,100,,13.5,31.3,Rain,66.56
2025-05-05T12:00,2025-05-05,12,20.2,78,1.2,1.2,0.0,0.0,55,Dense Drizzle,100,,12.1,34.6,Rain,68.36
2025-05-05T13:00,2025-05-05,13,19.0,86,0.6,0.6,0.0,0.0,53,Moderate Drizzle,100,,9.5,32.8,Rain,66.2
2025-05-05T14:00,2025-05-05,14,19.2,86,0.6,0.6,0.0,0.0,53,Moderate Drizzle,100,,12.0,31.0,Rain,66.56
2025-05-05T15:00,2025-05-05,15,17.8,88,1.5,1.5,0.0,0.0,61,Slight Rain,100,,11.8,32.4,Rain,64.04
2025-05-05T16:00,2025-05-05,16,16.7,91,0.9,0.9,0.0,0.0,53,Moderate Drizzle,100,,11.0,29.2,Rain,62.059999999999995
2025-05-05T17:00,2025-05-05,17,15.9,93,2.6,2.6,0.0,0.0,63,Moderate Rain,100,,9.3,28.1,Rain,60.62
2025-05-05T18:00,2025-05-05,18,15.3,97,1.3,1.3,0.0,0.0,61,Slight Rain,100,,6.4,23.8,Rain,59.540000000000006
2025-05-05T19:00,2025-05-05,19,15.0,97,1.7,1.7,0.0,0.0,61,Slight Rain,100,,7.2,18.4,Rain,59.0
2025-05-05T20:00,2025-05-05,20,14.4,97,0.2,0.2,0.0,0.0,51,Light Drizzle,100,,10.6,21.6,Rain,57.92
2025-05-05T21:00,2025-05-05,21,14.4,97,0.7,0.7,0.0,0.0,53,Moderate Drizzle,100,,10.0,21.6,Rain,57.92
2025-05-05T22:00,2025-05-05,22,14.4,97,0.4,0.4,0.0,0.0,51,Light Drizzle,100,,10.7,19.8,Rain,57.92
2025-05-05T23:00,2025-05-05,23,14.1,97,0.7,0.7,0.0,0.0,53,Moderate Drizzle,100,,9.3,20.2,Rain,57.379999999999995
2025-05-06T00:00,2025-05-06,0,14.0,97,0.4,0.4,0.0,0.0,51,Light Drizzle,100,,10.9,20.5,Rain,57.2
2025-05-06T01:00,2025-05-06,1,14.0,98,0.0,0.0,0.0,0.0,3,Overcast,100,,9.5,19.8,Cloudy,57.2
2025-05-06T02:00,2025-05-06,2,14.1,98,0.0,0.0,0.0,0.0,3,Overcast,100,,6.0,17.6,Cloudy,57.379999999999995
2025-05-06T03:00,2025-05-06,3,14.1,97,0.0,0.0,0.0,0.0,3,Overcast,100,,8.8,17.3,Cloudy,57.379999999999995
2025-05-06T04:00,2025-05-06,4,14.2,96,0.0,0.0,0.0,0.0,3,Overcast,100,,11.1,23.4,Cloudy,57.56
2025-05-06T05:00,2025-05-06,5,14.2,96,0.0,0.0,0.0,0.0,3,Overcast,100,,9.7,23.0,Cloudy,57.56
2025-05-06T06:00,2025-05-06,6,14.4,96,0.0,0.0,0.0,0.0,3,Overcast,100,,9.1,21.2,Cloudy,57.92
2025-05-06T07:00,2025-05-06,7,14.8,95,0.9,0.9,0.0,0.0,53,Moderate Drizzle,100,,9.5,24.1,Rain,58.64
2025-05-06T08:00,2025-05-06,8,16.3,93,0.8,0.8,0.0,0.0,53,Moderate Drizzle,100,,9.5,27.7,Rain,61.34
2025-05-06T09:00,2025-05-06,9,16.6,93,16.9,16.9,0.0,0.0,65,Heavy Rain,100,,8.8,26.3,Rain,61.88
2025-05-06T10:00,2025-05-06,10,16.6,91,1.2,1.2,0.0,0.0,55,Dense Drizzle,100,,13.0,36.7,Rain,61.88
2025-05-06T11:00,2025-05-06,11,17.5,87,0.1,0.1,0.0,0.0,51,Light Drizzle,93,,14.3,34.9,Rain,63.5
2025-05-06T12:00,2025-05-06,12,18.5,82,0.0,0.0,0.0,0.0,3,Overcast,100,,13.3,34.2,Cloudy,65.3
2025-05-06T13:00,2025-05-06,13,19.0,82,0.0,0.0,0.0,0.0,3,Overcast,91,,15.2,37.8,Cloudy,66.2
2025-05-06T14:00,2025-05-06,14,19.1,83,0.0,0.0,0.0,0.0,3,Overcast,100,,13.6,37.4,Cloudy,66.38
2025-05-06T15:00,2025-05-06,15,18.8,83,0.0,0.0,0.0,0.0,3,Overcast,100,,14.7,35.6,Cloudy,65.84
2025-05-06T16:00,2025-05-06,16,18.0,84,0.0,0.0,0.0,0.0,1,Mainly Clear,21,,14.1,38.5,Clear,64.4
2025-05-06T17:00,2025-05-06,17,17.9,84,0.2,0.2,0.0,0.0,51,Light Drizzle,54,,7.8,33.5,Rain,64.22
2025-05-06T18:00,2025-05-06,18,17.6,81,0.1,0.1,0.0,0.0,51,Light Drizzle,48,,6.9,23.8,Rain,63.68
2025-05-06T19:00,2025-05-06,19,18.4,74,0.0,0.0,0.0,0.0,0,Clear,14,,12.4,25.2,Clear,65.12
2025-05-06T20:00,2025-05-06,20,16.4,89,0.0,0.0,0.0,0.0,1,Mainly Clear,28,,3.7,10.1,Clear,61.519999999999996
2025-05-06T21:00,2025-05-06,21,16.6,81,0.0,0.0,0.0,0.0,0,Clear,19,,8.4,17.3,Clear,61.88
2025-05-06T22:00,2025-05-06,22,15.4,83,0.0,0.0,0.0,0.0,0,Clear,2,,6.1,17.6,Clear,59.72
2025-05-06T23:00,2025-05-06,23,14.6,86,0.0,0.0,0.0,0.0,1,Mainly Clear,22,,5.2,13.0,Clear,58.28
2025-05-07T00:00,2025-05-07,0,14.4,87,0.0,0.0,0.0,0.0,3,Overcast,100,,5.6,11.5,Cloudy,57.92
2025-05-07T01:00,2025-05-07,1,14.6,85,0.0,0.0,0.0,0.0,3,Overcast,100,,6.1,12.6,Cloudy,58.28
2025-05-07T02:00,2025-05-07,2,14.7,84,0.0,0.0,0.0,0.0,3,Overcast,100,,5.8,14.8,Cloudy,58.459999999999994
2025-05-07T03:00,2025-05-07,3,13.9,85,0.0,0.0,0.0,0.0,3,Overcast,100,,4.7,11.9,Cloudy,57.02
2025-05-07T04:00,2025-05-07,4,14.1,84,0.1,0.1,0.0,0.0,51,Light Drizzle,100,,5.0,10.4,Rain,57.379999999999995
2025-05-07T05:00,2025-05-07,5,13.9,84,0.2,0.2,0.0,0.0,51,Light Drizzle,33,,6.2,13.0,Rain,57.02
2025-05-07T06:00,2025-05-07,6,14.2,83,0.0,0.0,0.0,0.0,2,Partly Cloudy,54,,7.2,14.4,Cloudy,57.56
2025-05-07T07:00,2025-05-07,7,15.4,78,0.0,0.0,0.0,0.0,0,Clear,12,,7.9,19.8,Clear,59.72
2025-05-07T08:00,2025-05-07,8,17.1,68,0.0,0.0,0.0,0.0,0,Clear,5,,6.2,18.7,Clear,62.78
2025-05-07T09:00,2025-05-07,9,18.3,62,0.0,0.0,0.0,0.0,0,Clear,1,,7.3,22.0,Clear,64.94
2025-05-07T10:00,2025-05-07,10,19.4,58,0.0,0.0,0.0,0.0,0,Clear,0,,7.1,22.7,Clear,66.92
2025-05-07T11:00,2025-05-07,11,20.6,51,0.0,0.0,0.0,0.0,2,Partly Cloudy,71,,11.8,31.3,Cloudy,69.08
2025-05-07T12:00,2025-05-07,12,21.4,48,0.0,0.0,0.0,0.0,3,Overcast,100,,11.0,31.7,Cloudy,70.52
2025-05-07T13:00,2025-05-07,13,21.9,45,0.0,0.0,0.0,0.0,3,Overcast,96,,11.8,29.9,Cloudy,71.42
2025-05-07T14:00,2025-05-07,14,22.1,43,0.0,0.0,0.0,0.0,3,Overcast,80,,11.2,32.4,Cloudy,71.78
2025-05-07T15:00,2025-05-07,15,22.5,42,0.0,0.0,0.0,0.0,3,Overcast,100,,10.4,30.6,Cloudy,72.5
2025-05-07T16:00,2025-05-07,16,22.1,46,0.0,0.0,0.0,0.0,3,Overcast,100,,8.6,26.6,Cloudy,71.78
2025-05-07T17:00,2025-05-07,17,21.2,51,0.0,0.0,0.0,0.0,3,Overcast,100,,7.1,20.5,Cloudy,70.16
2025-05-07T18:00,2025-05-07,18,20.4,58,0.0,0.0,0.0,0.0,0,Clear,2,,5.8,17.6,Clear,68.72
2025-05-07T19:00,2025-05-07,19,18.4,68,0.0,0.0,0.0,0.0,0,Clear,1,,5.5,13.0,Clear,65.12
2025-05-07T20:00,2025-05-07,20,18.1,72,0.0,0.0,0.0,0.0,2,Partly Cloudy,78,,4.6,9.7,Cloudy,64.58
2025-05-07T21:00,2025-05-07,21,17.8,72,0.0,0.0,0.0,0.0,3,Overcast,100,,5.7,10.8,Cloudy,64.04
2025-05-07T22:00,2025-05-07,22,17.1,74,0.0,0.0,0.0,0.0,3,Overcast,97,,5.7,11.5,Cloudy,62.78
2025-05-07T23:00,2025-05-07,23,16.5,77,0.0,0.0,0.0,0.0,3,Overcast,99,,5.6,11.9,Cloudy,61.7
2025-05-08T00:00,2025-05-08,0,15.7,80,0.0,0.0,0.0,0.0,3,Overcast,100,,5.6,11.5,Cloudy,60.26
2025-05-08T01:00,2025-05-08,1,15.2,81,0.0,0.0,0.0,0.0,3,Overcast,100,,5.6,11.5,Cloudy,59.36
2025-05-08T02:00,2025-05-08,2,14.9,80,0.0,0.0,0.0,0.0,3,Overcast,100,,5.4,11.2,Cloudy,58.82
2025-05-08T03:00,2025-05-08,3,14.1,82,0.0,0.0,0.0,0.0,3,Overcast,99,,4.7,10.8,Cloudy,57.379999999999995
2025-05-08T04:00,2025-05-08,4,13.9,84,0.0,0.0,0.0,0.0,3,Overcast,99,,2.6,8.6,Cloudy,57.02
2025-05-08T05:00,2025-05-08,5,13.6,87,0.0,0.0,0.0,0.0,1,Mainly Clear,29,,1.4,4.7,Clear,56.48
2025-05-08T06:00,2025-05-08,6,14.8,85,0.0,0.0,0.0,0.0,2,Partly Cloudy,76,,3.8,6.8,Cloudy,58.64
2025-05-08T07:00,2025-05-08,7,16.8,81,0.0,0.0,0.0,0.0,2,Partly Cloudy,78,,2.8,10.1,Cloudy,62.24
2025-05-08T08:00,2025-05-08,8,19.5,70,0.0,0.0,0.0,0.0,0,Clear,1,,2.3,11.2,Clear,67.1
2025-05-08T09:00,2025-05-08,9,21.1,64,0.0,0.0,0.0,0.0,0,Clear,3,,3.2,14.4,Clear,69.98
2025-05-08T10:00,2025-05-08,10,22.5,60,0.0,0.0,0.0,0.0,0,Clear,5,,3.1,15.1,Clear,72.5
2025-05-08T11:00,2025-05-08,11,23.5,57,0.0,0.0,0.0,0.0,0,Clear,8,,1.3,20.5,Clear,74.3
2025-05-08T12:00,2025-05-08,12,24.3,56,0.0,0.0,0.0,0.0,0,Clear,14,,2.2,18.0,Clear,75.74000000000001
2025-05-08T13:00,2025-05-08,13,23.7,59,0.0,0.0,0.0,0.0,2,Partly Cloudy,75,,7.4,23.4,Cloudy,74.66
2025-05-08T14:00,2025-05-08,14,23.4,53,0.0,0.0,0.0,0.0,1,Mainly Clear,29,,11.0,28.8,Clear,74.12
2025-05-08T15:00,2025-05-08,15,22.5,54,0.0,0.0,0.0,0.0,1,Mainly Clear,48,,5.7,30.6,Clear,72.5
2025-05-08T16:00,2025-05-08,16,20.9,66,0.0,0.0,0.0,0.0,3,Overcast,85,,9.2,25.2,Cloudy,69.62
2025-05-08T17:00,2025-05-08,17,20.3,68,0.4,0.4,0.0,0.0,51,Light Drizzle,49,,6.8,24.1,Rain,68.54
2025-05-08T18:00,2025-05-08,18,19.4,78,0.0,0.0,0.0,0.0,2,Partly Cloudy,54,,6.4,20.2,Cloudy,66.92
2025-05-08T19:00,2025-05-08,19,18.5,82,0.0,0.0,0.0,0.0,2,Partly Cloudy,66,,6.7,16.2,Cloudy,65.3
2025-05-08T20:00,2025-05-08,20,17.1,84,0.0,0.0,0.0,0.0,3,Overcast,97,,10.6,24.5,Cloudy,62.78
2025-05-08T21:00,2025-05-08,21,16.5,86,0.0,0.0,0.0,0.0,3,Overcast,91,,10.9,25.6,Cloudy,61.7
2025-05-08T22:00,2025-05-08,22,15.9,86,0.0,0.0,0.0,0.0,3,Overcast,100,,11.0,25.9,Cloudy,60.62
2025-05-08T23:00,2025-05-08,23,15.2,85,0.0,0.0,0.0,0.0,2,Partly Cloudy,55,,10.7,26.6,Cloudy,59.36
2025-05-09T00:00,2025-05-09,0,14.2,87,0.0,0.0,0.0,0.0,1,Mainly Clear,47,,10.1,23.4,Clear,57.56
2025-05-09T01:00,2025-05-09,1,13.6,88,0.0,0.0,0.0,0.0,3,Overcast,100,,9.0,23.0,Cloudy,56.48
2025-05-09T02:00,2025-05-09,2,13.2,88,0.0,0.0,0.0,0.0,3,Overcast,100,,10.3,23.8,Cloudy,55.76
2025-05-09T03:00,2025-05-09,3,12.7,90,0.0,0.0,0.0,0.0,3,Overcast,100,,9.7,23.8,Cloudy,54.86
2025-05-09T04:00,2025-05-09,4,12.2,90,0.0,0.0,0.0,0.0,3,Overcast,100,,8.7,22.7,Cloudy,53.96
2025-05-09T05:00,2025-05-09,5,12.4,90,0.9,0.9,0.0,0.0,53,Moderate Drizzle,100,,11.2,24.5,Rain,54.32
2025-05-09T06:00,2025-05-09,6,12.9,95,1.4,1.4,0.0,0.0,61,Slight Rain,100,,9.9,25.9,Rain,55.22
2025-05-09T07:00,2025-05-09,7,13.2,94,2.8,2.8,0.0,0.0,63,Moderate Rain,100,,12.5,27.7,Rain,55.76
2025-05-09T08:00,2025-05-09,8,14.2,97,1.8,1.8,0.0,0.0,61,Slight Rain,100,,10.1,28.1,Rain,57.56
2025-05-09T09:00,2025-05-09,9,14.1,97,2.2,2.2,0.0,0.0,61,Slight Rain,100,,10.3,25.9,Rain,57.379999999999995
2025-05-09T10:00,2025-05-09,10,15.1,91,1.8,1.8,0.0,0.0,61,Slight Rain,100,,10.7,31.7,Rain,59.18
2025-05-09T11:00,2025-05-09,11,14.7,93,1.3,1.3,0.0,0.0,61,Slight Rain,100,,6.8,30.2,Rain,58.459999999999994
2025-05-09T12:00,2025-05-09,12,16.5,85,0.1,0.1,0.0,0.0,51,Light Drizzle,100,,6.2,22.3,Rain,61.7
2025-05-09T13:00,2025-05-09,13,16.9,85,0.1,0.1,0.0,0.0,51,Light Drizzle,100,,7.3,20.9,Rain,62.42
2025-05-09T14:00,2025-05-09,14,16.9,84,0.4,0.4,0.0,0.0,51,Light Drizzle,100,,10.7,27.0,Rain,62.42
2025-05-09T15:00,2025-05-09,15,16.2,84,0.3,0.3,0.0,0.0,51,Light Drizzle,100,,11.1,28.8,Rain,61.16
2025-05-09T16:00,2025-05-09,16,16.2,84,0.3,0.3,0.0,0.0,51,Light Drizzle,100,,10.5,32.8,Rain,61.16
2025-05-09T17:00,2025-05-09,17,15.6,84,0.6,0.6,0.0,0.0,53,Moderate Drizzle,100,,7.9,29.2,Rain,60.08
2025-05-09T18:00,2025-05-09,18,14.9,88,0.6,0.6,0.0,0.0,53,Moderate Drizzle,100,,9.7,23.0,Rain,58.82
2025-05-09T19:00,2025-05-09,19,13.9,90,0.0,0.0,0.0,0.0,3,Overcast,100,,12.3,27.0,Cloudy,57.02
2025-05-09T20:00,2025-05-09,20,13.0,86,0.0,0.0,0.0,0.0,3,Overcast,100,,11.3,28.1,Cloudy,55.4
2025-05-09T21:00,2025-05-09,21,12.7,84,0.0,0.0,0.0,0.0,3,Overcast,97,,11.1,26.6,Cloudy,54.86
2025-05-09T22:00,2025-05-09,22,12.2,85,0.0,0.0,0.0,0.0,2,Partly Cloudy,67,,12.2,27.4,Cloudy,53.96
2025-05-09T23:00,2025-05-09,23,11.6,85,0.0,0.0,0.0,0.0,1,Mainly Clear,27,,12.9,29.2,Clear,52.879999999999995
2025-05-10T00:00,2025-05-10,0,11.1,85,0.0,0.0,0.0,0.0,3,Overcast,95,,13.2,29.9,Cloudy,51.98
2025-05-10T01:00,2025-05-10,1,11.0,83,0.0,0.0,0.0,0.0,2,Partly Cloudy,64,,13.3,30.6,Cloudy,51.8
2025-05-10T02:00,2025-05-10,2,10.8,83,0.0,0.0,0.0,0.0,0,Clear,16,,13.0,29.9,Clear,51.44
2025-05-10T03:00,2025-05-10,3,10.2,84,0.0,0.0,0.0,0.0,1,Mainly Clear,46,,12.9,29.5,Clear,50.36
2025-05-10T04:00,2025-05-10,4,10.1,83,0.0,0.0,0.0,0.0,3,Overcast,90,,14.2,32.8,Cloudy,50.18
2025-05-10T05:00,2025-05-10,5,10.6,79,0.0,0.0,0.0,0.0,3,Overcast,100,,15.3,34.9,Cloudy,51.08
2025-05-10T06:00,2025-05-10,6,11.4,73,0.0,0.0,0.0,0.0,3,Overcast,100,,18.3,41.0,Cloudy,52.52
2025-05-10T07:00,2025-05-10,7,12.1,68,0.0,0.0,0.0,0.0,1,Mainly Clear,32,,17.9,41.8,Clear,53.78
2025-05-10T08:00,2025-05-10,8,13.5,64,0.0,0.0,0.0,0.0,1,Mainly Clear,26,,19.9,46.8,Clear,56.3
2025-05-10T09:00,2025-05-10,9,14.7,60,0.0,0.0,0.0,0.0,1,Mainly Clear,44,,18.8,46.4,Clear,58.459999999999994
2025-05-10T10:00,2025-05-10,10,16.1,57,0.0,0.0,0.0,0.0,2,Partly Cloudy,78,,21.6,49.7,Cloudy,60.980000000000004
2025-05-10T11:00,2025-05-10,11,17.5,52,0.0,0.0,0.0,0.0,1,Mainly Clear,27,,23.3,55.4,Clear,63.5
2025-05-10T12:00,2025-05-10,12,18.6,47,0.0,0.0,0.0,0.0,1,Mainly Clear,38,,21.3,54.4,Clear,65.48
2025-05-10T13:00,2025-05-10,13,19.8,44,0.0,0.0,0.0,0.0,3,Overcast,87,,21.1,51.8,Cloudy,67.64
2025-05-10T14:00,2025-05-10,14,19.9,41,0.0,0.0,0.0,0.0,0,Clear,0,,19.2,49.3,Clear,67.82
2025-05-10T15:00,2025-05-10,15,20.5,40,0.0,0.0,0.0,0.0,0,Clear,0,,17.1,45.0,Clear,68.9
2025-05-10T16:00,2025-05-10,16,20.6,39,0.0,0.0,0.0,0.0,0,Clear,0,,16.2,40.7,Clear,69.08
2025-05-10T17:00,2025-05-10,17,20.1,40,0.0,0.0,0.0,0.0,0,Clear,0,,13.2,37.8,Clear,68.18
2025-05-10T18:00,2025-05-10,18,19.0,46,0.0,0.0,0.0,0.0,0,Clear,0,,10.2,30.2,Clear,66.2
2025-05-10T19:00,2025-05-10,19,16.9,57,0.0,0.0,0.0,0.0,0,Clear,0,,6.9,22.7,Clear,62.42
2025-05-10T20:00,2025-05-10,20,16.5,62,0.0,0.0,0.0,0.0,1,Mainly Clear,36,,5.5,11.5,Clear,61.7
2025-05-10T21:00,2025-05-10,21,15.8,65,0.0,0.0,0.0,0.0,2,Partly Cloudy,70,,4.2,11.2,Cloudy,60.440000000000005
2025-05-10T22:00,2025-05-10,22,14.6,71,0.0,0.0,0.0,0.0,3,Overcast,91,,4.7,7.9,Cloudy,58.28
2025-05-10T23:00,2025-05-10,23,13.7,75,0.0,0.0,0.0,0.0,0,Clear,1,,4.8,8.6,Clear,56.66
2025-05-11T00:00,2025-05-11,0,13.0,78,0.0,0.0,0.0,0.0,1,Mainly Clear,29,,4.4,9.4,Clear,55.4
2025-05-11T01:00,2025-05-11,1,12.4,80,0.0,0.0,0.0,0.0,1,Mainly Clear,48,,3.6,7.9,Clear,54.32
2025-05-11T02:00,2025-05-11,2,11.9,83,0.0,0.0,0.0,0.0,0,Clear,2,,4.4,9.0,Clear,53.42
2025-05-11T03:00,2025-05-11,3,11.4,83,0.0,0.0,0.0,0.0,0,Clear,1,,4.2,9.0,Clear,52.52
2025-05-11T04:00,2025-05-11,4,11.3,82,0.0,0.0,0.0,0.0,0,Clear,0,,3.8,7.2,Clear,52.34
2025-05-11T05:00,2025-05-11,5,11.3,79,0.0,0.0,0.0,0.0,0,Clear,0,,4.1,6.8,Clear,52.34
2025-05-11T06:00,2025-05-11,6,13.5,72,0.0,0.0,0.0,0.0,0,Clear,0,,4.9,8.3,Clear,56.3
2025-05-11T07:00,2025-05-11,7,15.9,66,0.0,0.0,0.0,0.0,0,Clear,0,,5.6,12.2,Clear,60.62
2025-05-11T08:00,2025-05-11,8,19.5,50,0.0,0.0,0.0,0.0,0,Clear,0,,6.4,17.3,Clear,67.1
2025-05-11T09:00,2025-05-11,9,21.4,43,0.0,0.0,0.0,0.0,0,Clear,0,,8.9,22.7,Clear,70.52
2025-05-11T10:00,2025-05-11,10,22.0,41,0.0,0.0,0.0,0.0,0,Clear,0,,11.9,30.2,Clear,71.6
2025-05-11T11:00,2025-05-11,11,22.4,41,0.0,0.0,0.0,0.0,0,Clear,0,,11.2,31.0,Clear,72.32
2025-05-11T12:00,2025-05-11,12,22.9,44,0.0,0.0,0.0,0.0,0,Clear,0,,10.5,29.9,Clear,73.22
2025-05-11T13:00,2025-05-11,13,23.4,43,0.0,0.0,0.0,0.0,0,Clear,0,,10.5,28.4,Clear,74.12
2025-05-11T14:00,2025-05-11,14,23.4,42,0.0,0.0,0.0,0.0,0,Clear,0,,11.1,29.5,Clear,74.12
2025-05-11T15:00,2025-05-11,15,23.1,37,0.0,0.0,0.0,0.0,2,Partly Cloudy,75,,12.3,31.3,Cloudy,73.58
2025-05-11T16:00,2025-05-11,16,22.6,34,0.0,0.0,0.0,0.0,3,Overcast,96,,11.4,31.3,Cloudy,72.68
2025-05-11T17:00,2025-05-11,17,21.9,36,0.0,0.0,0.0,0.0,3,Overcast,100,,9.7,27.7,Cloudy,71.42
2025-05-11T18:00,2025-05-11,18,20.4,45,0.0,0.0,0.0,0.0,3,Overcast,100,,7.6,22.3,Cloudy,68.72
2025-05-11T19:00,2025-05-11,19,17.9,62,0.0,0.0,0.0,0.0,3,Overcast,100,,5.8,17.3,Cloudy,64.22
2025-05-11T20:00,2025-05-11,20,18.3,65,0.0,0.0,0.0,0.0,1,Mainly Clear,40,,6.6,14.4,Clear,64.94
2025-05-11T21:00,2025-05-11,21,16.8,74,0.0,0.0,0.0,0.0,1,Mainly Clear,32,,5.2,14.0,Clear,62.24
2025-05-11T22:00,2025-05-11,22,15.5,79,0.0,0.0,0.0,0.0,1,Mainly Clear,39,,4.5,10.4,Clear,59.9
2025-05-11T23:00,2025-05-11,23,14.7,79,0.0,0.0,0.0,0.0,0,Clear,6,,4.5,8.6,Clear,58.459999999999994
2025-05-12T00:00,2025-05-12,0,13.9,77,0.0,0.0,0.0,0.0,0,Clear,0,,4.4,8.3,Clear,57.02
2025-05-12T01:00,2025-05-12,1,13.1,76,0.0,0.0,0.0,0.0,0,Clear,0,,4.5,8.3,Clear,55.58
2025-05-12T02:00,2025-05-12,2,12.4,76,0.0,0.0,0.0,0.0,0,Clear,0,,4.8,10.1,Clear,54.32
2025-05-12T03:00,2025-05-12,3,11.7,77,0.0,0.0,0.0,0.0,0,Clear,0,,4.4,9.7,Clear,53.06
2025-05-12T04:00,2025-05-12,4,11.2,78,0.0,0.0,0.0,0.0,0,Clear,0,,4.4,9.4,Clear,52.16
2025-05-12T05:00,2025-05-12,5,10.9,79,0.0,0.0,0.0,0.0,0,Clear,0,,4.3,8.6,Clear,51.620000000000005
2025-05-12T06:00,2025-05-12,6,12.6,71,0.0,0.0,0.0,0.0,0,Clear,0,,6.1,10.4,Clear,54.68
2025-05-12T07:00,2025-05-12,7,14.1,60,0.0,0.0,0.0,0.0,3,Overcast,88,,5.2,14.8,Cloudy,57.379999999999995
2025-05-12T08:00,2025-05-12,8,16.3,49,0.0,0.0,0.0,0.0,1,Mainly Clear,33,,6.0,18.0,Clear,61.34
2025-05-12T09:00,2025-05-12,9,17.8,45,0.0,0.0,0.0,0.0,2,Partly Cloudy,77,,8.1,23.4,Cloudy,64.04
2025-05-12T10:00,2025-05-12,10,18.8,39,0.0,0.0,0.0,0.0,2,Partly Cloudy,62,,9.6,27.0,Cloudy,65.84
2025-05-12T11:00,2025-05-12,11,19.6,36,0.0,0.0,0.0,0.0,3,Overcast,88,,10.4,28.8,Cloudy,67.28
2025-05-12T12:00,2025-05-12,12,20.0,36,0.0,0.0,0.0,0.0,3,Overcast,99,,11.6,32.0,Cloudy,68.0
2025-05-12T13:00,2025-05-12,13,20.3,38,0.0,0.0,0.0,0.0,3,Overcast,98,,9.7,31.3,Cloudy,68.54
2025-05-12T14:00,2025-05-12,14,20.4,42,0.0,0.0,0.0,0.0,3,Overcast,86,,10.5,29.2,Cloudy,68.72
2025-05-12T15:00,2025-05-12,15,20.2,46,0.0,0.0,0.0,0.0,3,Overcast,98,,9.6,29.2,Cloudy,68.36
2025-05-12T16:00,2025-05-12,16,19.8,51,0.0,0.0,0.0,0.0,3,Overcast,100,,8.4,27.0,Cloudy,67.64
2025-05-12T17:00,2025-05-12,17,18.6,58,0.0,0.0,0.0,0.0,3,Overcast,100,,7.1,23.0,Cloudy,65.48
2025-05-12T18:00,2025-05-12,18,17.5,65,0.0,0.0,0.0,0.0,3,Overcast,100,,5.3,19.1,Cloudy,63.5
2025-05-12T19:00,2025-05-12,19,16.5,70,0.0,0.0,0.0,0.0,3,Overcast,100,,4.6,13.7,Cloudy,61.7
2025-05-12T20:00,2025-05-12,20,16.0,71,0.0,0.0,0.0,0.0,3,Overcast,100,,5.5,16.2,Cloudy,60.8
2025-05-12T21:00,2025-05-12,21,15.6,76,0.0,0.0,0.0,0.0,3,Overcast,100,,4.9,12.6,Cloudy,60.08
2025-05-12T22:00,2025-05-12,22,16.2,75,0.0,0.0,0.0,0.0,3,Overcast,100,,5.8,10.8,Cloudy,61.16
2025-05-12T23:00,2025-05-12,23,16.5,77,0.0,0.0,0.0,0.0,3,Overcast,100,,5.8,13.3,Cloudy,61.7
2025-05-13T00:00,2025-05-13,0,16.3,81,0.0,0.0,0.0,0.0,3,Overcast,100,,5.7,11.2,Cloudy,61.34
2025-05-13T01:00,2025-05-13,1,15.9,83,0.0,0.0,0.0,0.0,3,Overcast,100,,5.4,11.2,Cloudy,60.62
2025-05-13T02:00,2025-05-13,2,15.4,85,0.0,0.0,0.0,0.0,3,Overcast,100,,3.3,10.4,Cloudy,59.72
2025-05-13T03:00,2025-05-13,3,15.1,87,0.0,0.0,0.0,0.0,3,Overcast,100,,3.1,5.4,Cloudy,59.18
2025-05-13T04:00,2025-05-13,4,14.9,88,0.0,0.0,0.0,0.0,3,Overcast,100,,2.2,4.3,Cloudy,58.82
2025-05-13T05:00,2025-05-13,5,14.8,89,0.0,0.0,0.0,0.0,3,Overcast,100,,1.0,3.6,Cloudy,58.64
2025-05-13T06:00,2025-05-13,6,16.1,86,0.0,0.0,0.0,0.0,3,Overcast,100,,2.1,4.7,Cloudy,60.980000000000004
2025-05-13T07:00,2025-05-13,7,17.2,83,0.0,0.0,0.0,0.0,3,Overcast,100,,2.6,7.6,Cloudy,62.959999999999994
2025-05-13T08:00,2025-05-13,8,17.7,82,0.0,0.0,0.0,0.0,3,Overcast,100,,4.3,10.1,Cloudy,63.86
2025-05-13T09:00,2025-05-13,9,19.1,78,0.0,0.0,0.0,0.0,3,Overcast,100,,3.9,13.0,Cloudy,66.38
2025-05-13T10:00,2025-05-13,10,19.9,76,0.0,0.0,0.0,0.0,3,Overcast,100,,5.6,16.9,Cloudy,67.82
2025-05-13T11:00,2025-05-13,11,19.7,76,0.3,0.3,0.0,0.0,51,Light Drizzle,100,,4.4,17.3,Rain,67.46
2025-05-13T12:00,2025-05-13,12,20.2,75,0.1,0.1,0.0,0.0,51,Light Drizzle,100,,6.8,18.4,Rain,68.36
2025-05-13T13:00,2025-05-13,13,20.4,74,0.0,0.0,0.0,0.0,3,Overcast,100,,8.5,21.6,Cloudy,68.72
2025-05-13T14:00,2025-05-13,14,19.7,77,0.1,0.1,0.0,0.0,51,Light Drizzle,100,,10.2,25.6,Rain,67.46
2025-05-13T15:00,2025-05-13,15,18.6,83,0.3,0.3,0.0,0.0,51,Light Drizzle,100,,11.0,27.0,Rain,65.48
2025-05-13T16:00,2025-05-13,16,18.1,84,0.3,0.3,0.0,0.0,51,Light Drizzle,100,,9.4,26.6,Rain,64.58
2025-05-13T17:00,2025-05-13,17,17.7,83,0.3,0.3,0.0,0.0,51,Light Drizzle,100,,10.0,23.4,Rain,63.86
2025-05-13T18:00,2025-05-13,18,16.9,87,0.4,0.4,0.0,0.0,51,Light Drizzle,100,,7.7,23.4,Rain,62.42
2025-05-13T19:00,2025-05-13,19,16.5,87,0.3,0.3,0.0,0.0,51,Light Drizzle,100,,8.6,20.9,Rain,61.7
2025-05-13T20:00,2025-05-13,20,17.0,89,0.2,0.2,0.0,0.0,51,Light Drizzle,100,,9.0,19.8,Rain,62.6
2025-05-13T21:00,2025-05-13,21,16.5,90,0.4,0.4,0.0,0.0,51,Light Drizzle,100,,10.7,23.0,Rain,61.7
2025-05-13T22:00,2025-05-13,22,15.6,93,1.2,1.2,0.0,0.0,55,Dense Drizzle,100,,9.4,23.0,Rain,60.08
2025-05-13T23:00,2025-05-13,23,15.2,93,0.5,0.5,0.0,0.0,53,Moderate Drizzle,100,,10.1,20.9,Rain,59.36
2025-05-14T00:00,2025-05-14,0,14.9,93,0.2,0.2,0.0,0.0,51,Light Drizzle,100,,10.3,20.9,Rain,58.82
2025-05-14T01:00,2025-05-14,1,15.0,92,0.1,0.1,0.0,0.0,51,Light Drizzle,100,,10.8,22.0,Rain,59.0
2025-05-14T02:00,2025-05-14,2,15.4,90,0.0,0.0,0.0,0.0,3,Overcast,100,,10.3,22.3,Cloudy,59.72
2025-05-14T03:00,2025-05-14,3,15.4,89,0.0,0.0,0.0,0.0,3,Overcast,100,,10.5,21.6,Cloudy,59.72
2025-05-14T04:00,2025-05-14,4,15.2,89,0.0,0.0,0.0,0.0,3,Overcast,93,,10.7,22.7,Cloudy,59.36
2025-05-14T05:00,2025-05-14,5,15.1,89,0.0,0.0,0.0,0.0,3,Overcast,100,,11.5,24.8,Cloudy,59.18
2025-05-14T06:00,2025-05-14,6,15.8,88,0.0,0.0,0.0,0.0,3,Overcast,98,,13.4,28.4,Cloudy,60.440000000000005
2025-05-14T07:00,2025-05-14,7,17.1,84,0.0,0.0,0.0,0.0,3,Overcast,100,,11.2,33.8,Cloudy,62.78
2025-05-14T08:00,2025-05-14,8,16.2,87,0.8,0.8,0.0,0.0,53,Moderate Drizzle,100,,12.0,28.1,Rain,61.16
2025-05-14T09:00,2025-05-14,9,16.2,89,0.9,0.9,0.0,0.0,53,Moderate Drizzle,100,,11.1,27.7,Rain,61.16
2025-05-14T10:00,2025-05-14,10,16.2,93,2.9,2.9,0.0,0.0,63,Moderate Rain,100,,9.9,29.5,Rain,61.16
2025-05-14T11:00,2025-05-14,11,16.7,89,1.1,1.1,0.0,0.0,55,Dense Drizzle,100,,12.5,29.2,Rain,62.059999999999995
2025-05-14T12:00,2025-05-14,12,17.5,86,0.2,0.2,0.0,0.0,51,Light Drizzle,100,,15.7,38.5,Rain,63.5
2025-05-14T13:00,2025-05-14,13,19.2,79,0.3,0.3,0.0,0.0,51,Light Drizzle,100,,17.1,44.3,Rain,66.56
2025-05-14T14:00,2025-05-14,14,18.9,79,1.6,1.6,0.0,0.0,61,Slight Rain,100,,14.0,40.3,Rain,66.02
2025-05-14T15:00,2025-05-14,15,17.9,86,10.7,10.7,0.0,0.0,65,Heavy Rain,100,,13.8,31.0,Rain,64.22
2025-05-14T16:00,2025-05-14,16,16.9,89,4.2,4.2,0.0,0.0,63,Moderate Rain,100,,15.3,37.4,Rain,62.42
2025-05-14T17:00,2025-05-14,17,16.5,90,1.5,1.5,0.0,0.0,61,Slight Rain,100,,12.8,34.2,Rain,61.7
2025-05-14T18:00,2025-05-14,18,16.3,91,0.5,0.5,0.0,0.0,53,Moderate Drizzle,100,,14.7,28.8,Rain,61.34
2025-05-14T19:00,2025-05-14,19,15.8,92,0.5,0.5,0.0,0.0,53,Moderate Drizzle,98,,14.1,31.3,Rain,60.440000000000005
2025-05-14T20:00,2025-05-14,20,16.4,91,0.2,0.2,0.0,0.0,51,Light Drizzle,100,,9.4,27.0,Rain,61.519999999999996
2025-05-14T21:00,2025-05-14,21,16.2,92,0.3,0.3,0.0,0.0,51,Light Drizzle,98,,8.6,20.2,Rain,61.16
2025-05-14T22:00,2025-05-14,22,16.1,94,0.0,0.0,0.0,0.0,3,Overcast,100,,7.6,18.0,Cloudy,60.980000000000004
2025-05-14T23:00,2025-05-14,23,16.0,96,0.0,0.0,0.0,0.0,3,Overcast,100,,6.6,16.2,Cloudy,60.8
2025-05-15T00:00,2025-05-15,0,15.9,97,0.0,0.0,0.0,0.0,3,Overcast,100,,6.5,15.5,Cloudy,60.62
2025-05-15T01:00,2025-05-15,1,15.9,97,0.0,0.0,0.0,0.0,3,Overcast,100,,5.2,15.1,Cloudy,60.62
2025-05-15T02:00,2025-05-15,2,15.8,97,0.0,0.0,0.0,0.0,3,Overcast,100,,6.5,14.8,Cloudy,60.440000000000005
2025-05-15T03:00,2025-05-15,3,15.7,97,0.0,0.0,0.0,0.0,3,Overcast,100,,7.5,17.3,Cloudy,60.26
2025-05-15T04:00,2025-05-15,4,15.6,97,0.1,0.1,0.0,0.0,51,Light Drizzle,100,,5.8,17.6,Rain,60.08
2025-05-15T05:00,2025-05-15,5,15.6,96,0.1,0.1,0.0,0.0,51,Light Drizzle,100,,5.2,13.3,Rain,60.08
2025-05-15T06:00,2025-05-15,6,15.8,95,0.1,0.1,0.0,0.0,51,Light Drizzle,100,,6.5,15.5,Rain,60.440000000000005
2025-05-15T07:00,2025-05-15,7,16.1,94,0.0,0.0,0.0,0.0,3,Overcast,100,,7.9,19.1,Cloudy,60.980000000000004
2025-05-15T08:00,2025-05-15,8,18.2,90,0.0,0.0,0.0,0.0,3,Overcast,100,,7.5,22.3,Cloudy,64.75999999999999
2025-05-15T09:00,2025-05-15,9,19.6,85,0.3,0.3,0.0,0.0,51,Light Drizzle,99,,6.2,20.5,Rain,67.28
2025-05-15T10:00,2025-05-15,10,21.0,81,0.0,0.0,0.0,0.0,3,Overcast,100,,3.9,20.2,Cloudy,69.8
2025-05-15T11:00,2025-05-15,11,22.1,79,0.1,0.1,0.0,0.0,51,Light Drizzle,100,,2.5,17.6,Rain,71.78
2025-05-15T12:00,2025-05-15,12,23.0,77,0.0,0.0,0.0,0.0,3,Overcast,100,,6.9,25.2,Cloudy,73.4
2025-05-15T13:00,2025-05-15,13,21.5,78,3.4,3.4,0.0,0.0,63,Moderate Rain,100,,10.9,31.0,Rain,70.7
2025-05-15T14:00,2025-05-15,14,20.5,85,0.0,0.0,0.0,0.0,3,Overcast,94,,7.9,29.2,Cloudy,68.9
2025-05-15T15:00,2025-05-15,15,22.1,78,0.0,0.0,0.0,0.0,3,Overcast,96,,8.3,23.4,Cloudy,71.78
2025-05-15T16:00,2025-05-15,16,22.3,77,0.0,0.0,0.0,0.0,3,Overcast,93,,6.2,23.8,Cloudy,72.14
2025-05-15T17:00,2025-05-15,17,22.0,78,0.0,0.0,0.0,0.0,3,Overcast,85,,6.1,20.2,Cloudy,71.6
2025-05-15T18:00,2025-05-15,18,20.5,85,0.0,0.0,0.0,0.0,3,Overcast,94,,7.3,18.4,Cloudy,68.9
2025-05-15T19:00,2025-05-15,19,18.1,93,0.0,0.0,0.0,0.0,3,Overcast,100,,7.8,18.4,Cloudy,64.58
2025-05-15T20:00,2025-05-15,20,16.9,97,0.0,0.0,0.0,0.0,3,Overcast,98,,5.7,19.1,Cloudy,62.42
2025-05-15T21:00,2025-05-15,21,16.4,98,0.0,0.0,0.0,0.0,3,Overcast,100,,5.2,13.0,Cloudy,61.519999999999996
2025-05-15T22:00,2025-05-15,22,15.9,99,0.0,0.0,0.0,0.0,3,Overcast,100,,5.4,13.3,Cloudy,60.62
2025-05-15T23:00,2025-05-15,23,15.6,99,0.0,0.0,0.0,0.0,3,Overcast,100,,5.0,13.3,Cloudy,60.08
2025-05-16T00:00,2025-05-16,0,15.4,99,0.0,0.0,0.0,0.0,3,Overcast,100,,5.1,14.0,Cloudy,59.72
2025-05-16T01:00,2025-05-16,1,15.2,99,0.0,0.0,0.0,0.0,3,Overcast,100,,3.4,13.7,Cloudy,59.36
2025-05-16T02:00,2025-05-16,2,15.2,99,0.0,0.0,0.0,0.0,3,Overcast,100,,2.2,10.4,Cloudy,59.36
2025-05-16T03:00,2025-05-16,3,15.2,99,0.0,0.0,0.0,0.0,3,Overcast,100,,1.8,8.3,Cloudy,59.36
2025-05-16T04:00,2025-05-16,4,15.4,99,0.0,0.0,0.0,0.0,3,Overcast,100,,0.7,7.9,Cloudy,59.72
2025-05-16T05:00,2025-05-16,5,15.5,99,0.0,0.0,0.0,0.0,3,Overcast,100,,2.5,7.6,Cloudy,59.9
2025-05-16T06:00,2025-05-16,6,15.9,99,0.0,0.0,0.0,0.0,3,Overcast,100,,1.0,9.0,Cloudy,60.62
2025-05-16T07:00,2025-05-16,7,16.4,98,0.0,0.0,0.0,0.0,3,Overcast,100,,2.7,11.2,Cloudy,61.519999999999996
2025-05-16T08:00,2025-05-16,8,17.7,98,0.0,0.0,0.0,0.0,3,Overcast,100,,5.7,16.6,Cloudy,63.86
2025-05-16T09:00,2025-05-16,9,19.7,87,0.1,0.1,0.0,0.0,51,Light Drizzle,100,,5.0,18.0,Rain,67.46
2025-05-16T10:00,2025-05-16,10,21.2,79,0.0,0.0,0.0,0.0,3,Overcast,100,,7.1,20.5,Cloudy,70.16
2025-05-16T11:00,2025-05-16,11,22.4,75,0.0,0.0,0.0,0.0,3,Overcast,100,,8.2,22.0,Cloudy,72.32
2025-05-16T12:00,2025-05-16,12,21.9,81,0.6,0.6,0.0,0.0,53,Moderate Drizzle,100,,8.2,23.4,Rain,71.42
2025-05-16T13:00,2025-05-16,13,21.6,84,0.2,0.2,0.0,0.0,51,Light Drizzle,92,,10.3,26.3,Rain,70.88
2025-05-16T14:00,2025-05-16,14,21.2,84,0.0,0.0,0.0,0.0,3,Overcast,100,,13.4,38.9,Cloudy,70.16
2025-05-16T15:00,2025-05-16,15,19.6,88,0.0,0.0,0.0,0.0,3,Overcast,96,,6.7,34.6,Cloudy,67.28
2025-05-16T16:00,2025-05-16,16,19.9,89,0.0,0.0,0.0,0.0,3,Overcast,100,,7.3,21.2,Cloudy,67.82
2025-05-16T17:00,2025-05-16,17,19.2,91,0.0,0.0,0.0,0.0,3,Overcast,100,,7.7,20.9,Cloudy,66.56
2025-05-16T18:00,2025-05-16,18,19.0,91,0.0,0.0,0.0,0.0,3,Overcast,100,,7.0,20.5,Cloudy,66.2
2025-05-16T19:00,2025-05-16,19,18.2,93,0.0,0.0,0.0,0.0,3,Overcast,100,,7.7,17.6,Cloudy,64.75999999999999
2025-05-16T20:00,2025-05-16,20,17.6,98,0.0,0.0,0.0,0.0,3,Overcast,100,,8.1,18.0,Cloudy,63.68
2025-05-16T21:00,2025-05-16,21,17.5,98,0.0,0.0,0.0,0.0,3,Overcast,100,,6.1,17.3,Cloudy,63.5
2025-05-16T22:00,2025-05-16,22,17.5,98,0.0,0.0,0.0,0.0,3,Overcast,100,,6.4,15.8,Cloudy,63.5
2025-05-16T23:00,2025-05-16,23,17.6,97,0.0,0.0,0.0,0.0,3,Overcast,92,,3.8,11.5,Cloudy,63.68
2025-05-17T00:00,2025-05-17,0,17.3,100,0.0,0.0,0.0,0.0,3,Overcast,100,,3.6,8.6,Cloudy,63.14
2025-05-17T01:00,2025-05-17,1,18.0,100,0.0,0.0,0.0,0.0,3,Overcast,100,,5.8,10.1,Cloudy,64.4
2025-05-17T02:00,2025-05-17,2,18.6,100,0.0,0.0,0.0,0.0,3,Overcast,100,,6.5,15.5,Cloudy,65.48
2025-05-17T03:00,2025-05-17,3,19.0,98,0.0,0.0,0.0,0.0,3,Overcast,100,,6.9,15.8,Cloudy,66.2
2025-05-17T04:00,2025-05-17,4,18.5,98,0.0,0.0,0.0,0.0,3,Overcast,100,,5.9,13.3,Cloudy,65.3
2025-05-17T05:00,2025-05-17,5,18.0,98,0.0,0.0,0.0,0.0,3,Overcast,100,,5.8,12.2,Cloudy,64.4
2025-05-17T06:00,2025-05-17,6,18.9,94,0.0,0.0,0.0,0.0,3,Overcast,100,,6.9,13.7,Cloudy,66.02
2025-05-17T07:00,2025-05-17,7,20.2,90,0.0,0.0,0.0,0.0,3,Overcast,100,,6.4,16.9,Cloudy,68.36
2025-05-17T08:00,2025-05-17,8,21.7,85,0.0,0.0,0.0,0.0,3,Overcast,100,,7.2,19.8,Cloudy,71.06
2025-05-17T09:00,2025-05-17,9,21.2,83,1.6,1.6,0.0,0.0,61,Slight Rain,100,,19.2,43.9,Rain,70.16
2025-05-17T10:00,2025-05-17,10,20.5,85,0.4,0.4,0.0,0.0,51,Light Drizzle,69,,7.9,47.5,Rain,68.9
2025-05-17T11:00,2025-05-17,11,24.1,72,0.0,0.0,0.0,0.0,0,Clear,2,,9.4,26.3,Clear,75.38
2025-05-17T12:00,2025-05-17,12,24.5,72,0.0,0.0,0.0,0.0,0,Clear,7,,13.2,36.7,Clear,76.1
2025-05-17T13:00,2025-05-17,13,26.1,66,0.0,0.0,0.0,0.0,1,Mainly Clear,21,,12.6,43.2,Clear,78.98
2025-05-17T14:00,2025-05-17,14,26.1,63,0.0,0.0,0.0,0.0,1,Mainly Clear,33,,12.3,42.8,Clear,78.98
2025-05-17T15:00,2025-05-17,15,25.9,64,0.5,0.5,0.0,0.0,53,Moderate Drizzle,38,,8.9,37.8,Rain,78.62
2025-05-17T16:00,2025-05-17,16,26.8,49,0.0,0.0,0.0,0.0,0,Clear,9,,13.0,31.3,Clear,80.24000000000001
2025-05-17T17:00,2025-05-17,17,25.9,51,0.0,0.0,0.0,0.0,1,Mainly Clear,29,,19.0,44.3,Clear,78.62
2025-05-17T18:00,2025-05-17,18,24.9,57,0.0,0.0,0.0,0.0,1,Mainly Clear,30,,12.9,42.5,Clear,76.82
2025-05-17T19:00,2025-05-17,19,23.5,62,0.0,0.0,0.0,0.0,1,Mainly Clear,28,,9.4,28.4,Clear,74.3
2025-05-17T20:00,2025-05-17,20,22.6,65,0.0,0.0,0.0,0.0,1,Mainly Clear,36,,6.1,24.5,Clear,72.68
2025-05-17T21:00,2025-05-17,21,22.0,61,0.0,0.0,0.0,0.0,1,Mainly Clear,44,,14.6,32.4,Clear,71.6
2025-05-17T22:00,2025-05-17,22,20.0,67,0.0,0.0,0.0,0.0,3,Overcast,100,,12.6,33.5,Cloudy,68.0
2025-05-17T23:00,2025-05-17,23,19.2,69,0.0,0.0,0.0,0.0,0,Clear,3,,10.7,28.1,Clear,66.56
2025-05-18T00:00,2025-05-18,0,17.5,76,0.0,0.0,0.0,0.0,0,Clear,6,,5.1,23.8,Clear,63.5
2025-05-18T01:00,2025-05-18,1,17.0,75,0.0,0.0,0.0,0.0,0,Clear,5,,7.1,14.8,Clear,62.6
2025-05-18T02:00,2025-05-18,2,16.6,72,0.0,0.0,0.0,0.0,0,Clear,1,,8.7,19.1,Clear,61.88
2025-05-18T03:00,2025-05-18,3,15.9,70,0.0,0.0,0.0,0.0,0,Clear,0,,11.9,25.9,Clear,60.62
2025-05-18T04:00,2025-05-18,4,15.4,68,0.0,0.0,0.0,0.0,0,Clear,0,,12.8,28.4,Clear,59.72
2025-05-18T05:00,2025-05-18,5,14.9,68,0.0,0.0,0.0,0.0,0,Clear,0,,13.3,29.2,Clear,58.82
2025-05-18T06:00,2025-05-18,6,15.4,67,0.0,0.0,0.0,0.0,0,Clear,0,,13.9,32.8,Clear,59.72
2025-05-18T07:00,2025-05-18,7,16.4,64,0.0,0.0,0.0,0.0,0,Clear,4,,15.7,35.3,Clear,61.519999999999996
2025-05-18T08:00,2025-05-18,8,18.8,55,0.0,0.0,0.0,0.0,0,Clear,1,,17.3,40.7,Clear,65.84
2025-05-18T09:00,2025-05-18,9,19.8,53,0.0,0.0,0.0,0.0,0,Clear,8,,18.6,44.3,Clear,67.64
2025-05-18T10:00,2025-05-18,10,21.0,49,0.0,0.0,0.0,0.0,3,Overcast,100,,24.9,54.4,Cloudy,69.8
2025-05-18T11:00,2025-05-18,11,21.1,48,0.0,0.0,0.0,0.0,3,Overcast,91,,22.7,58.0,Cloudy,69.98
2025-05-18T12:00,2025-05-18,12,21.5,47,0.0,0.0,0.0,0.0,2,Partly Cloudy,50,,23.3,64.4,Cloudy,70.7
2025-05-18T13:00,2025-05-18,13,22.4,46,0.0,0.0,0.0,0.0,1,Mainly Clear,31,,20.6,58.3,Clear,72.32
2025-05-18T14:00,2025-05-18,14,23.1,45,0.1,0.1,0.0,0.0,51,Light Drizzle,48,,18.1,51.5,Rain,73.58
2025-05-18T15:00,2025-05-18,15,22.8,49,0.2,0.2,0.0,0.0,51,Light Drizzle,36,,18.2,45.7,Rain,73.04
2025-05-18T16:00,2025-05-18,16,22.1,52,0.2,0.2,0.0,0.0,51,Light Drizzle,60,,20.5,47.5,Rain,71.78
2025-05-18T17:00,2025-05-18,17,21.6,56,0.0,0.0,0.0,0.0,1,Mainly Clear,35,,13.9,45.7,Clear,70.88
2025-05-18T18:00,2025-05-18,18,21.2,55,0.0,0.0,0.0,0.0,0,Clear,16,,15.8,39.2,Clear,70.16
2025-05-18T19:00,2025-05-18,19,19.9,62,0.0,0.0,0.0,0.0,0,Clear,15,,12.0,35.6,Clear,67.82
2025-05-18T20:00,2025-05-18,20,19.0,61,0.0,0.0,0.0,0.0,0,Clear,6,,13.8,30.6,Clear,66.2
2025-05-18T21:00,2025-05-18,21,18.0,64,0.0,0.0,0.0,0.0,0,Clear,15,,16.8,38.5,Clear,64.4
2025-05-18T22:00,2025-05-18,22,16.9,70,0.0,0.0,0.0,0.0,2,Partly Cloudy,51,,17.0,38.5,Cloudy,62.42
2025-05-18T23:00,2025-05-18,23,16.0,71,0.0,0.0,0.0,0.0,3,Overcast,88,,17.4,39.2,Cloudy,60.8
2025-05-19T00:00,2025-05-19,0,15.1,69,0.0,0.0,0.0,0.0,2,Partly Cloudy,51,,18.5,43.6,Cloudy,59.18
2025-05-19T01:00,2025-05-19,1,14.3,70,0.0,0.0,0.0,0.0,2,Partly Cloudy,63,,18.8,43.2,Cloudy,57.74
2025-05-19T02:00,2025-05-19,2,13.7,70,0.0,0.0,0.0,0.0,1,Mainly Clear,31,,18.3,43.6,Clear,56.66
2025-05-19T03:00,2025-05-19,3,13.2,70,0.0,0.0,0.0,0.0,0,Clear,10,,17.6,41.8,Clear,55.76
2025-05-19T04:00,2025-05-19,4,12.5,72,0.0,0.0,0.0,0.0,0,Clear,17,,16.9,40.0,Clear,54.5
2025-05-19T05:00,2025-05-19,5,12.1,72,0.0,0.0,0.0,0.0,0,Clear,12,,17.2,38.9,Clear,53.78
2025-05-19T06:00,2025-05-19,6,12.5,69,0.0,0.0,0.0,0.0,0,Clear,4,,17.8,39.6,Clear,54.5
2025-05-19T07:00,2025-05-19,7,13.2,64,0.0,0.0,0.0,0.0,0,Clear,2,,17.3,41.8,Clear,55.76
2025-05-19T08:00,2025-05-19,8,15.3,59,0.0,0.0,0.0,0.0,0,Clear,1,,17.7,45.7,Clear,59.540000000000006
2025-05-19T09:00,2025-05-19,9,16.2,56,0.0,0.0,0.0,0.0,0,Clear,1,,17.6,43.9,Clear,61.16
2025-05-19T10:00,2025-05-19,10,17.2,53,0.0,0.0,0.0,0.0,0,Clear,2,,17.1,43.9,Clear,62.959999999999994
2025-05-19T11:00,2025-05-19,11,18.5,49,0.0,0.0,0.0,0.0,0,Clear,1,,17.7,44.6,Clear,65.3
2025-05-19T12:00,2025-05-19,12,19.4,46,0.0,0.0,0.0,0.0,0,Clear,19,,18.2,46.8,Clear,66.92
2025-05-19T13:00,2025-05-19,13,20.1,43,0.0,0.0,0.0,0.0,3,Overcast,88,,18.5,46.1,Cloudy,68.18
2025-05-19T14:00,2025-05-19,14,19.8,42,0.0,0.0,0.0,0.0,0,Clear,16,,19.8,47.9,Clear,67.64
2025-05-19T15:00,2025-05-19,15,20.1,41,0.0,0.0,0.0,0.0,0,Clear,12,,20.0,49.0,Clear,68.18
2025-05-19T16:00,2025-05-19,16,19.2,41,0.0,0.0,0.0,0.0,0,Clear,17,,20.9,50.0,Clear,66.56
2025-05-19T17:00,2025-05-19,17,18.4,42,0.0,0.0,0.0,0.0,0,Clear,1,,21.4,49.7,Clear,65.12
2025-05-19T18:00,2025-05-19,18,17.0,46,0.0,0.0,0.0,0.0,0,Clear,1,,21.8,49.7,Clear,62.6
2025-05-19T19:00,2025-05-19,19,15.3,51,0.0,0.0,0.0,0.0,0,Clear,1,,19.3,49.0,Clear,59.540000000000006
2025-05-19T20:00,2025-05-19,20,16.0,42,0.0,0.0,0.0,0.0,0,Clear,0,,17.2,39.2,Clear,60.8
2025-05-19T21:00,2025-05-19,21,14.0,48,0.0,0.0,0.0,0.0,0,Clear,0,,18.9,43.9,Clear,57.2
2025-05-19T22:00,2025-05-19,22,12.3,54,0.0,0.0,0.0,0.0,0,Clear,2,,17.8,43.2,Clear,54.14
2025-05-19T23:00,2025-05-19,23,11.2,59,0.0,0.0,0.0,0.0,0,Clear,9,,15.2,40.7,Clear,52.16
2025-05-20T00:00,2025-05-20,0,10.6,63,0.0,0.0,0.0,0.0,0,Clear,10,,12.1,34.6,Clear,51.08
2025-05-20T01:00,2025-05-20,1,10.1,66,0.0,0.0,0.0,0.0,0,Clear,1,,10.1,27.7,Clear,50.18
2025-05-20T02:00,2025-05-20,2,9.6,68,0.0,0.0,0.0,0.0,0,Clear,3,,10.3,24.5,Clear,49.28
2025-05-20T03:00,2025-05-20,3,9.2,70,0.0,0.0,0.0,0.0,0,Clear,0,,9.7,24.1,Clear,48.56
2025-05-20T04:00,2025-05-20,4,8.8,71,0.0,0.0,0.0,0.0,0,Clear,1,,8.4,22.3,Clear,47.84
2025-05-20T05:00,2025-05-20,5,8.6,71,0.0,0.0,0.0,0.0,0,Clear,2,,9.0,21.2,Clear,47.48
2025-05-20T06:00,2025-05-20,6,9.2,66,0.0,0.0,0.0,0.0,0,Clear,2,,10.7,24.8,Clear,48.56
2025-05-20T07:00,2025-05-20,7,10.2,60,0.0,0.0,0.0,0.0,0,Clear,1,,12.1,30.6,Clear,50.36
2025-05-20T08:00,2025-05-20,8,12.1,54,0.0,0.0,0.0,0.0,0,Clear,0,,10.7,30.6,Clear,53.78
2025-05-20T09:00,2025-05-20,9,13.5,51,0.0,0.0,0.0,0.0,0,Clear,0,,10.2,29.5,Clear,56.3
2025-05-20T10:00,2025-05-20,10,14.9,49,0.0,0.0,0.0,0.0,0,Clear,3,,11.0,32.0,Clear,58.82
2025-05-20T11:00,2025-05-20,11,17.6,42,0.0,0.0,0.0,0.0,3,Overcast,100,,12.4,34.6,Cloudy,63.68
2025-05-20T12:00,2025-05-20,12,18.0,43,0.0,0.0,0.0,0.0,3,Overcast,89,,11.8,34.6,Cloudy,64.4
2025-05-20T13:00,2025-05-20,13,18.4,43,0.0,0.0,0.0,0.0,3,Overcast,88,,11.4,33.8,Cloudy,65.12
2025-05-20T14:00,2025-05-20,14,18.5,43,0.0,0.0,0.0,0.0,3,Overcast,93,,12.6,33.8,Cloudy,65.3
2025-05-20T15:00,2025-05-20,15,18.6,44,0.0,0.0,0.0,0.0,3,Overcast,100,,11.9,33.8,Cloudy,65.48
2025-05-20T16:00,2025-05-20,16,18.4,45,0.0,0.0,0.0,0.0,1,Mainly Clear,47,,12.1,31.7,Clear,65.12
2025-05-20T17:00,2025-05-20,17,18.0,47,0.0,0.0,0.0,0.0,2,Partly Cloudy,67,,12.4,31.7,Cloudy,64.4
2025-05-20T18:00,2025-05-20,18,16.8,52,0.0,0.0,0.0,0.0,3,Overcast,85,,11.4,31.0,Cloudy,62.24
2025-05-20T19:00,2025-05-20,19,15.4,57,0.0,0.0,0.0,0.0,1,Mainly Clear,37,,11.2,28.1,Clear,59.72
2025-05-20T20:00,2025-05-20,20,15.6,58,0.0,0.0,0.0,0.0,0,Clear,13,,10.7,27.4,Clear,60.08
2025-05-20T21:00,2025-05-20,21,14.9,62,0.0,0.0,0.0,0.0,1,Mainly Clear,34,,6.7,23.8,Clear,58.82
2025-05-20T22:00,2025-05-20,22,14.2,67,0.0,0.0,0.0,0.0,3,Overcast,100,,5.8,15.5,Cloudy,57.56
2025-05-20T23:00,2025-05-20,23,13.6,76,0.0,0.0,0.0,0.0,3,Overcast,100,,2.9,13.0,Cloudy,56.48
2025-05-21T00:00,2025-05-21,0,13.8,77,0.0,0.0,0.0,0.0,3,Overcast,100,,2.7,6.8,Cloudy,56.84
2025-05-21T01:00,2025-05-21,1,14.0,73,0.0,0.0,0.0,0.0,3,Overcast,100,,4.5,9.7,Cloudy,57.2
2025-05-21T02:00,2025-05-21,2,13.9,69,0.0,0.0,0.0,0.0,3,Overcast,100,,8.9,19.8,Cloudy,57.02
2025-05-21T03:00,2025-05-21,3,13.6,71,0.0,0.0,0.0,0.0,3,Overcast,100,,10.9,24.8,Cloudy,56.48
2025-05-21T04:00,2025-05-21,4,13.1,75,0.0,0.0,0.0,0.0,3,Overcast,100,,12.0,27.0,Cloudy,55.58
2025-05-21T05:00,2025-05-21,5,12.4,80,0.0,0.0,0.0,0.0,3,Overcast,100,,11.3,31.0,Cloudy,54.32
2025-05-21T06:00,2025-05-21,6,12.4,78,0.0,0.0,0.0,0.0,3,Overcast,100,,11.2,28.1,Cloudy,54.32
2025-05-21T07:00,2025-05-21,7,12.1,78,0.0,0.0,0.0,0.0,3,Overcast,100,,10.0,26.6,Cloudy,53.78
2025-05-21T08:00,2025-05-21,8,11.9,76,0.2,0.2,0.0,0.0,51,Light Drizzle,100,,11.0,27.7,Rain,53.42
2025-05-21T09:00,2025-05-21,9,11.9,75,0.4,0.4,0.0,0.0,51,Light Drizzle,100,,11.4,27.4,Rain,53.42
2025-05-21T10:00,2025-05-21,10,12.4,71,0.4,0.4,0.0,0.0,51,Light Drizzle,100,,14.7,33.5,Rain,54.32
2025-05-21T11:00,2025-05-21,11,13.0,68,0.4,0.4,0.0,0.0,51,Light Drizzle,100,,15.0,37.4,Rain,55.4
2025-05-21T12:00,2025-05-21,12,12.6,69,0.4,0.4,0.0,0.0,51,Light Drizzle,100,,14.9,36.4,Rain,54.68
2025-05-21T13:00,2025-05-21,13,12.6,70,0.5,0.5,0.0,0.0,53,Moderate Drizzle,100,,18.1,42.5,Rain,54.68
2025-05-21T14:00,2025-05-21,14,12.6,69,0.8,0.8,0.0,0.0,53,Moderate Drizzle,100,,16.9,42.1,Rain,54.68
2025-05-21T15:00,2025-05-21,15,12.6,68,0.1,0.1,0.0,0.0,51,Light Drizzle,100,,15.7,41.4,Rain,54.68
2025-05-21T16:00,2025-05-21,16,12.1,68,0.1,0.1,0.0,0.0,51,Light Drizzle,100,,16.2,38.5,Rain,53.78
2025-05-21T17:00,2025-05-21,17,11.6,70,0.0,0.0,0.0,0.0,3,Overcast,100,,15.4,39.2,Cloudy,52.879999999999995
2025-05-21T18:00,2025-05-21,18,11.2,72,0.0,0.0,0.0,0.0,3,Overcast,100,,16.7,37.8,Cloudy,52.16
2025-05-21T19:00,2025-05-21,19,10.8,75,0.0,0.0,0.0,0.0,3,Overcast,100,,16.2,40.7,Cloudy,51.44
2025-05-21T20:00,2025-05-21,20,10.1,78,0.4,0.4,0.0,0.0,51,Light Drizzle,100,,12.3,38.5,Rain,50.18
2025-05-21T21:00,2025-05-21,21,9.8,80,0.2,0.2,0.0,0.0,51,Light Drizzle,100,,10.5,27.7,Rain,49.64
2025-05-21T22:00,2025-05-21,22,9.6,82,0.1,0.1,0.0,0.0,51,Light Drizzle,100,,9.3,23.0,Rain,49.28
2025-05-21T23:00,2025-05-21,23,9.4,85,0.1,0.1,0.0,0.0,51,Light Drizzle,100,,9.2,23.0,Rain,48.92
2025-05-22T00:00,2025-05-22,0,9.6,86,0.5,0.5,0.0,0.0,53,Moderate Drizzle,100,,7.7,21.2,Rain,49.28
2025-05-22T01:00,2025-05-22,1,9.6,93,3.3,3.3,0.0,0.0,63,Moderate Rain,100,,11.5,23.8,Rain,49.28
2025-05-22T02:00,2025-05-22,2,9.4,94,2.8,2.8,0.0,0.0,63,Moderate Rain,100,,16.3,33.1,Rain,48.92
2025-05-22T03:00,2025-05-22,3,9.6,94,1.6,1.6,0.0,0.0,61,Slight Rain,100,,15.3,38.9,Rain,49.28
2025-05-22T04:00,2025-05-22,4,9.6,94,1.7,1.7,0.0,0.0,61,Slight Rain,100,,10.5,32.0,Rain,49.28
2025-05-22T05:00,2025-05-22,5,9.6,94,2.8,2.8,0.0,0.0,63,Moderate Rain,100,,11.0,22.7,Rain,49.28
2025-05-22T06:00,2025-05-22,6,9.4,94,2.7,2.7,0.0,0.0,63,Moderate Rain,100,,14.4,30.6,Rain,48.92
2025-05-22T07:00,2025-05-22,7,9.5,94,2.5,2.5,0.0,0.0,63,Moderate Rain,100,,14.8,32.4,Rain,49.1
2025-05-22T08:00,2025-05-22,8,10.2,87,0.7,0.7,0.0,0.0,53,Moderate Drizzle,100,,12.1,28.8,Rain,50.36
2025-05-22T09:00,2025-05-22,9,11.1,80,0.4,0.4,0.0,0.0,51,Light Drizzle,100,,18.9,40.7,Rain,51.98
2025-05-22T10:00,2025-05-22,10,11.2,81,0.1,0.1,0.0,0.0,51,Light Drizzle,100,,18.6,42.8,Rain,52.16
2025-05-22T11:00,2025-05-22,11,11.6,81,0.1,0.1,0.0,0.0,51,Light Drizzle,100,,20.4,47.2,Rain,52.879999999999995
2025-05-22T12:00,2025-05-22,12,12.2,78,0.1,0.1,0.0,0.0,51,Light Drizzle,100,,16.6,46.4,Rain,53.96
2025-05-22T13:00,2025-05-22,13,12.1,77,0.0,0.0,0.0,0.0,3,Overcast,100,,16.1,40.0,Cloudy,53.78
2025-05-22T14:00,2025-05-22,14,12.0,77,0.0,0.0,0.0,0.0,3,Overcast,100,,14.1,39.2,Cloudy,53.6
2025-05-22T15:00,2025-05-22,15,12.6,75,0.0,0.0,0.0,0.0,3,Overcast,100,,12.1,32.8,Cloudy,54.68
2025-05-22T16:00,2025-05-22,16,12.1,78,0.2,0.2,0.0,0.0,51,Light Drizzle,100,,9.3,29.5,Rain,53.78
2025-05-22T17:00,2025-05-22,17,11.9,80,1.0,1.0,0.0,0.0,55,Dense Drizzle,100,,8.8,20.9,Rain,53.42
2025-05-22T18:00,2025-05-22,18,10.9,90,1.4,1.4,0.0,0.0,61,Slight Rain,100,,8.7,20.2,Rain,51.620000000000005
2025-05-22T19:00,2025-05-22,19,10.6,89,0.3,0.3,0.0,0.0,51,Light Drizzle,100,,8.9,18.7,Rain,51.08
2025-05-22T20:00,2025-05-22,20,9.6,89,0.4,0.4,0.0,0.0,51,Light Drizzle,100,,7.9,16.2,Rain,49.28
2025-05-22T21:00,2025-05-22,21,9.3,88,0.1,0.1,0.0,0.0,51,Light Drizzle,100,,8.6,18.0,Rain,48.74
2025-05-22T22:00,2025-05-22,22,9.0,87,0.0,0.0,0.0,0.0,3,Overcast,100,,7.0,17.6,Cloudy,48.2
2025-05-22T23:00,2025-05-22,23,8.9,86,0.0,0.0,0.0,0.0,3,Overcast,100,,6.4,15.5,Cloudy,48.02
2025-05-23T00:00,2025-05-23,0,8.9,86,0.0,0.0,0.0,0.0,3,Overcast,100,,4.9,13.7,Cloudy,48.02
2025-05-23T01:00,2025-05-23,1,8.8,88,0.0,0.0,0.0,0.0,3,Overcast,100,,4.6,11.2,Cloudy,47.84
2025-05-23T02:00,2025-05-23,2,8.8,88,0.0,0.0,0.0,0.0,3,Overcast,100,,4.0,11.2,Cloudy,47.84
2025-05-23T03:00,2025-05-23,3,8.8,88,0.0,0.0,0.0,0.0,3,Overcast,100,,3.1,10.1,Cloudy,47.84
2025-05-23T04:00,2025-05-23,4,8.8,88,0.1,0.1,0.0,0.0,51,Light Drizzle,100,,2.5,7.6,Rain,47.84
2025-05-23T05:00,2025-05-23,5,8.8,86,0.2,0.2,0.0,0.0,51,Light Drizzle,100,,2.5,6.8,Rain,47.84
2025-05-23T06:00,2025-05-23,6,9.0,88,0.0,0.0,0.0,0.0,3,Overcast,100,,1.5,6.8,Cloudy,48.2
2025-05-23T07:00,2025-05-23,7,9.4,86,0.0,0.0,0.0,0.0,3,Overcast,100,,2.4,8.3,Cloudy,48.92
2025-05-23T08:00,2025-05-23,8,9.9,85,0.0,0.0,0.0,0.0,2,Partly Cloudy,79,,4.0,12.2,Cloudy,49.82
2025-05-23T09:00,2025-05-23,9,11.8,79,0.0,0.0,0.0,0.0,3,Overcast,100,,9.1,24.1,Cloudy,53.24
2025-05-23T10:00,2025-05-23,10,13.1,75,0.1,0.1,0.0,0.0,51,Light Drizzle,100,,9.0,24.5,Rain,55.58
2025-05-23T11:00,2025-05-23,11,13.9,67,0.0,0.0,0.0,0.0,3,Overcast,100,,11.7,28.1,Cloudy,57.02
2025-05-23T12:00,2025-05-23,12,14.9,63,0.1,0.1,0.0,0.0,51,Light Drizzle,100,,13.7,32.8,Rain,58.82
2025-05-23T13:00,2025-05-23,13,15.1,62,0.1,0.1,0.0,0.0,51,Light Drizzle,57,,13.9,33.8,Rain,59.18
2025-05-23T14:00,2025-05-23,14,15.9,60,0.1,0.1,0.0,0.0,51,Light Drizzle,35,,13.3,34.2,Rain,60.62
2025-05-23T15:00,2025-05-23,15,16.6,56,0.1,0.1,0.0,0.0,51,Light Drizzle,33,,13.7,37.8,Rain,61.88
2025-05-23T16:00,2025-05-23,16,16.8,54,0.1,0.1,0.0,0.0,51,Light Drizzle,52,,11.5,34.2,Rain,62.24
2025-05-23T17:00,2025-05-23,17,16.1,59,0.4,0.4,0.0,0.0,51,Light Drizzle,51,,7.2,27.7,Rain,60.980000000000004
2025-05-23T18:00,2025-05-23,18,15.5,65,0.0,0.0,0.0,0.0,0,Clear,15,,2.2,20.9,Clear,59.9
2025-05-23T19:00,2025-05-23,19,12.6,86,1.9,1.9,0.0,0.0,61,Slight Rain,91,,3.5,14.4,Rain,54.68
2025-05-23T20:00,2025-05-23,20,11.4,93,0.0,0.0,0.0,0.0,1,Mainly Clear,47,,4.8,14.8,Clear,52.52
2025-05-23T21:00,2025-05-23,21,11.6,91,0.0,0.0,0.0,0.0,0,Clear,16,,6.0,11.9,Clear,52.879999999999995
2025-05-23T22:00,2025-05-23,22,11.6,86,0.0,0.0,0.0,0.0,1,Mainly Clear,33,,9.7,19.1,Clear,52.879999999999995
2025-05-23T23:00,2025-05-23,23,11.2,83,0.0,0.0,0.0,0.0,0,Clear,9,,8.8,21.2,Clear,52.16
2025-05-24T00:00,2025-05-24,0,10.6,85,0.0,0.0,0.0,0.0,0,Clear,8,,7.4,18.0,Clear,51.08
2025-05-24T01:00,2025-05-24,1,10.1,87,0.0,0.0,0.0,0.0,0,Clear,0,,7.8,16.2,Clear,50.18
2025-05-24T02:00,2025-05-24,2,9.6,87,0.0,0.0,0.0,0.0,0,Clear,0,,9.1,19.1,Clear,49.28
2025-05-24T03:00,2025-05-24,3,9.1,86,0.0,0.0,0.0,0.0,0,Clear,4,,10.1,21.2,Clear,48.379999999999995
2025-05-24T04:00,2025-05-24,4,8.7,84,0.0,0.0,0.0,0.0,0,Clear,0,,10.4,22.3,Clear,47.66
2025-05-24T05:00,2025-05-24,5,8.5,83,0.0,0.0,0.0,0.0,1,Mainly Clear,26,,11.1,23.4,Clear,47.3
2025-05-24T06:00,2025-05-24,6,9.4,82,0.0,0.0,0.0,0.0,1,Mainly Clear,40,,8.3,24.5,Clear,48.92
2025-05-24T07:00,2025-05-24,7,10.8,75,0.0,0.0,0.0,0.0,3,Overcast,100,,11.0,26.3,Cloudy,51.44
2025-05-24T08:00,2025-05-24,8,13.1,66,0.0,0.0,0.0,0.0,1,Mainly Clear,30,,11.5,29.2,Clear,55.58
2025-05-24T09:00,2025-05-24,9,14.5,60,0.0,0.0,0.0,0.0,1,Mainly Clear,43,,16.3,41.8,Clear,58.1
2025-05-24T10:00,2025-05-24,10,15.6,54,0.1,0.1,0.0,0.0,51,Light Drizzle,42,,15.3,41.4,Rain,60.08
2025-05-24T11:00,2025-05-24,11,16.3,54,0.0,0.0,0.0,0.0,2,Partly Cloudy,52,,15.3,40.7,Cloudy,61.34
2025-05-24T12:00,2025-05-24,12,17.0,52,0.0,0.0,0.0,0.0,2,Partly Cloudy,62,,16.5,42.5,Cloudy,62.6
2025-05-24T13:00,2025-05-24,13,17.0,51,0.0,0.0,0.0,0.0,3,Overcast,100,,17.9,44.3,Cloudy,62.6
2025-05-24T14:00,2025-05-24,14,16.8,53,0.4,0.4,0.0,0.0,51,Light Drizzle,90,,17.8,45.4,Rain,62.24
2025-05-24T15:00,2025-05-24,15,16.8,50,0.0,0.0,0.0,0.0,3,Overcast,100,,18.2,45.7,Cloudy,62.24
2025-05-24T16:00,2025-05-24,16,16.4,52,0.0,0.0,0.0,0.0,3,Overcast,94,,17.7,42.8,Cloudy,61.519999999999996
2025-05-24T17:00,2025-05-24,17,16.0,58,0.0,0.0,0.0,0.0,2,Partly Cloudy,58,,13.7,40.7,Cloudy,60.8
2025-05-24T18:00,2025-05-24,18,15.8,59,0.0,0.0,0.0,0.0,1,Mainly Clear,34,,15.0,40.7,Clear,60.440000000000005
2025-05-24T19:00,2025-05-24,19,14.6,64,0.0,0.0,0.0,0.0,1,Mainly Clear,27,,11.7,34.2,Clear,58.28
2025-05-24T20:00,2025-05-24,20,14.1,64,0.0,0.0,0.0,0.0,0,Clear,7,,12.7,31.0,Clear,57.379999999999995
2025-05-24T21:00,2025-05-24,21,13.2,68,0.0,0.0,0.0,0.0,1,Mainly Clear,31,,9.8,28.1,Clear,55.76
2025-05-24T22:00,2025-05-24,22,12.6,71,0.0,0.0,0.0,0.0,1,Mainly Clear,29,,9.2,21.6,Clear,54.68
2025-05-24T23:00,2025-05-24,23,12.1,74,0.0,0.0,0.0,0.0,2,Partly Cloudy,78,,9.3,20.5,Cloudy,53.78
2025-05-25T00:00,2025-05-25,0,11.7,75,0.0,0.0,0.0,0.0,2,Partly Cloudy,51,,8.8,20.2,Cloudy,53.06
2025-05-25T01:00,2025-05-25,1,11.4,75,0.0,0.0,0.0,0.0,1,Mainly Clear,47,,9.7,21.6,Clear,52.52
2025-05-25T02:00,2025-05-25,2,10.9,78,0.0,0.0,0.0,0.0,2,Partly Cloudy,65,,10.2,22.0,Cloudy,51.620000000000005
2025-05-25T03:00,2025-05-25,3,10.6,80,0.0,0.0,0.0,0.0,1,Mainly Clear,24,,11.1,24.1,Clear,51.08
2025-05-25T04:00,2025-05-25,4,10.4,82,0.0,0.0,0.0,0.0,1,Mainly Clear,23,,11.4,24.8,Clear,50.72
2025-05-25T05:00,2025-05-25,5,10.4,82,0.0,0.0,0.0,0.0,0,Clear,1,,11.1,24.8,Clear,50.72
2025-05-25T06:00,2025-05-25,6,11.4,77,0.0,0.0,0.0,0.0,0,Clear,2,,12.5,30.6,Clear,52.52
2025-05-25T07:00,2025-05-25,7,12.6,73,0.0,0.0,0.0,0.0,0,Clear,4,,11.6,28.1,Clear,54.68
2025-05-25T08:00,2025-05-25,8,14.9,65,0.0,0.0,0.0,0.0,0,Clear,10,,12.3,32.0,Clear,58.82
2025-05-25T09:00,2025-05-25,9,16.2,58,0.0,0.0,0.0,0.0,1,Mainly Clear,22,,15.9,40.0,Clear,61.16
2025-05-25T10:00,2025-05-25,10,17.4,51,0.0,0.0,0.0,0.0,3,Overcast,100,,16.4,40.0,Cloudy,63.32
2025-05-25T11:00,2025-05-25,11,17.1,50,0.0,0.0,0.0,0.0,3,Overcast,90,,16.2,40.7,Cloudy,62.78
2025-05-25T12:00,2025-05-25,12,17.9,49,0.0,0.0,0.0,0.0,3,Overcast,91,,15.9,40.0,Cloudy,64.22
2025-05-25T13:00,2025-05-25,13,18.6,45,0.0,0.0,0.0,0.0,3,Overcast,100,,17.6,41.8,Cloudy,65.48
2025-05-25T14:00,2025-05-25,14,18.7,45,0.0,0.0,0.0,0.0,3,Overcast,93,,17.4,42.1,Cloudy,65.66
2025-05-25T15:00,2025-05-25,15,19.2,43,0.0,0.0,0.0,0.0,3,Overcast,100,,17.0,41.0,Cloudy,66.56
2025-05-25T16:00,2025-05-25,16,18.9,45,0.0,0.0,0.0,0.0,3,Overcast,98,,16.2,39.6,Cloudy,66.02
2025-05-25T17:00,2025-05-25,17,18.3,49,0.0,0.0,0.0,0.0,3,Overcast,83,,14.3,37.8,Cloudy,64.94
2025-05-25T18:00,2025-05-25,18,17.6,53,0.0,0.0,0.0,0.0,2,Partly Cloudy,75,,11.2,32.4,Cloudy,63.68
2025-05-25T19:00,2025-05-25,19,16.4,60,0.0,0.0,0.0,0.0,1,Mainly Clear,36,,9.6,25.2,Clear,61.519999999999996
2025-05-25T20:00,2025-05-25,20,15.8,63,0.0,0.0,0.0,0.0,2,Partly Cloudy,53,,10.0,20.9,Cloudy,60.440000000000005
2025-05-25T21:00,2025-05-25,21,15.2,65,0.0,0.0,0.0,0.0,3,Overcast,100,,10.9,23.8,Cloudy,59.36
2025-05-25T22:00,2025-05-25,22,14.6,69,0.0,0.0,0.0,0.0,1,Mainly Clear,49,,9.4,23.4,Clear,58.28
2025-05-25T23:00,2025-05-25,23,13.4,75,0.0,0.0,0.0,0.0,0,Clear,11,,7.7,19.8,Clear,56.120000000000005
2025-05-26T00:00,2025-05-26,0,12.6,77,0.0,0.0,0.0,0.0,0,Clear,8,,8.8,18.0,Clear,54.68
2025-05-26T01:00,2025-05-26,1,12.1,78,0.0,0.0,0.0,0.0,0,Clear,0,,8.7,19.4,Clear,53.78
2025-05-26T02:00,2025-05-26,2,11.5,80,0.0,0.0,0.0,0.0,0,Clear,0,,6.7,18.4,Clear,52.7
2025-05-26T03:00,2025-05-26,3,11.1,81,0.0,0.0,0.0,0.0,0,Clear,0,,6.8,14.4,Clear,51.98
2025-05-26T04:00,2025-05-26,4,10.6,83,0.0,0.0,0.0,0.0,0,Clear,0,,7.0,14.8,Clear,51.08
2025-05-26T05:00,2025-05-26,5,10.4,83,0.0,0.0,0.0,0.0,0,Clear,0,,8.0,16.6,Clear,50.72
2025-05-26T06:00,2025-05-26,6,11.4,80,0.0,0.0,0.0,0.0,0,Clear,0,,7.4,18.0,Clear,52.52
2025-05-26T07:00,2025-05-26,7,13.2,73,0.0,0.0,0.0,0.0,0,Clear,0,,7.4,20.5,Clear,55.76
2025-05-26T08:00,2025-05-26,8,16.1,61,0.0,0.0,0.0,0.0,0,Clear,0,,6.2,19.4,Clear,60.980000000000004
2025-05-26T09:00,2025-05-26,9,18.0,53,0.0,0.0,0.0,0.0,0,Clear,0,,6.5,21.2,Clear,64.4
2025-05-26T10:00,2025-05-26,10,19.4,48,0.0,0.0,0.0,0.0,0,Clear,10,,6.7,22.7,Clear,66.92
2025-05-26T11:00,2025-05-26,11,20.5,43,0.0,0.0,0.0,0.0,1,Mainly Clear,33,,10.1,28.1,Clear,68.9
2025-05-26T12:00,2025-05-26,12,21.4,40,0.0,0.0,0.0,0.0,1,Mainly Clear,30,,11.6,31.3,Clear,70.52
2025-05-26T13:00,2025-05-26,13,21.8,37,0.0,0.0,0.0,0.0,1,Mainly Clear,43,,11.4,31.3,Clear,71.24000000000001
2025-05-26T14:00,2025-05-26,14,22.2,36,0.0,0.0,0.0,0.0,1,Mainly Clear,47,,12.6,31.7,Clear,71.96
2025-05-26T15:00,2025-05-26,15,22.0,37,0.0,0.0,0.0,0.0,1,Mainly Clear,34,,13.1,33.1,Clear,71.6
2025-05-26T16:00,2025-05-26,16,21.5,39,0.0,0.0,0.0,0.0,1,Mainly Clear,32,,11.4,32.8,Clear,70.7
2025-05-26T17:00,2025-05-26,17,21.4,40,0.0,0.0,0.0,0.0,1,Mainly Clear,30,,9.1,28.4,Clear,70.52
2025-05-26T18:00,2025-05-26,18,20.8,43,0.0,0.0,0.0,0.0,1,Mainly Clear,27,,5.5,22.0,Clear,69.44
2025-05-26T19:00,2025-05-26,19,19.1,57,0.0,0.0,0.0,0.0,1,Mainly Clear,20,,1.4,13.7,Clear,66.38
2025-05-26T20:00,2025-05-26,20,17.1,55,0.0,0.0,0.0,0.0,0,Clear,3,,8.2,19.1,Clear,62.78
2025-05-26T21:00,2025-05-26,21,16.7,58,0.0,0.0,0.0,0.0,0,Clear,5,,7.5,17.6,Clear,62.059999999999995
2025-05-26T22:00,2025-05-26,22,16.0,62,0.0,0.0,0.0,0.0,0,Clear,2,,6.4,15.8,Clear,60.8
2025-05-26T23:00,2025-05-26,23,15.1,67,0.0,0.0,0.0,0.0,2,Partly Cloudy,69,,5.4,13.3,Cloudy,59.18
2025-05-27T00:00,2025-05-27,0,14.1,73,0.0,0.0,0.0,0.0,3,Overcast,84,,4.5,10.8,Cloudy,57.379999999999995
2025-05-27T01:00,2025-05-27,1,13.6,75,0.0,0.0,0.0,0.0,2,Partly Cloudy,76,,2.8,7.9,Cloudy,56.48
2025-05-27T02:00,2025-05-27,2,13.1,77,0.0,0.0,0.0,0.0,2,Partly Cloudy,79,,2.3,4.7,Cloudy,55.58
2025-05-27T03:00,2025-05-27,3,12.6,80,0.0,0.0,0.0,0.0,3,Overcast,90,,2.5,4.7,Cloudy,54.68
2025-05-27T04:00,2025-05-27,4,11.9,85,0.0,0.0,0.0,0.0,3,Overcast,81,,3.6,6.8,Cloudy,53.42
2025-05-27T05:00,2025-05-27,5,11.9,88,0.0,0.0,0.0,0.0,3,Overcast,95,,1.8,6.8,Cloudy,53.42
2025-05-27T06:00,2025-05-27,6,13.4,83,0.0,0.0,0.0,0.0,3,Overcast,100,,2.3,7.2,Cloudy,56.120000000000005
2025-05-27T07:00,2025-05-27,7,15.6,74,0.0,0.0,0.0,0.0,3,Overcast,100,,3.1,11.9,Cloudy,60.08
2025-05-27T08:00,2025-05-27,8,18.4,60,0.0,0.0,0.0,0.0,3,Overcast,100,,3.9,15.1,Cloudy,65.12
2025-05-27T09:00,2025-05-27,9,20.8,50,0.0,0.0,0.0,0.0,3,Overcast,100,,3.6,15.8,Cloudy,69.44
2025-05-27T10:00,2025-05-27,10,22.8,42,0.0,0.0,0.0,0.0,3,Overcast,100,,2.4,15.8,Cloudy,73.04
2025-05-27T11:00,2025-05-27,11,24.0,37,0.0,0.0,0.0,0.0,3,Overcast,100,,1.1,14.4,Cloudy,75.2
2025-05-27T12:00,2025-05-27,12,25.0,33,0.0,0.0,0.0,0.0,3,Overcast,100,,3.2,16.6,Cloudy,77.0
2025-05-27T13:00,2025-05-27,13,25.6,31,0.0,0.0,0.0,0.0,3,Overcast,100,,6.0,21.2,Cloudy,78.08
2025-05-27T14:00,2025-05-27,14,24.8,32,0.0,0.0,0.0,0.0,3,Overcast,100,,10.8,29.5,Cloudy,76.64
2025-05-27T15:00,2025-05-27,15,23.0,35,0.0,0.0,0.0,0.0,3,Overcast,100,,14.7,36.4,Cloudy,73.4
2025-05-27T16:00,2025-05-27,16,22.0,38,0.0,0.0,0.0,0.0,3,Overcast,100,,11.7,36.4,Cloudy,71.6
2025-05-27T17:00,2025-05-27,17,21.3,40,0.0,0.0,0.0,0.0,3,Overcast,100,,9.3,28.4,Cloudy,70.34
2025-05-27T18:00,2025-05-27,18,20.3,46,0.0,0.0,0.0,0.0,3,Overcast,100,,7.0,22.7,Cloudy,68.54
2025-05-27T19:00,2025-05-27,19,19.5,48,0.0,0.0,0.0,0.0,3,Overcast,100,,5.9,17.6,Cloudy,67.1
2025-05-27T20:00,2025-05-27,20,20.0,45,0.0,0.0,0.0,0.0,3,Overcast,100,,9.5,27.7,Cloudy,68.0
2025-05-27T21:00,2025-05-27,21,19.1,51,0.0,0.0,0.0,0.0,3,Overcast,100,,5.0,20.9,Cloudy,66.38
2025-05-27T22:00,2025-05-27,22,18.5,51,0.0,0.0,0.0,0.0,3,Overcast,100,,5.2,11.5,Cloudy,65.3
2025-05-27T23:00,2025-05-27,23,17.8,55,0.0,0.0,0.0,0.0,3,Overcast,100,,4.6,12.6,Cloudy,64.04
2025-05-28T00:00,2025-05-28,0,17.0,60,0.0,0.0,0.0,0.0,3,Overcast,100,,4.0,9.7,Cloudy,62.6
2025-05-28T01:00,2025-05-28,1,16.6,64,0.0,0.0,0.0,0.0,3,Overcast,100,,3.5,7.9,Cloudy,61.88
2025-05-28T02:00,2025-05-28,2,16.2,63,0.0,0.0,0.0,0.0,3,Overcast,100,,3.3,6.1,Cloudy,61.16
2025-05-28T03:00,2025-05-28,3,16.0,61,0.0,0.0,0.0,0.0,3,Overcast,100,,4.8,10.1,Cloudy,60.8
2025-05-28T04:00,2025-05-28,4,15.6,61,0.0,0.0,0.0,0.0,3,Overcast,100,,5.8,13.0,Cloudy,60.08
2025-05-28T05:00,2025-05-28,5,15.2,64,0.0,0.0,0.0,0.0,3,Overcast,100,,6.4,14.4,Cloudy,59.36
2025-05-28T06:00,2025-05-28,6,15.1,66,0.0,0.0,0.0,0.0,3,Overcast,100,,6.9,16.2,Cloudy,59.18
2025-05-28T07:00,2025-05-28,7,15.2,67,0.0,0.0,0.0,0.0,3,Overcast,100,,5.5,15.8,Cloudy,59.36
2025-05-28T08:00,2025-05-28,8,16.9,59,0.0,0.0,0.0,0.0,3,Overcast,100,,6.1,18.7,Cloudy,62.42
2025-05-28T09:00,2025-05-28,9,17.7,53,0.0,0.0,0.0,0.0,3,Overcast,100,,5.2,17.6,Cloudy,63.86
2025-05-28T10:00,2025-05-28,10,19.0,46,0.0,0.0,0.0,0.0,3,Overcast,100,,5.4,19.4,Cloudy,66.2
2025-05-28T11:00,2025-05-28,11,19.0,40,0.0,0.0,0.0,0.0,3,Overcast,100,,8.3,22.7,Cloudy,66.2
2025-05-28T12:00,2025-05-28,12,17.2,42,0.0,0.0,0.0,0.0,3,Overcast,100,,11.6,31.7,Cloudy,62.959999999999994
2025-05-28T13:00,2025-05-28,13,15.9,48,0.2,0.2,0.0,0.0,51,Light Drizzle,100,,7.5,31.0,Rain,60.62
2025-05-28T14:00,2025-05-28,14,15.6,51,0.4,0.4,0.0,0.0,51,Light Drizzle,100,,6.7,21.6,Rain,60.08
2025-05-28T15:00,2025-05-28,15,15.6,56,0.4,0.4,0.0,0.0,51,Light Drizzle,100,,6.0,19.4,Rain,60.08
2025-05-28T16:00,2025-05-28,16,15.1,62,0.6,0.6,0.0,0.0,53,Moderate Drizzle,100,,6.7,17.6,Rain,59.18
2025-05-28T17:00,2025-05-28,17,14.2,72,1.1,1.1,0.0,0.0,55,Dense Drizzle,100,,6.1,17.6,Rain,57.56
2025-05-28T18:00,2025-05-28,18,13.9,81,1.2,1.2,0.0,0.0,55,Dense Drizzle,100,,7.0,15.1,Rain,57.02
2025-05-28T19:00,2025-05-28,19,13.4,89,1.4,1.4,0.0,0.0,61,Slight Rain,100,,8.0,16.6,Rain,56.120000000000005
2025-05-28T20:00,2025-05-28,20,12.7,87,3.4,3.4,0.0,0.0,63,Moderate Rain,100,,7.1,18.4,Rain,54.86
2025-05-28T21:00,2025-05-28,21,12.5,91,1.6,1.6,0.0,0.0,61,Slight Rain,100,,8.8,18.0,Rain,54.5
2025-05-28T22:00,2025-05-28,22,12.4,92,0.3,0.3,0.0,0.0,51,Light Drizzle,100,,7.5,17.6,Rain,54.32
2025-05-28T23:00,2025-05-28,23,12.7,94,0.3,0.3,0.0,0.0,51,Light Drizzle,100,,8.5,16.6,Rain,54.86
2025-05-29T00:00,2025-05-29,0,12.8,96,0.4,0.4,0.0,0.0,51,Light Drizzle,100,,8.9,18.4,Rain,55.04
2025-05-29T01:00,2025-05-29,1,13.1,96,0.5,0.5,0.0,0.0,53,Moderate Drizzle,100,,8.9,18.4,Rain,55.58
2025-05-29T02:00,2025-05-29,2,13.4,96,0.5,0.5,0.0,0.0,53,Moderate Drizzle,100,,9.2,19.1,Rain,56.120000000000005
2025-05-29T03:00,2025-05-29,3,13.6,96,0.3,0.3,0.0,0.0,51,Light Drizzle,100,,11.7,22.7,Rain,56.48
2025-05-29T04:00,2025-05-29,4,13.6,97,0.0,0.0,0.0,0.0,3,Overcast,100,,10.7,25.6,Cloudy,56.48
2025-05-29T05:00,2025-05-29,5,13.8,96,0.2,0.2,0.0,0.0,51,Light Drizzle,100,,11.7,23.8,Rain,56.84
2025-05-29T06:00,2025-05-29,6,14.1,96,0.1,0.1,0.0,0.0,51,Light Drizzle,100,,10.9,24.1,Rain,57.379999999999995
2025-05-29T07:00,2025-05-29,7,14.7,93,0.0,0.0,0.0,0.0,3,Overcast,100,,12.0,25.9,Cloudy,58.459999999999994
2025-05-29T08:00,2025-05-29,8,15.9,86,0.0,0.0,0.0,0.0,3,Overcast,100,,12.2,29.5,Cloudy,60.62
2025-05-29T09:00,2025-05-29,9,17.2,81,0.0,0.0,0.0,0.0,3,Overcast,100,,10.9,29.5,Cloudy,62.959999999999994
2025-05-29T10:00,2025-05-29,10,18.2,77,0.0,0.0,0.0,0.0,3,Overcast,100,,9.6,27.7,Cloudy,64.75999999999999
2025-05-29T11:00,2025-05-29,11,19.0,75,0.1,0.1,0.0,0.0,51,Light Drizzle,100,,7.5,25.9,Rain,66.2
2025-05-29T12:00,2025-05-29,12,19.2,74,0.1,0.1,0.0,0.0,51,Light Drizzle,100,,6.1,21.6,Rain,66.56
2025-05-29T13:00,2025-05-29,13,19.7,72,0.1,0.1,0.0,0.0,51,Light Drizzle,100,,5.7,18.7,Rain,67.46
2025-05-29T14:00,2025-05-29,14,20.6,69,0.1,0.1,0.0,0.0,51,Light Drizzle,100,,5.9,18.4,Rain,69.08
2025-05-29T15:00,2025-05-29,15,21.5,67,0.0,0.0,0.0,0.0,3,Overcast,100,,4.4,18.0,Cloudy,70.7
2025-05-29T16:00,2025-05-29,16,21.6,68,0.1,0.1,0.0,0.0,51,Light Drizzle,100,,8.1,21.2,Rain,70.88
2025-05-29T17:00,2025-05-29,17,21.6,68,0.1,0.1,0.0,0.0,51,Light Drizzle,98,,9.3,23.4,Rain,70.88
2025-05-29T18:00,2025-05-29,18,21.4,70,0.0,0.0,0.0,0.0,3,Overcast,100,,8.0,21.6,Cloudy,70.52
2025-05-29T19:00,2025-05-29,19,20.2,76,0.0,0.0,0.0,0.0,3,Overcast,100,,6.3,19.8,Cloudy,68.36
2025-05-29T20:00,2025-05-29,20,18.3,84,0.0,0.0,0.0,0.0,3,Overcast,100,,7.6,18.7,Cloudy,64.94
2025-05-29T21:00,2025-05-29,21,18.0,86,0.0,0.0,0.0,0.0,3,Overcast,100,,5.2,16.2,Cloudy,64.4
2025-05-29T22:00,2025-05-29,22,17.8,85,0.0,0.0,0.0,0.0,3,Overcast,100,,7.4,15.1,Cloudy,64.04
2025-05-29T23:00,2025-05-29,23,17.5,86,0.0,0.0,0.0,0.0,3,Overcast,100,,7.6,15.8,Cloudy,63.5
2025-05-30T00:00,2025-05-30,0,17.1,86,0.0,0.0,0.0,0.0,3,Overcast,96,,7.5,15.8,Cloudy,62.78
2025-05-30T01:00,2025-05-30,1,16.5,89,0.0,0.0,0.0,0.0,3,Overcast,100,,7.1,16.2,Cloudy,61.7
2025-05-30T02:00,2025-05-30,2,16.2,91,0.0,0.0,0.0,0.0,3,Overcast,100,,5.9,14.4,Cloudy,61.16
2025-05-30T03:00,2025-05-30,3,16.2,92,0.0,0.0,0.0,0.0,3,Overcast,100,,6.4,13.0,Cloudy,61.16
2025-05-30T04:00,2025-05-30,4,16.3,92,0.0,0.0,0.0,0.0,3,Overcast,100,,6.9,14.0,Cloudy,61.34
2025-05-30T05:00,2025-05-30,5,16.2,93,0.0,0.0,0.0,0.0,3,Overcast,100,,5.7,14.0,Cloudy,61.16
2025-05-30T06:00,2025-05-30,6,16.6,93,0.0,0.0,0.0,0.0,3,Overcast,100,,7.3,15.1,Cloudy,61.88
2025-05-30T07:00,2025-05-30,7,17.8,89,0.0,0.0,0.0,0.0,3,Overcast,100,,9.5,22.3,Cloudy,64.04
2025-05-30T08:00,2025-05-30,8,19.2,85,0.0,0.0,0.0,0.0,3,Overcast,100,,5.7,15.1,Cloudy,66.56
2025-05-30T09:00,2025-05-30,9,21.0,78,0.0,0.0,0.0,0.0,3,Overcast,100,,7.9,22.3,Cloudy,69.8
2025-05-30T10:00,2025-05-30,10,21.9,75,0.0,0.0,0.0,0.0,3,Overcast,100,,7.6,27.4,Cloudy,71.42
2025-05-30T11:00,2025-05-30,11,22.7,73,0.0,0.0,0.0,0.0,3,Overcast,100,,6.9,26.3,Cloudy,72.86
2025-05-30T12:00,2025-05-30,12,23.5,69,0.1,0.1,0.0,0.0,51,Light Drizzle,95,,10.4,29.5,Rain,74.3
2025-05-30T13:00,2025-05-30,13,23.1,66,1.6,1.6,0.0,0.0,61,Slight Rain,69,,10.1,32.4,Rain,73.58
2025-05-30T14:00,2025-05-30,14,22.5,69,1.3,1.3,0.0,0.0,61,Slight Rain,70,,8.7,29.9,Rain,72.5
2025-05-30T15:00,2025-05-30,15,22.2,76,0.8,0.8,0.0,0.0,53,Moderate Drizzle,43,,7.4,28.1,Rain,71.96
2025-05-30T16:00,2025-05-30,16,22.2,75,1.6,1.6,0.0,0.0,61,Slight Rain,100,,6.5,25.6,Rain,71.96
2025-05-30T17:00,2025-05-30,17,20.1,87,0.0,0.0,0.0,0.0,3,Overcast,86,,11.8,28.4,Cloudy,68.18
2025-05-30T18:00,2025-05-30,18,20.1,85,0.0,0.0,0.0,0.0,3,Overcast,100,,4.2,29.2,Cloudy,68.18
2025-05-30T19:00,2025-05-30,19,19.2,90,0.0,0.0,0.0,0.0,3,Overcast,99,,6.8,16.2,Cloudy,66.56
2025-05-30T20:00,2025-05-30,20,17.4,96,0.0,0.0,0.0,0.0,3,Overcast,100,,9.7,23.4,Cloudy,63.32
2025-05-30T21:00,2025-05-30,21,16.6,98,0.1,0.1,0.0,0.0,51,Light Drizzle,100,,7.6,22.0,Rain,61.88
2025-05-30T22:00,2025-05-30,22,16.2,98,2.2,2.2,0.0,0.0,61,Slight Rain,100,,6.7,15.8,Rain,61.16
2025-05-30T23:00,2025-05-30,23,15.9,98,1.9,1.9,0.0,0.0,61,Slight Rain,100,,8.6,17.6,Rain,60.62
2025-05-31T00:00,2025-05-31,0,15.4,98,2.7,2.7,0.0,0.0,63,Moderate Rain,100,,9.8,20.9,Rain,59.72
2025-05-31T01:00,2025-05-31,1,15.1,98,6.2,6.2,0.0,0.0,63,Moderate Rain,100,,9.3,27.4,Rain,59.18
2025-05-31T02:00,2025-05-31,2,14.6,99,19.8,19.8,0.0,0.0,65,Heavy Rain,100,,9.5,28.1,Rain,58.28
2025-05-31T03:00,2025-05-31,3,14.6,98,5.7,5.7,0.0,0.0,63,Moderate Rain,100,,8.2,25.6,Rain,58.28
2025-05-31T04:00,2025-05-31,4,14.9,98,0.2,0.2,0.0,0.0,51,Light Drizzle,100,,8.4,19.4,Rain,58.82
2025-05-31T05:00,2025-05-31,5,15.9,98,0.0,0.0,0.0,0.0,3,Overcast,100,,11.6,18.0,Cloudy,60.62
2025-05-31T06:00,2025-05-31,6,15.6,92,0.0,0.0,0.0,0.0,3,Overcast,100,,13.5,33.8,Cloudy,60.08
2025-05-31T07:00,2025-05-31,7,16.2,89,0.0,0.0,0.0,0.0,3,Overcast,100,,11.0,29.2,Cloudy,61.16
2025-05-31T08:00,2025-05-31,8,16.3,80,0.2,0.2,0.0,0.0,51,Light Drizzle,100,,19.0,42.5,Rain,61.34
2025-05-31T09:00,2025-05-31,9,16.8,73,0.3,0.3,0.0,0.0,51,Light Drizzle,100,,23.7,55.1,Rain,62.24
2025-05-31T10:00,2025-05-31,10,18.0,64,0.3,0.3,0.0,0.0,51,Light Drizzle,100,,25.6,60.5,Rain,64.4
2025-05-31T11:00,2025-05-31,11,18.4,64,0.1,0.1,0.0,0.0,51,Light Drizzle,100,,20.7,58.7,Rain,65.12
2025-05-31T12:00,2025-05-31,12,19.5,61,0.0,0.0,0.0,0.0,3,Overcast,100,,19.7,55.4,Cloudy,67.1
2025-05-31T13:00,2025-05-31,13,19.4,62,0.1,0.1,0.0,0.0,51,Light Drizzle,100,,19.8,51.5,Rain,66.92
2025-05-31T14:00,2025-05-31,14,19.0,63,0.2,0.2,0.0,0.0,51,Light Drizzle,100,,18.4,50.4,Rain,66.2
2025-05-31T15:00,2025-05-31,15,18.6,66,0.5,0.5,0.0,0.0,53,Moderate Drizzle,100,,18.1,46.8,Rain,65.48
2025-05-31T16:00,2025-05-31,16,18.0,66,1.2,1.2,0.0,0.0,55,Dense Drizzle,100,,16.7,42.8,Rain,64.4
2025-05-31T17:00,2025-05-31,17,17.0,65,0.0,0.0,0.0,0.0,3,Overcast,92,,15.8,41.4,Cloudy,62.6
2025-05-31T18:00,2025-05-31,18,15.9,65,0.0,0.0,0.0,0.0,2,Partly Cloudy,62,,15.4,40.7,Cloudy,60.62
2025-05-31T19:00,2025-05-31,19,14.4,66,0.0,0.0,0.0,0.0,1,Mainly Clear,35,,16.3,39.2,Clear,57.92
2025-05-31T20:00,2025-05-31,20,13.9,67,0.0,0.0,0.0,0.0,1,Mainly Clear,29,,14.3,34.9,Clear,57.02
2025-05-31T21:00,2025-05-31,21,13.1,69,0.0,0.0,0.0,0.0,3,Overcast,100,,15.0,33.8,Cloudy,55.58
2025-05-31T22:00,2025-05-31,22,12.3,70,0.0,0.0,0.0,0.0,0,Clear,7,,14.3,33.8,Clear,54.14
2025-05-31T23:00,2025-05-31,23,11.6,69,0.0,0.0,0.0,0.0,2,Partly Cloudy,58,,13.9,32.4,Cloudy,52.879999999999995
2025-06-01T00:00,2025-06-01,0,11.1,70,0.0,0.0,0.0,0.0,1,Mainly Clear,24,,12.4,31.0,Clear,51.98
2025-06-01T01:00,2025-06-01,1,10.7,70,0.0,0.0,0.0,0.0,1,Mainly Clear,24,,11.0,27.4,Clear,51.26
2025-06-01T02:00,2025-06-01,2,10.4,72,0.0,0.0,0.0,0.0,1,Mainly Clear,34,,10.3,24.5,Clear,50.72
2025-06-01T03:00,2025-06-01,3,10.1,74,0.0,0.0,0.0,0.0,0,Clear,5,,10.9,24.1,Clear,50.18
2025-06-01T04:00,2025-06-01,4,9.7,76,0.0,0.0,0.0,0.0,0,Clear,1,,12.4,27.0,Clear,49.46
2025-06-01T05:00,2025-06-01,5,9.6,77,0.0,0.0,0.0,0.0,0,Clear,1,,12.3,27.4,Clear,49.28
2025-06-01T06:00,2025-06-01,6,10.6,77,0.0,0.0,0.0,0.0,0,Clear,1,,10.0,27.4,Clear,51.08
2025-06-01T07:00,2025-06-01,7,12.1,71,0.0,0.0,0.0,0.0,0,Clear,0,,12.0,29.2,Clear,53.78
2025-06-01T08:00,2025-06-01,8,14.1,55,0.0,0.0,0.0,0.0,2,Partly Cloudy,50,,17.9,40.3,Cloudy,57.379999999999995
2025-06-01T09:00,2025-06-01,9,15.1,50,0.0,0.0,0.0,0.0,3,Overcast,87,,20.8,49.0,Cloudy,59.18
2025-06-01T10:00,2025-06-01,10,15.2,51,0.0,0.0,0.0,0.0,2,Partly Cloudy,53,,20.3,49.3,Cloudy,59.36
2025-06-01T11:00,2025-06-01,11,16.5,44,0.0,0.0,0.0,0.0,3,Overcast,100,,20.6,47.9,Cloudy,61.7
2025-06-01T12:00,2025-06-01,12,17.7,41,0.0,0.0,0.0,0.0,2,Partly Cloudy,63,,20.7,50.0,Cloudy,63.86
2025-06-01T13:00,2025-06-01,13,18.4,39,0.0,0.0,0.0,0.0,3,Overcast,87,,20.4,49.0,Cloudy,65.12
2025-06-01T14:00,2025-06-01,14,18.8,38,0.0,0.0,0.0,0.0,3,Overcast,100,,18.0,48.6,Cloudy,65.84
2025-06-01T15:00,2025-06-01,15,18.0,43,0.0,0.0,0.0,0.0,1,Mainly Clear,33,,16.1,42.5,Clear,64.4
2025-06-01T16:00,2025-06-01,16,18.2,42,0.0,0.0,0.0,0.0,2,Partly Cloudy,51,,13.3,37.4,Cloudy,64.75999999999999
2025-06-01T17:00,2025-06-01,17,18.4,45,0.0,0.0,0.0,0.0,3,Overcast,100,,12.3,30.6,Cloudy,65.12
2025-06-01T18:00,2025-06-01,18,17.8,52,0.0,0.0,0.0,0.0,3,Overcast,99,,5.4,27.0,Cloudy,64.04
2025-06-01T19:00,2025-06-01,19,16.4,67,0.0,0.0,0.0,0.0,3,Overcast,100,,3.3,11.9,Cloudy,61.519999999999996
2025-06-01T20:00,2025-06-01,20,15.3,69,0.0,0.0,0.0,0.0,2,Partly Cloudy,67,,3.7,10.1,Cloudy,59.540000000000006
2025-06-01T21:00,2025-06-01,21,14.6,73,0.0,0.0,0.0,0.0,3,Overcast,90,,2.7,7.2,Cloudy,58.28
2025-06-01T22:00,2025-06-01,22,14.4,71,0.0,0.0,0.0,0.0,2,Partly Cloudy,52,,5.6,10.4,Cloudy,57.92
2025-06-01T23:00,2025-06-01,23,13.3,72,0.0,0.0,0.0,0.0,2,Partly Cloudy,54,,8.6,21.2,Cloudy,55.94
2025-06-02T00:00,2025-06-02,0,12.2,78,0.0,0.0,0.0,0.0,1,Mainly Clear,42,,4.6,18.0,Clear,53.96
2025-06-02T01:00,2025-06-02,1,11.4,81,0.0,0.0,0.0,0.0,0,Clear,7,,3.1,9.7,Clear,52.52
2025-06-02T02:00,2025-06-02,2,10.8,83,0.0,0.0,0.0,0.0,0,Clear,1,,3.7,6.5,Clear,51.44
2025-06-02T03:00,2025-06-02,3,10.4,85,0.0,0.0,0.0,0.0,0,Clear,10,,3.5,7.2,Clear,50.72
2025-06-02T04:00,2025-06-02,4,9.9,86,0.0,0.0,0.0,0.0,0,Clear,5,,3.8,7.6,Clear,49.82
2025-06-02T05:00,2025-06-02,5,9.9,87,0.0,0.0,0.0,0.0,0,Clear,0,,3.2,7.2,Clear,49.82
2025-06-02T06:00,2025-06-02,6,11.8,82,0.0,0.0,0.0,0.0,0,Clear,3,,4.3,9.7,Clear,53.24
2025-06-02T07:00,2025-06-02,7,13.8,70,0.0,0.0,0.0,0.0,0,Clear,9,,2.7,11.2,Clear,56.84
2025-06-02T08:00,2025-06-02,8,16.5,56,0.0,0.0,0.0,0.0,0,Clear,19,,5.2,16.6,Clear,61.7
2025-06-02T09:00,2025-06-02,9,17.7,47,0.0,0.0,0.0,0.0,0,Clear,2,,7.5,22.7,Clear,63.86
2025-06-02T10:00,2025-06-02,10,18.5,46,0.0,0.0,0.0,0.0,0,Clear,0,,8.0,24.1,Clear,65.3
2025-06-02T11:00,2025-06-02,11,19.5,44,0.0,0.0,0.0,0.0,0,Clear,0,,9.1,26.3,Clear,67.1
2025-06-02T12:00,2025-06-02,12,20.6,41,0.0,0.0,0.0,0.0,1,Mainly Clear,31,,11.7,31.0,Clear,69.08
2025-06-02T13:00,2025-06-02,13,21.2,39,0.0,0.0,0.0,0.0,3,Overcast,100,,11.6,31.7,Cloudy,70.16
2025-06-02T14:00,2025-06-02,14,20.8,40,0.0,0.0,0.0,0.0,3,Overcast,96,,11.1,30.6,Cloudy,69.44
2025-06-02T15:00,2025-06-02,15,21.6,39,0.0,0.0,0.0,0.0,1,Mainly Clear,44,,10.6,28.8,Clear,70.88
2025-06-02T16:00,2025-06-02,16,21.6,36,0.0,0.0,0.0,0.0,1,Mainly Clear,49,,12.3,32.8,Clear,70.88
2025-06-02T17:00,2025-06-02,17,21.4,39,0.0,0.0,0.0,0.0,2,Partly Cloudy,57,,9.6,32.0,Cloudy,70.52
2025-06-02T18:00,2025-06-02,18,20.6,45,0.0,0.0,0.0,0.0,1,Mainly Clear,32,,3.6,22.3,Clear,69.08
2025-06-02T19:00,2025-06-02,19,17.5,59,0.0,0.0,0.0,0.0,2,Partly Cloudy,60,,7.6,16.2,Cloudy,63.5
2025-06-02T20:00,2025-06-02,20,15.6,74,0.0,0.0,0.0,0.0,0,Clear,0,,4.2,15.1,Clear,60.08
2025-06-02T21:00,2025-06-02,21,15.4,72,0.0,0.0,0.0,0.0,0,Clear,0,,5.0,9.4,Clear,59.72
2025-06-02T22:00,2025-06-02,22,15.4,69,0.0,0.0,0.0,0.0,0,Clear,0,,5.8,12.2,Clear,59.72
2025-06-02T23:00,2025-06-02,23,14.6,71,0.0,0.0,0.0,0.0,0,Clear,0,,6.2,12.6,Clear,58.28
2025-06-03T00:00,2025-06-03,0,14.2,72,0.0,0.0,0.0,0.0,0,Clear,0,,7.1,14.8,Clear,57.56
2025-06-03T01:00,2025-06-03,1,13.4,74,0.0,0.0,0.0,0.0,0,Clear,1,,5.4,14.4,Clear,56.120000000000005
2025-06-03T02:00,2025-06-03,2,13.0,75,0.0,0.0,0.0,0.0,0,Clear,7,,2.3,9.0,Clear,55.4
2025-06-03T03:00,2025-06-03,3,12.3,80,0.0,0.0,0.0,0.0,0,Clear,0,,2.5,5.0,Clear,54.14
2025-06-03T04:00,2025-06-03,4,11.8,85,0.0,0.0,0.0,0.0,0,Clear,0,,1.5,5.0,Clear,53.24
2025-06-03T05:00,2025-06-03,5,11.4,90,0.0,0.0,0.0,0.0,0,Clear,0,,3.1,5.0,Clear,52.52
2025-06-03T06:00,2025-06-03,6,13.1,82,0.0,0.0,0.0,0.0,0,Clear,0,,5.0,11.2,Clear,55.58
2025-06-03T07:00,2025-06-03,7,15.5,71,0.0,0.0,0.0,0.0,0,Clear,0,,3.8,13.0,Clear,59.9
2025-06-03T08:00,2025-06-03,8,19.0,57,0.0,0.0,0.0,0.0,0,Clear,0,,2.3,13.0,Clear,66.2
2025-06-03T09:00,2025-06-03,9,21.6,44,0.0,0.0,0.0,0.0,0,Clear,0,,2.8,14.0,Clear,70.88
2025-06-03T10:00,2025-06-03,10,23.4,34,0.0,0.0,0.0,0.0,0,Clear,1,,1.8,14.8,Clear,74.12
2025-06-03T11:00,2025-06-03,11,24.8,31,0.0,0.0,0.0,0.0,0,Clear,0,,0.8,13.3,Clear,76.64
2025-06-03T12:00,2025-06-03,12,25.6,29,0.0,0.0,0.0,0.0,0,Clear,0,,2.2,14.8,Clear,78.08
2025-06-03T13:00,2025-06-03,13,26.4,27,0.0,0.0,0.0,0.0,0,Clear,0,,2.7,15.5,Clear,79.52
2025-06-03T14:00,2025-06-03,14,26.7,27,0.0,0.0,0.0,0.0,0,Clear,5,,3.6,16.6,Clear,80.06
2025-06-03T15:00,2025-06-03,15,26.8,27,0.0,0.0,0.0,0.0,0,Clear,0,,4.1,17.6,Clear,80.24000000000001
2025-06-03T16:00,2025-06-03,16,26.1,29,0.0,0.0,0.0,0.0,0,Clear,3,,7.4,22.7,Clear,78.98
2025-06-03T17:00,2025-06-03,17,24.5,32,0.0,0.0,0.0,0.0,1,Mainly Clear,21,,10.8,28.1,Clear,76.1
2025-06-03T18:00,2025-06-03,18,22.2,37,0.0,0.0,0.0,0.0,1,Mainly Clear,25,,10.0,28.1,Clear,71.96
2025-06-03T19:00,2025-06-03,19,20.5,45,0.0,0.0,0.0,0.0,1,Mainly Clear,24,,7.8,23.8,Clear,68.9
2025-06-03T20:00,2025-06-03,20,19.4,49,0.0,0.0,0.0,0.0,0,Clear,0,,7.5,21.2,Clear,66.92
2025-06-03T21:00,2025-06-03,21,19.0,51,0.0,0.0,0.0,0.0,0,Clear,0,,7.8,16.6,Clear,66.2
2025-06-03T22:00,2025-06-03,22,18.5,51,0.0,0.0,0.0,0.0,0,Clear,0,,7.2,16.9,Clear,65.3
2025-06-03T23:00,2025-06-03,23,17.8,54,0.0,0.0,0.0,0.0,0,Clear,0,,6.3,15.5,Clear,64.04
2025-06-04T00:00,2025-06-04,0,17.1,57,0.0,0.0,0.0,0.0,0,Clear,0,,5.9,13.3,Clear,62.78
2025-06-04T01:00,2025-06-04,1,16.4,61,0.0,0.0,0.0,0.0,0,Clear,0,,5.6,12.2,Clear,61.519999999999996
2025-06-04T02:00,2025-06-04,2,15.8,64,0.0,0.0,0.0,0.0,0,Clear,15,,5.4,11.5,Clear,60.440000000000005
2025-06-04T03:00,2025-06-04,3,15.1,70,0.0,0.0,0.0,0.0,3,Overcast,94,,4.6,10.4,Cloudy,59.18
2025-06-04T04:00,2025-06-04,4,14.6,72,0.0,0.0,0.0,0.0,2,Partly Cloudy,70,,4.2,7.9,Cloudy,58.28
2025-06-04T05:00,2025-06-04,5,14.6,75,0.0,0.0,0.0,0.0,0,Clear,4,,4.0,7.2,Clear,58.28
2025-06-04T06:00,2025-06-04,6,16.6,67,0.0,0.0,0.0,0.0,3,Overcast,96,,5.6,11.2,Cloudy,61.88
2025-06-04T07:00,2025-06-04,7,18.9,59,0.0,0.0,0.0,0.0,3,Overcast,100,,3.2,12.2,Cloudy,66.02
2025-06-04T08:00,2025-06-04,8,21.4,53,0.0,0.0,0.0,0.0,3,Overcast,100,,4.2,15.8,Cloudy,70.52
2025-06-04T09:00,2025-06-04,9,24.3,45,0.0,0.0,0.0,0.0,3,Overcast,85,,6.0,20.5,Cloudy,75.74000000000001
2025-06-04T10:00,2025-06-04,10,26.7,38,0.0,0.0,0.0,0.0,2,Partly Cloudy,74,,8.8,26.6,Cloudy,80.06
2025-06-04T11:00,2025-06-04,11,28.0,38,0.0,0.0,0.0,0.0,3,Overcast,91,,10.2,30.6,Cloudy,82.4
2025-06-04T12:00,2025-06-04,12,29.0,38,0.0,0.0,0.0,0.0,2,Partly Cloudy,72,,9.9,31.0,Cloudy,84.2
2025-06-04T13:00,2025-06-04,13,29.8,37,0.0,0.0,0.0,0.0,0,Clear,14,,10.3,31.0,Clear,85.64
2025-06-04T14:00,2025-06-04,14,29.2,37,0.0,0.0,0.0,0.0,0,Clear,0,,13.2,37.1,Clear,84.56
2025-06-04T15:00,2025-06-04,15,27.9,40,0.0,0.0,0.0,0.0,0,Clear,0,,14.2,39.2,Clear,82.22
2025-06-04T16:00,2025-06-04,16,27.0,44,0.0,0.0,0.0,0.0,0,Clear,0,,12.7,38.2,Clear,80.6
2025-06-04T17:00,2025-06-04,17,26.0,47,0.0,0.0,0.0,0.0,0,Clear,0,,11.1,34.6,Clear,78.8
2025-06-04T18:00,2025-06-04,18,24.4,52,0.0,0.0,0.0,0.0,0,Clear,0,,8.8,29.9,Clear,75.92
2025-06-04T19:00,2025-06-04,19,23.0,58,0.0,0.0,0.0,0.0,0,Clear,0,,5.6,23.0,Clear,73.4
2025-06-04T20:00,2025-06-04,20,24.5,57,0.0,0.0,0.0,0.0,0,Clear,0,,5.5,19.4,Clear,76.1
2025-06-04T21:00,2025-06-04,21,25.6,53,0.0,0.0,0.0,0.0,0,Clear,2,,11.2,23.0,Clear,78.08
2025-06-04T22:00,2025-06-04,22,24.8,58,0.0,0.0,0.0,0.0,0,Clear,3,,12.3,27.7,Clear,76.64
2025-06-04T23:00,2025-06-04,23,23.7,63,0.0,0.0,0.0,0.0,0,Clear,1,,10.7,26.6,Clear,74.66
2025-06-05T00:00,2025-06-05,0,23.0,65,0.0,0.0,0.0,0.0,0,Clear,4,,10.2,23.0,Clear,73.4
2025-06-05T01:00,2025-06-05,1,22.4,68,0.0,0.0,0.0,0.0,0,Clear,18,,9.8,21.6,Clear,72.32
2025-06-05T02:00,2025-06-05,2,21.7,69,0.0,0.0,0.0,0.0,1,Mainly Clear,37,,9.0,20.5,Clear,71.06
2025-06-05T03:00,2025-06-05,3,21.0,72,0.0,0.0,0.0,0.0,1,Mainly Clear,43,,9.2,19.8,Clear,69.8
2025-06-05T04:00,2025-06-05,4,20.5,75,0.0,0.0,0.0,0.0,3,Overcast,100,,7.5,19.1,Cloudy,68.9
2025-06-05T05:00,2025-06-05,5,20.2,77,0.0,0.0,0.0,0.0,3,Overcast,100,,6.7,15.5,Cloudy,68.36
2025-06-05T06:00,2025-06-05,6,21.2,74,0.0,0.0,0.0,0.0,3,Overcast,92,,5.2,14.4,Cloudy,70.16
2025-06-05T07:00,2025-06-05,7,23.0,67,0.0,0.0,0.0,0.0,3,Overcast,100,,6.1,18.4,Cloudy,73.4
2025-06-05T08:00,2025-06-05,8,25.3,60,0.0,0.0,0.0,0.0,3,Overcast,100,,6.0,19.8,Cloudy,77.54
2025-06-05T09:00,2025-06-05,9,27.8,52,0.0,0.0,0.0,0.0,3,Overcast,100,,6.2,22.0,Cloudy,82.04
2025-06-05T10:00,2025-06-05,10,29.9,46,0.0,0.0,0.0,0.0,3,Overcast,100,,7.1,23.8,Cloudy,85.82
2025-06-05T11:00,2025-06-05,11,32.0,39,0.0,0.0,0.0,0.0,3,Overcast,89,,8.8,28.1,Cloudy,89.6
2025-06-05T12:00,2025-06-05,12,33.7,34,0.0,0.0,0.0,0.0,3,Overcast,88,,8.4,28.4,Cloudy,92.66
2025-06-05T13:00,2025-06-05,13,34.9,31,0.0,0.0,0.0,0.0,3,Overcast,90,,8.5,28.4,Cloudy,94.82
2025-06-05T14:00,2025-06-05,14,34.9,31,0.0,0.0,0.0,0.0,2,Partly Cloudy,70,,10.4,32.0,Cloudy,94.82
2025-06-05T15:00,2025-06-05,15,34.0,34,0.0,0.0,0.0,0.0,2,Partly Cloudy,73,,12.7,36.4,Cloudy,93.2
2025-06-05T16:00,2025-06-05,16,31.7,42,0.0,0.0,0.0,0.0,3,Overcast,89,,16.2,41.8,Cloudy,89.06
2025-06-05T17:00,2025-06-05,17,31.0,46,0.0,0.0,0.0,0.0,3,Overcast,93,,11.7,41.8,Cloudy,87.8
2025-06-05T18:00,2025-06-05,18,30.0,50,0.0,0.0,0.0,0.0,3,Overcast,100,,5.6,30.2,Cloudy,86.0
2025-06-05T19:00,2025-06-05,19,28.7,54,0.0,0.0,0.0,0.0,3,Overcast,100,,6.6,18.0,Cloudy,83.66
2025-06-05T20:00,2025-06-05,20,30.0,44,0.0,0.0,0.0,0.0,3,Overcast,97,,11.2,25.9,Cloudy,86.0
2025-06-05T21:00,2025-06-05,21,29.0,47,0.0,0.0,0.0,0.0,3,Overcast,99,,10.7,27.0,Cloudy,84.2
2025-06-05T22:00,2025-06-05,22,28.0,51,0.0,0.0,0.0,0.0,0,Clear,4,,10.1,24.8,Clear,82.4
2025-06-05T23:00,2025-06-05,23,26.6,57,0.0,0.0,0.0,0.0,1,Mainly Clear,24,,10.4,23.4,Clear,79.88
2025-06-06T00:00,2025-06-06,0,25.5,63,0.0,0.0,0.0,0.0,3,Overcast,84,,9.0,23.4,Cloudy,77.9
2025-06-06T01:00,2025-06-06,1,24.5,68,0.0,0.0,0.0,0.0,3,Overcast,94,,7.8,19.4,Cloudy,76.1
2025-06-06T02:00,2025-06-06,2,23.5,72,0.0,0.0,0.0,0.0,1,Mainly Clear,31,,9.4,20.5,Clear,74.3
2025-06-06T03:00,2025-06-06,3,22.7,75,0.0,0.0,0.0,0.0,2,Partly Cloudy,79,,8.6,20.5,Cloudy,72.86
2025-06-06T04:00,2025-06-06,4,22.0,78,0.0,0.0,0.0,0.0,3,Overcast,100,,7.2,18.0,Cloudy,71.6
2025-06-06T05:00,2025-06-06,5,21.6,80,0.0,0.0,0.0,0.0,3,Overcast,100,,6.5,15.1,Cloudy,70.88
2025-06-06T06:00,2025-06-06,6,22.5,76,0.0,0.0,0.0,0.0,3,Overcast,100,,4.4,13.7,Cloudy,72.5
2025-06-06T07:00,2025-06-06,7,24.1,69,0.0,0.0,0.0,0.0,3,Overcast,100,,3.6,14.4,Cloudy,75.38
2025-06-06T08:00,2025-06-06,8,27.4,57,0.0,0.0,0.0,0.0,2,Partly Cloudy,75,,3.4,16.6,Cloudy,81.32
2025-06-06T09:00,2025-06-06,9,29.4,50,0.0,0.0,0.0,0.0,3,Overcast,92,,5.0,20.5,Cloudy,84.91999999999999
2025-06-06T10:00,2025-06-06,10,30.8,46,0.1,0.1,0.0,0.0,51,Light Drizzle,26,,8.2,27.0,Rain,87.44
2025-06-06T11:00,2025-06-06,11,29.9,51,2.6,2.6,0.0,0.0,63,Moderate Rain,54,,11.6,31.7,Rain,85.82
2025-06-06T12:00,2025-06-06,12,29.7,52,0.5,0.5,0.0,0.0,53,Moderate Drizzle,62,,11.2,33.8,Rain,85.46000000000001
2025-06-06T13:00,2025-06-06,13,30.1,50,0.0,0.0,0.0,0.0,0,Clear,19,,11.1,34.6,Clear,86.18
2025-06-06T14:00,2025-06-06,14,30.2,48,0.0,0.0,0.0,0.0,1,Mainly Clear,47,,11.6,33.8,Clear,86.36
2025-06-06T15:00,2025-06-06,15,29.1,53,0.0,0.0,0.0,0.0,1,Mainly Clear,48,,12.1,34.2,Clear,84.38000000000001
2025-06-06T16:00,2025-06-06,16,30.6,50,0.0,0.0,0.0,0.0,3,Overcast,95,,6.4,33.8,Cloudy,87.08000000000001
2025-06-06T17:00,2025-06-06,17,31.9,35,0.0,0.0,0.0,0.0,2,Partly Cloudy,67,,10.7,27.0,Cloudy,89.41999999999999
2025-06-06T18:00,2025-06-06,18,28.2,48,0.0,0.0,0.0,0.0,3,Overcast,99,,13.8,33.1,Cloudy,82.75999999999999
2025-06-06T19:00,2025-06-06,19,25.1,64,0.3,0.3,0.0,0.0,51,Light Drizzle,100,,12.0,38.2,Rain,77.18
2025-06-06T20:00,2025-06-06,20,27.6,50,0.0,0.0,0.0,0.0,1,Mainly Clear,24,,8.5,22.7,Clear,81.68
2025-06-06T21:00,2025-06-06,21,26.9,55,0.0,0.0,0.0,0.0,2,Partly Cloudy,77,,5.8,20.5,Cloudy,80.42
2025-06-06T22:00,2025-06-06,22,26.2,58,0.0,0.0,0.0,0.0,3,Overcast,98,,1.4,14.4,Cloudy,79.16
2025-06-06T23:00,2025-06-06,23,25.0,62,0.0,0.0,0.0,0.0,3,Overcast,100,,2.2,5.8,Cloudy,77.0
2025-06-07T00:00,2025-06-07,0,24.1,66,0.0,0.0,0.0,0.0,3,Overcast,100,,3.4,9.7,Cloudy,75.38
2025-06-07T01:00,2025-06-07,1,23.1,72,0.0,0.0,0.0,0.0,3,Overcast,100,,4.3,10.4,Cloudy,73.58
2025-06-07T02:00,2025-06-07,2,22.4,79,0.0,0.0,0.0,0.0,3,Overcast,100,,4.8,12.6,Cloudy,72.32
2025-06-07T03:00,2025-06-07,3,21.9,84,0.0,0.0,0.0,0.0,2,Partly Cloudy,74,,4.8,13.0,Cloudy,71.42
2025-06-07T04:00,2025-06-07,4,21.5,87,0.0,0.0,0.0,0.0,3,Overcast,100,,3.2,11.2,Cloudy,70.7
2025-06-07T05:00,2025-06-07,5,21.4,88,0.0,0.0,0.0,0.0,3,Overcast,100,,5.4,13.0,Cloudy,70.52
2025-06-07T06:00,2025-06-07,6,22.0,84,0.0,0.0,0.0,0.0,3,Overcast,100,,3.1,13.0,Cloudy,71.6
2025-06-07T07:00,2025-06-07,7,23.2,77,0.0,0.0,0.0,0.0,3,Overcast,100,,4.1,13.7,Cloudy,73.75999999999999
2025-06-07T08:00,2025-06-07,8,23.5,80,0.1,0.1,0.0,0.0,51,Light Drizzle,100,,3.2,16.9,Rain,74.3
2025-06-07T09:00,2025-06-07,9,24.6,74,0.3,0.3,0.0,0.0,51,Light Drizzle,100,,2.7,16.9,Rain,76.28
2025-06-07T10:00,2025-06-07,10,26.5,63,0.1,0.1,0.0,0.0,51,Light Drizzle,100,,3.4,19.8,Rain,79.7
2025-06-07T11:00,2025-06-07,11,26.3,62,0.4,0.4,0.0,0.0,51,Light Drizzle,100,,7.7,26.3,Rain,79.34
2025-06-07T12:00,2025-06-07,12,26.4,64,0.4,0.4,0.0,0.0,51,Light Drizzle,99,,8.4,27.7,Rain,79.52
2025-06-07T13:00,2025-06-07,13,26.6,62,0.1,0.1,0.0,0.0,51,Light Drizzle,100,,9.0,29.5,Rain,79.88
2025-06-07T14:00,2025-06-07,14,25.0,66,0.7,0.7,0.0,0.0,53,Moderate Drizzle,100,,4.7,29.2,Rain,77.0
2025-06-07T15:00,2025-06-07,15,24.5,70,0.5,0.5,0.0,0.0,53,Moderate Drizzle,76,,3.3,20.9,Rain,76.1
2025-06-07T16:00,2025-06-07,16,26.8,61,0.0,0.0,0.0,0.0,3,Overcast,100,,4.0,22.3,Cloudy,80.24000000000001
2025-06-07T17:00,2025-06-07,17,23.6,70,0.8,0.8,0.0,0.0,53,Moderate Drizzle,86,,17.2,40.0,Rain,74.48
2025-06-07T18:00,2025-06-07,18,22.0,77,0.2,0.2,0.0,0.0,51,Light Drizzle,23,,9.9,41.4,Rain,71.6
2025-06-07T19:00,2025-06-07,19,21.6,78,0.0,0.0,0.0,0.0,1,Mainly Clear,42,,8.0,24.5,Clear,70.88
2025-06-07T20:00,2025-06-07,20,21.5,81,0.0,0.0,0.0,0.0,3,Overcast,96,,11.7,28.8,Cloudy,70.7
2025-06-07T21:00,2025-06-07,21,20.8,84,0.0,0.0,0.0,0.0,3,Overcast,100,,10.4,25.2,Cloudy,69.44
2025-06-07T22:00,2025-06-07,22,20.3,87,0.0,0.0,0.0,0.0,3,Overcast,100,,9.5,23.0,Cloudy,68.54
2025-06-07T23:00,2025-06-07,23,19.9,90,0.0,0.0,0.0,0.0,3,Overcast,100,,8.5,20.5,Cloudy,67.82
2025-06-08T00:00,2025-06-08,0,19.5,90,0.0,0.0,0.0,0.0,3,Overcast,100,,8.3,18.4,Cloudy,67.1
2025-06-08T01:00,2025-06-08,1,19.0,90,0.0,0.0,0.0,0.0,3,Overcast,100,,7.8,17.6,Cloudy,66.2
2025-06-08T02:00,2025-06-08,2,18.5,89,0.0,0.0,0.0,0.0,3,Overcast,100,,6.6,16.9,Cloudy,65.3
2025-06-08T03:00,2025-06-08,3,17.9,89,0.0,0.0,0.0,0.0,3,Overcast,100,,5.9,14.0,Cloudy,64.22
2025-06-08T04:00,2025-06-08,4,17.5,89,0.0,0.0,0.0,0.0,3,Overcast,100,,5.9,12.6,Cloudy,63.5
2025-06-08T05:00,2025-06-08,5,17.4,89,0.0,0.0,0.0,0.0,3,Overcast,100,,5.6,13.0,Cloudy,63.32
2025-06-08T06:00,2025-06-08,6,18.1,87,0.0,0.0,0.0,0.0,3,Overcast,100,,4.9,12.2,Cloudy,64.58
2025-06-08T07:00,2025-06-08,7,19.0,84,0.0,0.0,0.0,0.0,3,Overcast,100,,5.6,15.1,Cloudy,66.2
2025-06-08T08:00,2025-06-08,8,21.0,71,0.0,0.0,0.0,0.0,3,Overcast,100,,7.7,22.0,Cloudy,69.8
2025-06-08T09:00,2025-06-08,9,22.2,65,0.0,0.0,0.0,0.0,3,Overcast,100,,9.5,25.6,Cloudy,71.96
2025-06-08T10:00,2025-06-08,10,23.9,57,0.0,0.0,0.0,0.0,3,Overcast,99,,11.0,30.6,Cloudy,75.02
2025-06-08T11:00,2025-06-08,11,24.2,60,0.1,0.1,0.0,0.0,51,Light Drizzle,100,,11.1,30.6,Rain,75.56
2025-06-08T12:00,2025-06-08,12,23.4,66,0.2,0.2,0.0,0.0,51,Light Drizzle,61,,12.4,32.8,Rain,74.12
2025-06-08T13:00,2025-06-08,13,23.2,65,0.0,0.0,0.0,0.0,3,Overcast,100,,13.5,34.9,Cloudy,73.75999999999999
2025-06-08T14:00,2025-06-08,14,23.5,62,0.0,0.0,0.0,0.0,3,Overcast,100,,15.2,39.2,Cloudy,74.3
2025-06-08T15:00,2025-06-08,15,21.6,68,0.0,0.0,0.0,0.0,3,Overcast,100,,14.3,39.2,Cloudy,70.88
2025-06-08T16:00,2025-06-08,16,20.2,75,0.0,0.0,0.0,0.0,3,Overcast,100,,12.0,36.4,Cloudy,68.36
2025-06-08T17:00,2025-06-08,17,19.2,81,0.5,0.5,0.0,0.0,53,Moderate Drizzle,100,,11.5,30.2,Rain,66.56
2025-06-08T18:00,2025-06-08,18,18.7,82,0.2,0.2,0.0,0.0,51,Light Drizzle,100,,10.6,27.0,Rain,65.66
2025-06-08T19:00,2025-06-08,19,18.0,86,0.1,0.1,0.0,0.0,51,Light Drizzle,100,,10.4,24.5,Rain,64.4
2025-06-08T20:00,2025-06-08,20,17.5,90,0.1,0.1,0.0,0.0,51,Light Drizzle,100,,8.8,21.6,Rain,63.5
2025-06-08T21:00,2025-06-08,21,17.0,92,0.0,0.0,0.0,0.0,3,Overcast,100,,11.0,25.6,Cloudy,62.6
2025-06-08T22:00,2025-06-08,22,16.6,94,0.5,0.5,0.0,0.0,53,Moderate Drizzle,100,,11.5,25.9,Rain,61.88
2025-06-08T23:00,2025-06-08,23,16.4,94,0.5,0.5,0.0,0.0,53,Moderate Drizzle,100,,8.1,26.3,Rain,61.519999999999996
2025-06-09T00:00,2025-06-09,0,16.2,94,0.4,0.4,0.0,0.0,51,Light Drizzle,100,,8.5,19.8,Rain,61.16
2025-06-09T01:00,2025-06-09,1,15.9,93,0.1,0.1,0.0,0.0,51,Light Drizzle,100,,9.0,21.6,Rain,60.62
2025-06-09T02:00,2025-06-09,2,15.8,93,0.0,0.0,0.0,0.0,3,Overcast,100,,8.3,21.6,Cloudy,60.440000000000005
2025-06-09T03:00,2025-06-09,3,15.6,94,0.0,0.0,0.0,0.0,3,Overcast,100,,7.4,20.2,Cloudy,60.08
2025-06-09T04:00,2025-06-09,4,15.4,94,0.0,0.0,0.0,0.0,3,Overcast,100,,8.5,19.8,Cloudy,59.72
2025-06-09T05:00,2025-06-09,5,15.2,95,0.2,0.2,0.0,0.0,51,Light Drizzle,100,,9.9,21.2,Rain,59.36
2025-06-09T06:00,2025-06-09,6,15.4,93,0.3,0.3,0.0,0.0,51,Light Drizzle,100,,9.2,22.3,Rain,59.72
2025-06-09T07:00,2025-06-09,7,15.7,92,0.2,0.2,0.0,0.0,51,Light Drizzle,100,,10.5,24.5,Rain,60.26
2025-06-09T08:00,2025-06-09,8,16.9,87,0.1,0.1,0.0,0.0,51,Light Drizzle,100,,9.6,24.5,Rain,62.42
2025-06-09T09:00,2025-06-09,9,17.6,84,0.0,0.0,0.0,0.0,3,Overcast,100,,9.3,24.8,Cloudy,63.68
2025-06-09T10:00,2025-06-09,10,18.3,83,0.2,0.2,0.0,0.0,51,Light Drizzle,100,,1.8,23.8,Rain,64.94
2025-06-09T11:00,2025-06-09,11,19.6,79,0.6,0.6,0.0,0.0,53,Moderate Drizzle,100,,6.5,20.9,Rain,67.28
2025-06-09T12:00,2025-06-09,12,20.8,76,0.0,0.0,0.0,0.0,3,Overcast,100,,6.5,20.5,Cloudy,69.44
2025-06-09T13:00,2025-06-09,13,21.1,76,0.1,0.1,0.0,0.0,51,Light Drizzle,100,,7.2,20.5,Rain,69.98
2025-06-09T14:00,2025-06-09,14,21.1,78,0.2,0.2,0.0,0.0,51,Light Drizzle,100,,6.8,20.5,Rain,69.98
2025-06-09T15:00,2025-06-09,15,21.1,79,0.1,0.1,0.0,0.0,51,Light Drizzle,100,,7.0,19.8,Rain,69.98
2025-06-09T16:00,2025-06-09,16,21.5,78,0.1,0.1,0.0,0.0,51,Light Drizzle,100,,7.8,22.3,Rain,70.7
2025-06-09T17:00,2025-06-09,17,21.0,80,0.0,0.0,0.0,0.0,3,Overcast,100,,9.2,23.0,Cloudy,69.8
2025-06-09T18:00,2025-06-09,18,20.3,82,0.0,0.0,0.0,0.0,3,Overcast,100,,9.1,23.4,Cloudy,68.54
2025-06-09T19:00,2025-06-09,19,19.3,86,0.0,0.0,0.0,0.0,3,Overcast,100,,9.0,23.4,Cloudy,66.74000000000001
2025-06-09T20:00,2025-06-09,20,18.0,88,0.0,0.0,0.0,0.0,3,Overcast,100,,4.4,16.9,Cloudy,64.4
2025-06-09T21:00,2025-06-09,21,17.8,90,0.0,0.0,0.0,0.0,3,Overcast,100,,4.9,11.5,Cloudy,64.04
2025-06-09T22:00,2025-06-09,22,17.6,91,0.0,0.0,0.0,0.0,3,Overcast,100,,5.3,14.0,Cloudy,63.68
2025-06-09T23:00,2025-06-09,23,17.6,91,0.0,0.0,0.0,0.0,3,Overcast,100,,2.5,12.2,Cloudy,63.68
2025-06-10T00:00,2025-06-10,0,17.5,92,0.0,0.0,0.0,0.0,3,Overcast,100,,3.0,7.6,Cloudy,63.5
2025-06-10T01:00,2025-06-10,1,17.5,92,0.0,0.0,0.0,0.0,3,Overcast,100,,5.4,13.7,Cloudy,63.5
2025-06-10T02:00,2025-06-10,2,17.2,95,0.0,0.0,0.0,0.0,3,Overcast,100,,1.9,13.3,Cloudy,62.959999999999994
2025-06-10T03:00,2025-06-10,3,17.1,96,0.0,0.0,0.0,0.0,3,Overcast,100,,2.2,5.4,Cloudy,62.78
2025-06-10T04:00,2025-06-10,4,17.1,96,0.0,0.0,0.0,0.0,3,Overcast,100,,4.6,10.4,Cloudy,62.78
2025-06-10T05:00,2025-06-10,5,17.2,95,0.0,0.0,0.0,0.0,3,Overcast,100,,7.2,14.4,Cloudy,62.959999999999994
2025-06-10T06:00,2025-06-10,6,17.5,95,0.2,0.2,0.0,0.0,51,Light Drizzle,100,,8.2,20.9,Rain,63.5
2025-06-10T07:00,2025-06-10,7,17.9,94,0.3,0.3,0.0,0.0,51,Light Drizzle,100,,4.3,21.6,Rain,64.22
2025-06-10T08:00,2025-06-10,8,18.0,95,2.5,2.5,0.0,0.0,63,Moderate Rain,100,,6.5,19.1,Rain,64.4
2025-06-10T09:00,2025-06-10,9,17.9,95,5.5,5.5,0.0,0.0,63,Moderate Rain,100,,3.1,14.4,Rain,64.22
2025-06-10T10:00,2025-06-10,10,18.1,95,7.5,7.5,0.0,0.0,63,Moderate Rain,100,,4.5,13.3,Rain,64.58
2025-06-10T11:00,2025-06-10,11,19.5,88,1.5,1.5,0.0,0.0,61,Slight Rain,100,,4.2,14.8,Rain,67.1
2025-06-10T12:00,2025-06-10,12,21.0,83,0.0,0.0,0.0,0.0,3,Overcast,100,,2.8,17.3,Cloudy,69.8
2025-06-10T13:00,2025-06-10,13,22.7,77,0.0,0.0,0.0,0.0,3,Overcast,100,,4.0,14.4,Cloudy,72.86
2025-06-10T14:00,2025-06-10,14,24.0,73,0.0,0.0,0.0,0.0,3,Overcast,100,,8.4,22.3,Cloudy,75.2
2025-06-10T15:00,2025-06-10,15,24.5,70,0.0,0.0,0.0,0.0,1,Mainly Clear,38,,9.7,31.0,Clear,76.1
2025-06-10T16:00,2025-06-10,16,25.2,67,0.0,0.0,0.0,0.0,0,Clear,13,,9.3,31.3,Clear,77.36
2025-06-10T17:00,2025-06-10,17,25.6,65,0.0,0.0,0.0,0.0,2,Partly Cloudy,52,,12.5,33.1,Cloudy,78.08
2025-06-10T18:00,2025-06-10,18,25.0,67,0.0,0.0,0.0,0.0,1,Mainly Clear,48,,10.1,33.8,Clear,77.0
2025-06-10T19:00,2025-06-10,19,23.9,71,0.0,0.0,0.0,0.0,3,Overcast,94,,8.6,23.8,Cloudy,75.02
2025-06-10T20:00,2025-06-10,20,22.5,77,0.0,0.0,0.0,0.0,3,Overcast,96,,4.8,13.3,Cloudy,72.5
2025-06-10T21:00,2025-06-10,21,22.9,69,0.0,0.0,0.0,0.0,3,Overcast,100,,7.9,16.6,Cloudy,73.22
2025-06-10T22:00,2025-06-10,22,22.1,68,0.0,0.0,0.0,0.0,3,Overcast,99,,7.9,16.9,Cloudy,71.78
2025-06-10T23:00,2025-06-10,23,20.9,72,0.0,0.0,0.0,0.0,0,Clear,12,,5.9,16.6,Clear,69.62
2025-06-11T00:00,2025-06-11,0,19.5,79,0.0,0.0,0.0,0.0,0,Clear,14,,4.5,11.9,Clear,67.1
2025-06-11T01:00,2025-06-11,1,18.8,82,0.0,0.0,0.0,0.0,0,Clear,0,,4.2,7.9,Clear,65.84
2025-06-11T02:00,2025-06-11,2,18.2,85,0.0,0.0,0.0,0.0,0,Clear,0,,2.6,8.3,Clear,64.75999999999999
2025-06-11T03:00,2025-06-11,3,17.5,88,0.0,0.0,0.0,0.0,0,Clear,0,,3.0,5.0,Clear,63.5
2025-06-11T04:00,2025-06-11,4,17.0,91,0.0,0.0,0.0,0.0,0,Clear,0,,4.0,7.9,Clear,62.6
2025-06-11T05:00,2025-06-11,5,17.1,92,0.0,0.0,0.0,0.0,0,Clear,0,,4.6,9.4,Clear,62.78
2025-06-11T06:00,2025-06-11,6,18.4,88,0.0,0.0,0.0,0.0,0,Clear,0,,5.2,11.5,Clear,65.12
2025-06-11T07:00,2025-06-11,7,20.5,80,0.0,0.0,0.0,0.0,0,Clear,0,,1.9,11.2,Clear,68.9
2025-06-11T08:00,2025-06-11,8,23.1,61,0.0,0.0,0.0,0.0,0,Clear,0,,3.8,14.4,Clear,73.58
2025-06-11T09:00,2025-06-11,9,24.9,44,0.0,0.0,0.0,0.0,0,Clear,0,,6.4,19.8,Clear,76.82
2025-06-11T10:00,2025-06-11,10,26.1,39,0.0,0.0,0.0,0.0,0,Clear,0,,7.9,23.4,Clear,78.98
2025-06-11T11:00,2025-06-11,11,27.2,37,0.0,0.0,0.0,0.0,0,Clear,0,,9.1,26.3,Clear,80.96
2025-06-11T12:00,2025-06-11,12,28.7,32,0.0,0.0,0.0,0.0,2,Partly Cloudy,57,,15.6,38.2,Cloudy,83.66
2025-06-11T13:00,2025-06-11,13,29.0,31,0.0,0.0,0.0,0.0,3,Overcast,93,,17.1,41.8,Cloudy,84.2
2025-06-11T14:00,2025-06-11,14,28.9,32,0.0,0.0,0.0,0.0,1,Mainly Clear,36,,18.4,43.6,Clear,84.02
2025-06-11T15:00,2025-06-11,15,28.7,35,0.0,0.0,0.0,0.0,2,Partly Cloudy,51,,18.7,46.1,Cloudy,83.66
2025-06-11T16:00,2025-06-11,16,28.4,36,0.0,0.0,0.0,0.0,0,Clear,4,,16.2,43.9,Clear,83.12
2025-06-11T17:00,2025-06-11,17,28.6,35,0.0,0.0,0.0,0.0,1,Mainly Clear,26,,14.7,38.5,Clear,83.48
2025-06-11T18:00,2025-06-11,18,27.6,38,0.0,0.0,0.0,0.0,0,Clear,1,,13.3,33.8,Clear,81.68
2025-06-11T19:00,2025-06-11,19,25.9,43,0.0,0.0,0.0,0.0,0,Clear,0,,11.6,31.3,Clear,78.62
2025-06-11T20:00,2025-06-11,20,25.4,44,0.0,0.0,0.0,0.0,0,Clear,1,,8.6,24.1,Clear,77.72
2025-06-11T21:00,2025-06-11,21,24.0,50,0.0,0.0,0.0,0.0,0,Clear,0,,7.6,18.4,Clear,75.2
2025-06-11T22:00,2025-06-11,22,23.5,53,0.0,0.0,0.0,0.0,0,Clear,0,,9.8,20.5,Clear,74.3
2025-06-11T23:00,2025-06-11,23,22.8,54,0.0,0.0,0.0,0.0,0,Clear,0,,9.9,21.2,Clear,73.04
2025-06-12T00:00,2025-06-12,0,21.9,56,0.0,0.0,0.0,0.0,0,Clear,0,,9.7,20.9,Clear,71.42
2025-06-12T01:00,2025-06-12,1,21.2,59,0.0,0.0,0.0,0.0,0,Clear,0,,9.4,20.5,Clear,70.16
2025-06-12T02:00,2025-06-12,2,20.7,63,0.0,0.0,0.0,0.0,0,Clear,2,,10.7,22.3,Clear,69.25999999999999
2025-06-12T03:00,2025-06-12,3,20.4,66,0.0,0.0,0.0,0.0,0,Clear,1,,11.6,24.5,Clear,68.72
2025-06-12T04:00,2025-06-12,4,20.0,70,0.0,0.0,0.0,0.0,1,Mainly Clear,31,,10.9,24.5,Clear,68.0
2025-06-12T05:00,2025-06-12,5,19.8,72,0.0,0.0,0.0,0.0,0,Clear,18,,10.7,22.7,Clear,67.64
2025-06-12T06:00,2025-06-12,6,20.9,68,0.0,0.0,0.0,0.0,1,Mainly Clear,32,,8.9,23.4,Clear,69.62
2025-06-12T07:00,2025-06-12,7,22.9,61,0.0,0.0,0.0,0.0,1,Mainly Clear,26,,8.4,22.0,Clear,73.22
2025-06-12T08:00,2025-06-12,8,26.5,49,0.0,0.0,0.0,0.0,2,Partly Cloudy,57,,7.6,23.4,Cloudy,79.7
2025-06-12T09:00,2025-06-12,9,28.7,43,0.0,0.0,0.0,0.0,2,Partly Cloudy,54,,8.7,26.6,Cloudy,83.66
2025-06-12T10:00,2025-06-12,10,30.5,38,0.0,0.0,0.0,0.0,0,Clear,8,,9.6,29.5,Clear,86.9
2025-06-12T11:00,2025-06-12,11,32.2,31,0.0,0.0,0.0,0.0,0,Clear,0,,9.8,30.6,Clear,89.96000000000001
2025-06-12T12:00,2025-06-12,12,33.3,27,0.0,0.0,0.0,0.0,0,Clear,0,,11.0,33.8,Clear,91.94
2025-06-12T13:00,2025-06-12,13,33.8,27,0.0,0.0,0.0,0.0,0,Clear,5,,13.1,37.1,Clear,92.84
2025-06-12T14:00,2025-06-12,14,33.7,28,0.1,0.1,0.0,0.0,51,Light Drizzle,72,,16.3,42.1,Rain,92.66
2025-06-12T15:00,2025-06-12,15,33.5,29,0.0,0.0,0.0,0.0,2,Partly Cloudy,79,,14.9,43.2,Cloudy,92.3
2025-06-12T16:00,2025-06-12,16,32.7,31,0.1,0.1,0.0,0.0,51,Light Drizzle,74,,15.8,44.6,Rain,90.86
2025-06-12T17:00,2025-06-12,17,30.6,41,0.0,0.0,0.0,0.0,3,Overcast,100,,16.4,43.9,Cloudy,87.08000000000001
2025-06-12T18:00,2025-06-12,18,30.0,44,0.0,0.0,0.0,0.0,3,Overcast,100,,12.3,40.0,Cloudy,86.0
2025-06-12T19:00,2025-06-12,19,29.0,47,0.0,0.0,0.0,0.0,3,Overcast,99,,12.3,31.3,Cloudy,84.2
2025-06-12T20:00,2025-06-12,20,28.8,46,0.1,0.1,0.0,0.0,51,Light Drizzle,73,,9.1,29.9,Rain,83.84
2025-06-12T21:00,2025-06-12,21,27.9,51,0.0,0.0,0.0,0.0,3,Overcast,99,,8.1,18.4,Cloudy,82.22
2025-06-12T22:00,2025-06-12,22,26.7,54,0.0,0.0,0.0,0.0,3,Overcast,100,,9.2,19.1,Cloudy,80.06
2025-06-12T23:00,2025-06-12,23,25.4,48,0.0,0.0,0.0,0.0,3,Overcast,100,,9.2,22.0,Cloudy,77.72
2025-06-13T00:00,2025-06-13,0,24.1,47,0.0,0.0,0.0,0.0,3,Overcast,100,,8.3,20.2,Cloudy,75.38
2025-06-13T01:00,2025-06-13,1,23.1,48,0.0,0.0,0.0,0.0,3,Overcast,100,,7.5,18.0,Cloudy,73.58
2025-06-13T02:00,2025-06-13,2,22.2,52,0.0,0.0,0.0,0.0,3,Overcast,100,,7.6,16.2,Cloudy,71.96
2025-06-13T03:00,2025-06-13,3,21.5,56,0.0,0.0,0.0,0.0,3,Overcast,100,,6.5,16.2,Cloudy,70.7
2025-06-13T04:00,2025-06-13,4,20.8,60,0.0,0.0,0.0,0.0,3,Overcast,100,,7.1,14.8,Cloudy,69.44
2025-06-13T05:00,2025-06-13,5,20.2,62,0.0,0.0,0.0,0.0,3,Overcast,100,,7.1,15.8,Cloudy,68.36
2025-06-13T06:00,2025-06-13,6,20.5,56,0.0,0.0,0.0,0.0,3,Overcast,100,,8.0,19.1,Cloudy,68.9
2025-06-13T07:00,2025-06-13,7,21.6,45,0.0,0.0,0.0,0.0,3,Overcast,100,,7.7,22.7,Cloudy,70.88
2025-06-13T08:00,2025-06-13,8,23.3,35,0.0,0.0,0.0,0.0,3,Overcast,92,,8.3,24.8,Cloudy,73.94
2025-06-13T09:00,2025-06-13,9,25.0,29,0.0,0.0,0.0,0.0,3,Overcast,100,,8.8,27.7,Cloudy,77.0
2025-06-13T10:00,2025-06-13,10,26.7,26,0.0,0.0,0.0,0.0,3,Overcast,100,,8.2,28.1,Cloudy,80.06
2025-06-13T11:00,2025-06-13,11,28.5,24,0.0,0.0,0.0,0.0,3,Overcast,100,,6.5,27.4,Cloudy,83.3
2025-06-13T12:00,2025-06-13,12,29.7,23,0.0,0.0,0.0,0.0,3,Overcast,100,,5.2,24.8,Cloudy,85.46000000000001
2025-06-13T13:00,2025-06-13,13,29.8,25,0.0,0.0,0.0,0.0,3,Overcast,100,,8.5,28.4,Cloudy,85.64
2025-06-13T14:00,2025-06-13,14,28.6,29,0.0,0.0,0.0,0.0,3,Overcast,100,,12.5,36.0,Cloudy,83.48
2025-06-13T15:00,2025-06-13,15,27.7,31,0.0,0.0,0.0,0.0,3,Overcast,100,,11.9,37.1,Cloudy,81.86
2025-06-13T16:00,2025-06-13,16,26.9,34,0.0,0.0,0.0,0.0,3,Overcast,92,,10.9,34.2,Cloudy,80.42
2025-06-13T17:00,2025-06-13,17,26.0,35,0.0,0.0,0.0,0.0,3,Overcast,99,,11.7,31.7,Cloudy,78.8
2025-06-13T18:00,2025-06-13,18,24.6,38,0.0,0.0,0.0,0.0,3,Overcast,100,,11.1,31.7,Cloudy,76.28
2025-06-13T19:00,2025-06-13,19,23.0,44,0.0,0.0,0.0,0.0,3,Overcast,99,,8.4,29.2,Cloudy,73.4
2025-06-13T20:00,2025-06-13,20,21.5,49,0.0,0.0,0.0,0.0,3,Overcast,100,,8.1,22.7,Cloudy,70.7
2025-06-13T21:00,2025-06-13,21,21.1,49,0.0,0.0,0.0,0.0,3,Overcast,100,,7.2,20.5,Cloudy,69.98
2025-06-13T22:00,2025-06-13,22,21.2,48,0.0,0.0,0.0,0.0,3,Overcast,99,,5.0,17.6,Cloudy,70.16
2025-06-13T23:00,2025-06-13,23,21.0,47,0.0,0.0,0.0,0.0,3,Overcast,100,,5.6,13.3,Cloudy,69.8
2025-06-14T00:00,2025-06-14,0,20.5,49,0.0,0.0,0.0,0.0,3,Overcast,100,,6.1,15.8,Cloudy,68.9
2025-06-14T01:00,2025-06-14,1,20.0,52,0.0,0.0,0.0,0.0,3,Overcast,100,,6.3,15.1,Cloudy,68.0
2025-06-14T02:00,2025-06-14,2,19.5,56,0.0,0.0,0.0,0.0,3,Overcast,98,,7.6,18.4,Cloudy,67.1
2025-06-14T03:00,2025-06-14,3,18.9,63,0.0,0.0,0.0,0.0,3,Overcast,100,,8.5,20.2,Cloudy,66.02
2025-06-14T04:00,2025-06-14,4,18.1,72,0.2,0.2,0.0,0.0,51,Light Drizzle,100,,8.8,20.9,Rain,64.58
2025-06-14T05:00,2025-06-14,5,17.9,76,0.0,0.0,0.0,0.0,3,Overcast,100,,10.4,24.5,Cloudy,64.22
2025-06-14T06:00,2025-06-14,6,17.7,79,0.1,0.1,0.0,0.0,51,Light Drizzle,100,,11.9,28.4,Rain,63.86
2025-06-14T07:00,2025-06-14,7,16.9,85,1.7,1.7,0.0,0.0,61,Slight Rain,100,,14.4,30.2,Rain,62.42
2025-06-14T08:00,2025-06-14,8,17.1,73,0.1,0.1,0.0,0.0,51,Light Drizzle,100,,11.7,29.9,Rain,62.78
2025-06-14T09:00,2025-06-14,9,18.0,70,0.0,0.0,0.0,0.0,3,Overcast,100,,12.1,31.7,Cloudy,64.4
2025-06-14T10:00,2025-06-14,10,19.0,68,0.1,0.1,0.0,0.0,51,Light Drizzle,100,,13.0,33.5,Rain,66.2
2025-06-14T11:00,2025-06-14,11,18.8,69,0.1,0.1,0.0,0.0,51,Light Drizzle,100,,13.1,33.8,Rain,65.84
2025-06-14T12:00,2025-06-14,12,19.8,68,0.1,0.1,0.0,0.0,51,Light Drizzle,100,,13.5,35.3,Rain,67.64
2025-06-14T13:00,2025-06-14,13,19.9,69,0.2,0.2,0.0,0.0,51,Light Drizzle,100,,12.7,34.2,Rain,67.82
2025-06-14T14:00,2025-06-14,14,19.3,72,0.7,0.7,0.0,0.0,53,Moderate Drizzle,100,,11.9,32.8,Rain,66.74000000000001
2025-06-14T15:00,2025-06-14,15,18.9,75,0.9,0.9,0.0,0.0,53,Moderate Drizzle,100,,12.2,29.9,Rain,66.02
2025-06-14T16:00,2025-06-14,16,18.4,77,0.5,0.5,0.0,0.0,53,Moderate Drizzle,100,,12.4,29.9,Rain,65.12
2025-06-14T17:00,2025-06-14,17,18.5,75,0.2,0.2,0.0,0.0,51,Light Drizzle,100,,13.1,32.0,Rain,65.3
2025-06-14T18:00,2025-06-14,18,18.2,77,0.2,0.2,0.0,0.0,51,Light Drizzle,100,,12.2,31.3,Rain,64.75999999999999
2025-06-14T19:00,2025-06-14,19,17.8,79,0.1,0.1,0.0,0.0,51,Light Drizzle,100,,11.3,28.8,Rain,64.04
2025-06-14T20:00,2025-06-14,20,16.2,84,0.1,0.1,0.0,0.0,51,Light Drizzle,100,,9.6,24.8,Rain,61.16
2025-06-14T21:00,2025-06-14,21,16.0,83,0.0,0.0,0.0,0.0,3,Overcast,100,,9.0,24.8,Cloudy,60.8
2025-06-14T22:00,2025-06-14,22,15.9,83,0.0,0.0,0.0,0.0,3,Overcast,100,,7.1,23.4,Cloudy,60.62
2025-06-14T23:00,2025-06-14,23,15.9,83,0.0,0.0,0.0,0.0,3,Overcast,100,,7.3,18.7,Cloudy,60.62
2025-06-15T00:00,2025-06-15,0,15.8,82,0.0,0.0,0.0,0.0,3,Overcast,100,,6.7,19.1,Cloudy,60.440000000000005
2025-06-15T01:00,2025-06-15,1,15.6,84,0.0,0.0,0.0,0.0,3,Overcast,100,,5.6,17.3,Cloudy,60.08
2025-06-15T02:00,2025-06-15,2,15.6,83,0.0,0.0,0.0,0.0,3,Overcast,100,,5.4,13.7,Cloudy,60.08
2025-06-15T03:00,2025-06-15,3,15.6,83,0.0,0.0,0.0,0.0,3,Overcast,100,,5.6,13.3,Cloudy,60.08
2025-06-15T04:00,2025-06-15,4,15.4,84,0.0,0.0,0.0,0.0,3,Overcast,100,,6.4,15.1,Cloudy,59.72
2025-06-15T05:00,2025-06-15,5,15.4,85,0.0,0.0,0.0,0.0,3,Overcast,100,,5.7,14.8,Cloudy,59.72
2025-06-15T06:00,2025-06-15,6,15.6,84,0.0,0.0,0.0,0.0,3,Overcast,100,,6.5,16.2,Cloudy,60.08
2025-06-15T07:00,2025-06-15,7,15.9,82,0.0,0.0,0.0,0.0,3,Overcast,100,,8.0,19.1,Cloudy,60.62
2025-06-15T08:00,2025-06-15,8,15.2,90,1.2,1.2,0.0,0.0,55,Dense Drizzle,100,,8.4,18.4,Rain,59.36
2025-06-15T09:00,2025-06-15,9,15.6,86,1.2,1.2,0.0,0.0,55,Dense Drizzle,100,,11.0,22.3,Rain,60.08
2025-06-15T10:00,2025-06-15,10,16.5,81,0.5,0.5,0.0,0.0,53,Moderate Drizzle,100,,9.4,25.2,Rain,61.7
2025-06-15T11:00,2025-06-15,11,16.8,81,0.1,0.1,0.0,0.0,51,Light Drizzle,100,,7.7,23.0,Rain,62.24
2025-06-15T12:00,2025-06-15,12,18.1,76,0.0,0.0,0.0,0.0,3,Overcast,100,,6.3,21.2,Cloudy,64.58
2025-06-15T13:00,2025-06-15,13,18.4,76,0.1,0.1,0.0,0.0,51,Light Drizzle,100,,5.1,18.7,Rain,65.12
2025-06-15T14:00,2025-06-15,14,19.1,74,0.1,0.1,0.0,0.0,51,Light Drizzle,100,,6.1,18.0,Rain,66.38
2025-06-15T15:00,2025-06-15,15,19.6,73,0.0,0.0,0.0,0.0,3,Overcast,100,,6.4,19.4,Cloudy,67.28
2025-06-15T16:00,2025-06-15,16,19.6,73,0.0,0.0,0.0,0.0,3,Overcast,100,,6.1,19.1,Cloudy,67.28
2025-06-15T17:00,2025-06-15,17,19.5,74,0.0,0.0,0.0,0.0,3,Overcast,100,,6.0,17.6,Cloudy,67.1
2025-06-15T18:00,2025-06-15,18,18.7,77,0.0,0.0,0.0,0.0,3,Overcast,100,,5.7,17.3,Cloudy,65.66
2025-06-15T19:00,2025-06-15,19,18.0,78,0.0,0.0,0.0,0.0,3,Overcast,100,,5.0,14.8,Cloudy,64.4
2025-06-15T20:00,2025-06-15,20,17.2,82,1.3,1.3,0.0,0.0,61,Slight Rain,100,,2.5,10.8,Rain,62.959999999999994
2025-06-15T21:00,2025-06-15,21,17.0,87,0.8,0.8,0.0,0.0,53,Moderate Drizzle,100,,2.7,7.2,Rain,62.6
2025-06-15T22:00,2025-06-15,22,16.8,88,0.1,0.1,0.0,0.0,51,Light Drizzle,100,,1.8,6.8,Rain,62.24
2025-06-15T23:00,2025-06-15,23,16.5,89,0.0,0.0,0.0,0.0,3,Overcast,100,,2.0,6.1,Cloudy,61.7
2025-06-16T00:00,2025-06-16,0,16.5,90,0.0,0.0,0.0,0.0,3,Overcast,100,,4.2,9.0,Cloudy,61.7
2025-06-16T01:00,2025-06-16,1,16.4,90,0.0,0.0,0.0,0.0,3,Overcast,100,,5.1,11.2,Cloudy,61.519999999999996
2025-06-16T02:00,2025-06-16,2,16.1,90,0.0,0.0,0.0,0.0,3,Overcast,100,,6.2,12.6,Cloudy,60.980000000000004
2025-06-16T03:00,2025-06-16,3,16.0,86,0.0,0.0,0.0,0.0,3,Overcast,100,,6.8,14.4,Cloudy,60.8
2025-06-16T04:00,2025-06-16,4,15.9,86,0.0,0.0,0.0,0.0,3,Overcast,100,,6.4,14.4,Cloudy,60.62
2025-06-16T05:00,2025-06-16,5,15.8,86,0.0,0.0,0.0,0.0,3,Overcast,100,,7.3,15.1,Cloudy,60.440000000000005
2025-06-16T06:00,2025-06-16,6,16.4,86,0.0,0.0,0.0,0.0,3,Overcast,100,,8.0,18.7,Cloudy,61.519999999999996
2025-06-16T07:00,2025-06-16,7,17.4,83,0.0,0.0,0.0,0.0,3,Overcast,100,,9.2,23.4,Cloudy,63.32
2025-06-16T08:00,2025-06-16,8,17.6,84,0.1,0.1,0.0,0.0,51,Light Drizzle,100,,10.4,23.8,Rain,63.68
2025-06-16T09:00,2025-06-16,9,18.1,82,0.0,0.0,0.0,0.0,3,Overcast,100,,12.1,30.2,Cloudy,64.58
2025-06-16T10:00,2025-06-16,10,18.4,82,0.0,0.0,0.0,0.0,3,Overcast,100,,10.9,29.2,Cloudy,65.12
2025-06-16T11:00,2025-06-16,11,18.9,82,0.1,0.1,0.0,0.0,51,Light Drizzle,100,,9.9,25.9,Rain,66.02
2025-06-16T12:00,2025-06-16,12,19.4,80,0.1,0.1,0.0,0.0,51,Light Drizzle,100,,10.2,25.2,Rain,66.92
2025-06-16T13:00,2025-06-16,13,19.9,78,0.2,0.2,0.0,0.0,51,Light Drizzle,100,,10.7,26.3,Rain,67.82
2025-06-16T14:00,2025-06-16,14,20.0,79,0.2,0.2,0.0,0.0,51,Light Drizzle,100,,10.2,26.3,Rain,68.0
2025-06-16T15:00,2025-06-16,15,20.0,80,0.1,0.1,0.0,0.0,51,Light Drizzle,100,,10.0,24.8,Rain,68.0
2025-06-16T16:00,2025-06-16,16,19.9,80,0.0,0.0,0.0,0.0,3,Overcast,100,,9.1,24.5,Cloudy,67.82
2025-06-16T17:00,2025-06-16,17,19.6,82,0.0,0.0,0.0,0.0,3,Overcast,100,,7.5,22.3,Cloudy,67.28
2025-06-16T18:00,2025-06-16,18,19.4,83,0.0,0.0,0.0,0.0,3,Overcast,100,,6.0,19.1,Cloudy,66.92
2025-06-16T19:00,2025-06-16,19,18.8,85,0.0,0.0,0.0,0.0,3,Overcast,100,,4.5,16.2,Cloudy,65.84
2025-06-16T20:00,2025-06-16,20,18.2,89,0.5,0.5,0.0,0.0,53,Moderate Drizzle,100,,5.2,13.7,Rain,64.75999999999999
2025-06-16T21:00,2025-06-16,21,18.0,92,1.0,1.0,0.0,0.0,55,Dense Drizzle,100,,3.2,9.4,Rain,64.4
2025-06-16T22:00,2025-06-16,22,17.9,91,0.7,0.7,0.0,0.0,53,Moderate Drizzle,100,,4.3,9.4,Rain,64.22
2025-06-16T23:00,2025-06-16,23,17.6,92,1.3,1.3,0.0,0.0,61,Slight Rain,100,,6.5,13.0,Rain,63.68
2025-06-17T00:00,2025-06-17,0,17.4,92,0.7,0.7,0.0,0.0,53,Moderate Drizzle,100,,5.7,12.6,Rain,63.32
2025-06-17T01:00,2025-06-17,1,17.2,93,1.4,1.4,0.0,0.0,61,Slight Rain,100,,2.4,10.8,Rain,62.959999999999994
2025-06-17T02:00,2025-06-17,2,17.2,93,0.0,0.0,0.0,0.0,3,Overcast,100,,0.9,4.3,Cloudy,62.959999999999994
2025-06-17T03:00,2025-06-17,3,17.2,94,0.0,0.0,0.0,0.0,3,Overcast,100,,2.9,6.1,Cloudy,62.959999999999994
2025-06-17T04:00,2025-06-17,4,17.1,95,0.1,0.1,0.0,0.0,51,Light Drizzle,100,,4.2,7.9,Rain,62.78
2025-06-17T05:00,2025-06-17,5,17.1,97,0.6,0.6,0.0,0.0,53,Moderate Drizzle,100,,4.8,9.7,Rain,62.78
2025-06-17T06:00,2025-06-17,6,17.5,95,0.2,0.2,0.0,0.0,51,Light Drizzle,100,,6.0,13.7,Rain,63.5
2025-06-17T07:00,2025-06-17,7,17.9,94,0.3,0.3,0.0,0.0,51,Light Drizzle,100,,6.1,14.8,Rain,64.22
2025-06-17T08:00,2025-06-17,8,18.1,91,0.0,0.0,0.0,0.0,3,Overcast,100,,6.2,18.0,Cloudy,64.58
2025-06-17T09:00,2025-06-17,9,18.6,90,0.0,0.0,0.0,0.0,3,Overcast,100,,6.4,16.2,Cloudy,65.48
2025-06-17T10:00,2025-06-17,10,19.6,87,0.0,0.0,0.0,0.0,3,Overcast,100,,7.9,19.8,Cloudy,67.28
2025-06-17T11:00,2025-06-17,11,20.2,86,0.4,0.4,0.0,0.0,51,Light Drizzle,100,,8.7,22.3,Rain,68.36
2025-06-17T12:00,2025-06-17,12,21.2,83,0.2,0.2,0.0,0.0,51,Light Drizzle,100,,10.8,27.0,Rain,70.16
2025-06-17T13:00,2025-06-17,13,21.3,83,0.0,0.0,0.0,0.0,3,Overcast,100,,10.4,28.1,Cloudy,70.34
2025-06-17T14:00,2025-06-17,14,21.1,85,0.0,0.0,0.0,0.0,3,Overcast,100,,9.6,26.6,Cloudy,69.98
2025-06-17T15:00,2025-06-17,15,21.0,85,0.0,0.0,0.0,0.0,3,Overcast,100,,8.8,24.8,Cloudy,69.8
2025-06-17T16:00,2025-06-17,16,20.9,86,0.0,0.0,0.0,0.0,3,Overcast,100,,8.2,23.0,Cloudy,69.62
2025-06-17T17:00,2025-06-17,17,21.0,86,0.0,0.0,0.0,0.0,3,Overcast,100,,8.1,22.0,Cloudy,69.8
2025-06-17T18:00,2025-06-17,18,20.4,89,0.0,0.0,0.0,0.0,3,Overcast,100,,6.9,21.2,Cloudy,68.72
2025-06-17T19:00,2025-06-17,19,19.8,91,0.0,0.0,0.0,0.0,3,Overcast,100,,6.1,17.6,Cloudy,67.64
2025-06-17T20:00,2025-06-17,20,19.2,93,0.0,0.0,0.0,0.0,3,Overcast,100,,5.6,16.2,Cloudy,66.56
2025-06-17T21:00,2025-06-17,21,18.9,94,0.0,0.0,0.0,0.0,3,Overcast,100,,5.7,13.7,Cloudy,66.02
2025-06-17T22:00,2025-06-17,22,18.6,95,0.0,0.0,0.0,0.0,3,Overcast,100,,6.3,14.4,Cloudy,65.48
2025-06-17T23:00,2025-06-17,23,18.5,96,0.1,0.1,0.0,0.0,51,Light Drizzle,100,,6.5,15.1,Rain,65.3
2025-06-18T00:00,2025-06-18,0,18.2,97,0.0,0.0,0.0,0.0,3,Overcast,100,,5.0,15.5,Cloudy,64.75999999999999
2025-06-18T01:00,2025-06-18,1,18.3,97,0.0,0.0,0.0,0.0,3,Overcast,100,,5.5,13.3,Cloudy,64.94
2025-06-18T02:00,2025-06-18,2,18.5,98,0.0,0.0,0.0,0.0,3,Overcast,100,,4.4,12.2,Cloudy,65.3
2025-06-18T03:00,2025-06-18,3,18.6,98,0.0,0.0,0.0,0.0,3,Overcast,100,,4.8,14.0,Cloudy,65.48
2025-06-18T04:00,2025-06-18,4,18.6,98,6.4,6.4,0.0,0.0,63,Moderate Rain,100,,4.5,13.7,Rain,65.48
2025-06-18T05:00,2025-06-18,5,18.8,98,0.1,0.1,0.0,0.0,51,Light Drizzle,100,,7.3,14.4,Rain,65.84
2025-06-18T06:00,2025-06-18,6,19.1,98,0.0,0.0,0.0,0.0,3,Overcast,100,,7.6,15.5,Cloudy,66.38
2025-06-18T07:00,2025-06-18,7,20.0,95,0.0,0.0,0.0,0.0,3,Overcast,100,,6.9,17.6,Cloudy,68.0
2025-06-18T08:00,2025-06-18,8,20.6,93,0.1,0.1,0.0,0.0,51,Light Drizzle,100,,7.1,18.7,Rain,69.08
2025-06-18T09:00,2025-06-18,9,21.8,90,0.0,0.0,0.0,0.0,3,Overcast,100,,6.1,19.1,Cloudy,71.24000000000001
2025-06-18T10:00,2025-06-18,10,22.5,89,0.3,0.3,0.0,0.0,51,Light Drizzle,100,,6.5,17.3,Rain,72.5
2025-06-18T11:00,2025-06-18,11,23.9,84,1.1,1.1,0.0,0.0,55,Dense Drizzle,100,,8.2,22.7,Rain,75.02
2025-06-18T12:00,2025-06-18,12,26.5,75,0.1,0.1,0.0,0.0,51,Light Drizzle,100,,8.1,24.1,Rain,79.7
2025-06-18T13:00,2025-06-18,13,27.8,69,0.0,0.0,0.0,0.0,3,Overcast,98,,6.3,23.4,Cloudy,82.04
2025-06-18T14:00,2025-06-18,14,28.6,69,0.0,0.0,0.0,0.0,3,Overcast,86,,7.4,20.5,Cloudy,83.48
2025-06-18T15:00,2025-06-18,15,26.5,79,0.0,0.0,0.0,0.0,3,Overcast,99,,12.1,31.3,Cloudy,79.7
2025-06-18T16:00,2025-06-18,16,23.6,89,0.0,0.0,0.0,0.0,3,Overcast,100,,11.2,32.0,Cloudy,74.48
2025-06-18T17:00,2025-06-18,17,23.4,90,0.9,0.9,0.0,0.0,53,Moderate Drizzle,100,,6.1,26.3,Rain,74.12
2025-06-18T18:00,2025-06-18,18,23.1,94,2.1,2.1,0.0,0.0,61,Slight Rain,100,,5.3,17.3,Rain,73.58
2025-06-18T19:00,2025-06-18,19,22.9,96,0.2,0.2,0.0,0.0,51,Light Drizzle,100,,2.9,12.6,Rain,73.22
2025-06-18T20:00,2025-06-18,20,22.6,96,0.1,0.1,0.0,0.0,51,Light Drizzle,100,,4.5,16.2,Rain,72.68
2025-06-18T21:00,2025-06-18,21,22.0,98,0.1,0.1,0.0,0.0,51,Light Drizzle,99,,2.3,10.8,Rain,71.6
2025-06-18T22:00,2025-06-18,22,22.0,98,0.0,0.0,0.0,0.0,3,Overcast,100,,2.9,7.6,Cloudy,71.6
2025-06-18T23:00,2025-06-18,23,22.2,97,0.0,0.0,0.0,0.0,1,Mainly Clear,39,,6.5,12.2,Clear,71.96
2025-06-19T00:00,2025-06-19,0,22.2,97,0.0,0.0,0.0,0.0,0,Clear,4,,6.3,14.0,Clear,71.96
2025-06-19T01:00,2025-06-19,1,22.2,98,0.0,0.0,0.0,0.0,1,Mainly Clear,22,,6.6,12.6,Clear,71.96
2025-06-19T02:00,2025-06-19,2,22.0,98,0.0,0.0,0.0,0.0,0,Clear,9,,6.8,12.6,Clear,71.6
2025-06-19T03:00,2025-06-19,3,22.0,99,0.0,0.0,0.0,0.0,3,Overcast,100,,8.7,16.9,Cloudy,71.6
2025-06-19T04:00,2025-06-19,4,22.0,99,0.0,0.0,0.0,0.0,3,Overcast,91,,8.3,16.6,Cloudy,71.6
2025-06-19T05:00,2025-06-19,5,22.1,98,0.0,0.0,0.0,0.0,0,Clear,1,,8.9,16.9,Clear,71.78
2025-06-19T06:00,2025-06-19,6,23.1,94,0.0,0.0,0.0,0.0,0,Clear,3,,11.2,22.0,Clear,73.58
2025-06-19T07:00,2025-06-19,7,24.4,91,0.0,0.0,0.0,0.0,0,Clear,3,,6.9,25.9,Clear,75.92
2025-06-19T08:00,2025-06-19,8,26.5,84,0.0,0.0,0.0,0.0,0,Clear,0,,5.5,17.6,Clear,79.7
2025-06-19T09:00,2025-06-19,9,28.3,75,0.0,0.0,0.0,0.0,0,Clear,0,,7.7,22.3,Clear,82.94
2025-06-19T10:00,2025-06-19,10,29.7,68,0.0,0.0,0.0,0.0,0,Clear,5,,10.3,27.7,Clear,85.46000000000001
2025-06-19T11:00,2025-06-19,11,30.9,62,0.0,0.0,0.0,0.0,0,Clear,16,,12.7,38.2,Clear,87.61999999999999
2025-06-19T12:00,2025-06-19,12,31.4,60,0.0,0.0,0.0,0.0,2,Partly Cloudy,66,,15.4,40.3,Cloudy,88.52
2025-06-19T13:00,2025-06-19,13,30.5,63,0.7,0.7,0.0,0.0,53,Moderate Drizzle,100,,11.3,42.8,Rain,86.9
2025-06-19T14:00,2025-06-19,14,30.6,57,0.0,0.0,0.0,0.0,1,Mainly Clear,35,,16.3,41.0,Clear,87.08000000000001
2025-06-19T15:00,2025-06-19,15,31.0,57,0.2,0.2,0.0,0.0,51,Light Drizzle,63,,17.1,45.0,Rain,87.8
2025-06-19T16:00,2025-06-19,16,29.1,67,0.8,0.8,0.0,0.0,53,Moderate Drizzle,70,,10.1,46.1,Rain,84.38000000000001
2025-06-19T17:00,2025-06-19,17,29.4,67,0.3,0.3,0.0,0.0,51,Light Drizzle,36,,9.4,28.1,Rain,84.91999999999999
2025-06-19T18:00,2025-06-19,18,26.5,76,2.2,2.2,0.0,0.0,61,Slight Rain,100,,13.8,35.6,Rain,79.7
2025-06-19T19:00,2025-06-19,19,24.8,84,0.3,0.3,0.0,0.0,51,Light Drizzle,73,,12.7,29.2,Rain,76.64
2025-06-19T20:00,2025-06-19,20,24.0,82,0.1,0.1,0.0,0.0,51,Light Drizzle,100,,16.4,36.0,Rain,75.2
2025-06-19T21:00,2025-06-19,21,23.3,82,0.1,0.1,0.0,0.0,51,Light Drizzle,99,,15.1,36.4,Rain,73.94
2025-06-19T22:00,2025-06-19,22,22.9,83,0.0,0.0,0.0,0.0,3,Overcast,83,,16.5,36.7,Cloudy,73.22
2025-06-19T23:00,2025-06-19,23,22.4,85,0.0,0.0,0.0,0.0,1,Mainly Clear,44,,16.5,38.9,Clear,72.32
2025-06-20T00:00,2025-06-20,0,22.1,87,0.0,0.0,0.0,0.0,0,Clear,8,,14.7,37.1,Clear,71.78
2025-06-20T01:00,2025-06-20,1,22.0,87,0.0,0.0,0.0,0.0,0,Clear,9,,14.9,33.1,Clear,71.6
2025-06-20T02:00,2025-06-20,2,21.5,81,0.0,0.0,0.0,0.0,0,Clear,4,,16.7,36.7,Clear,70.7
2025-06-20T03:00,2025-06-20,3,19.9,73,0.0,0.0,0.0,0.0,0,Clear,4,,17.8,42.1,Clear,67.82
2025-06-20T04:00,2025-06-20,4,18.9,73,0.0,0.0,0.0,0.0,0,Clear,3,,17.1,39.6,Clear,66.02
2025-06-20T05:00,2025-06-20,5,18.5,72,0.0,0.0,0.0,0.0,0,Clear,7,,16.5,38.5,Clear,65.3
2025-06-20T06:00,2025-06-20,6,19.0,68,0.0,0.0,0.0,0.0,0,Clear,1,,16.1,38.2,Clear,66.2
2025-06-20T07:00,2025-06-20,7,20.1,64,0.0,0.0,0.0,0.0,0,Clear,0,,14.9,34.6,Clear,68.18
2025-06-20T08:00,2025-06-20,8,22.8,55,0.0,0.0,0.0,0.0,0,Clear,0,,15.7,37.4,Clear,73.04
2025-06-20T09:00,2025-06-20,9,24.0,51,0.0,0.0,0.0,0.0,0,Clear,1,,16.3,39.6,Clear,75.2
2025-06-20T10:00,2025-06-20,10,25.2,48,0.0,0.0,0.0,0.0,0,Clear,0,,16.4,40.7,Clear,77.36
2025-06-20T11:00,2025-06-20,11,26.6,45,0.0,0.0,0.0,0.0,1,Mainly Clear,22,,17.7,43.2,Clear,79.88
2025-06-20T12:00,2025-06-20,12,26.8,47,0.2,0.2,0.0,0.0,51,Light Drizzle,25,,17.2,46.8,Rain,80.24000000000001
2025-06-20T13:00,2025-06-20,13,27.6,43,0.1,0.1,0.0,0.0,51,Light Drizzle,13,,16.8,46.1,Rain,81.68
2025-06-20T14:00,2025-06-20,14,28.2,42,0.0,0.0,0.0,0.0,0,Clear,18,,16.2,43.9,Clear,82.75999999999999
2025-06-20T15:00,2025-06-20,15,28.2,42,0.0,0.0,0.0,0.0,0,Clear,11,,15.5,41.8,Clear,82.75999999999999
2025-06-20T16:00,2025-06-20,16,28.0,44,0.0,0.0,0.0,0.0,3,Overcast,99,,16.0,40.7,Cloudy,82.4
2025-06-20T17:00,2025-06-20,17,27.4,47,0.0,0.0,0.0,0.0,3,Overcast,99,,15.6,39.6,Cloudy,81.32
2025-06-20T18:00,2025-06-20,18,26.5,52,0.0,0.0,0.0,0.0,0,Clear,10,,12.1,36.0,Clear,79.7
2025-06-20T19:00,2025-06-20,19,25.2,58,0.0,0.0,0.0,0.0,3,Overcast,99,,9.8,27.4,Cloudy,77.36
2025-06-20T20:00,2025-06-20,20,24.9,61,0.0,0.0,0.0,0.0,3,Overcast,100,,8.6,26.3,Cloudy,76.82
2025-06-20T21:00,2025-06-20,21,24.0,65,0.0,0.0,0.0,0.0,3,Overcast,98,,8.4,18.0,Cloudy,75.2
2025-06-20T22:00,2025-06-20,22,23.3,69,0.0,0.0,0.0,0.0,3,Overcast,98,,8.2,19.1,Cloudy,73.94
2025-06-20T23:00,2025-06-20,23,22.4,73,0.0,0.0,0.0,0.0,0,Clear,1,,6.9,16.9,Clear,72.32
2025-06-21T00:00,2025-06-21,0,21.8,76,0.0,0.0,0.0,0.0,0,Clear,18,,7.2,15.5,Clear,71.24000000000001
2025-06-21T01:00,2025-06-21,1,21.2,78,0.0,0.0,0.0,0.0,0,Clear,5,,6.7,15.1,Clear,70.16
2025-06-21T02:00,2025-06-21,2,20.8,78,0.0,0.0,0.0,0.0,3,Overcast,100,,5.5,14.0,Cloudy,69.44
2025-06-21T03:00,2025-06-21,3,21.1,75,0.0,0.0,0.0,0.0,3,Overcast,82,,6.7,14.0,Cloudy,69.98
2025-06-21T04:00,2025-06-21,4,20.3,80,0.0,0.0,0.0,0.0,0,Clear,7,,4.4,14.0,Clear,68.54
2025-06-21T05:00,2025-06-21,5,20.1,81,0.0,0.0,0.0,0.0,0,Clear,8,,4.0,7.9,Clear,68.18
2025-06-21T06:00,2025-06-21,6,21.6,74,0.0,0.0,0.0,0.0,0,Clear,2,,3.4,7.9,Clear,70.88
2025-06-21T07:00,2025-06-21,7,23.4,66,0.0,0.0,0.0,0.0,1,Mainly Clear,24,,3.0,11.2,Clear,74.12
2025-06-21T08:00,2025-06-21,8,25.7,56,0.0,0.0,0.0,0.0,0,Clear,7,,3.7,14.4,Clear,78.25999999999999
2025-06-21T09:00,2025-06-21,9,27.2,51,0.0,0.0,0.0,0.0,0,Clear,6,,3.3,15.1,Clear,80.96
2025-06-21T10:00,2025-06-21,10,28.6,46,0.0,0.0,0.0,0.0,0,Clear,2,,2.1,15.1,Clear,83.48
2025-06-21T11:00,2025-06-21,11,29.9,43,0.0,0.0,0.0,0.0,2,Partly Cloudy,56,,5.0,26.3,Cloudy,85.82
2025-06-21T12:00,2025-06-21,12,31.1,40,0.0,0.0,0.0,0.0,1,Mainly Clear,24,,6.8,26.3,Clear,87.98
2025-06-21T13:00,2025-06-21,13,32.3,36,0.0,0.0,0.0,0.0,2,Partly Cloudy,56,,8.8,26.3,Cloudy,90.14
2025-06-21T14:00,2025-06-21,14,33.2,33,0.0,0.0,0.0,0.0,1,Mainly Clear,40,,8.6,26.6,Clear,91.76
2025-06-21T15:00,2025-06-21,15,33.0,32,0.0,0.0,0.0,0.0,2,Partly Cloudy,79,,7.1,27.0,Cloudy,91.4
2025-06-21T16:00,2025-06-21,16,32.0,34,0.0,0.0,0.0,0.0,1,Mainly Clear,29,,6.9,24.1,Clear,89.6
2025-06-21T17:00,2025-06-21,17,31.9,36,0.0,0.0,0.0,0.0,1,Mainly Clear,20,,8.4,24.8,Clear,89.41999999999999
2025-06-21T18:00,2025-06-21,18,31.3,38,0.0,0.0,0.0,0.0,0,Clear,19,,8.2,23.8,Clear,88.34
2025-06-21T19:00,2025-06-21,19,30.2,41,0.0,0.0,0.0,0.0,2,Partly Cloudy,62,,9.3,22.0,Cloudy,86.36
2025-06-21T20:00,2025-06-21,20,29.2,47,0.0,0.0,0.0,0.0,2,Partly Cloudy,52,,13.3,29.9,Cloudy,84.56
2025-06-21T21:00,2025-06-21,21,28.2,53,0.0,0.0,0.0,0.0,3,Overcast,87,,12.5,29.9,Cloudy,82.75999999999999
2025-06-21T22:00,2025-06-21,22,27.8,55,0.0,0.0,0.0,0.0,3,Overcast,100,,15.2,33.1,Cloudy,82.04
2025-06-21T23:00,2025-06-21,23,27.3,57,0.0,0.0,0.0,0.0,3,Overcast,100,,12.6,34.6,Cloudy,81.14
2025-06-22T00:00,2025-06-22,0,26.8,59,0.0,0.0,0.0,0.0,1,Mainly Clear,34,,11.8,27.4,Clear,80.24000000000001
2025-06-22T01:00,2025-06-22,1,25.9,63,0.0,0.0,0.0,0.0,2,Partly Cloudy,64,,12.1,26.3,Cloudy,78.62
2025-06-22T02:00,2025-06-22,2,25.2,66,0.0,0.0,0.0,0.0,3,Overcast,87,,11.6,26.3,Cloudy,77.36
2025-06-22T03:00,2025-06-22,3,24.9,67,0.0,0.0,0.0,0.0,2,Partly Cloudy,74,,11.7,25.6,Cloudy,76.82
2025-06-22T04:00,2025-06-22,4,24.4,69,0.0,0.0,0.0,0.0,3,Overcast,100,,11.6,25.6,Cloudy,75.92
2025-06-22T05:00,2025-06-22,5,24.3,69,0.0,0.0,0.0,0.0,3,Overcast,100,,11.6,25.6,Cloudy,75.74000000000001
2025-06-22T06:00,2025-06-22,6,25.0,67,0.0,0.0,0.0,0.0,3,Overcast,99,,10.8,27.0,Cloudy,77.0
2025-06-22T07:00,2025-06-22,7,26.5,61,0.0,0.0,0.0,0.0,3,Overcast,100,,9.6,24.5,Cloudy,79.7
2025-06-22T08:00,2025-06-22,8,25.9,67,0.0,0.0,0.0,0.0,3,Overcast,100,,6.5,20.5,Cloudy,78.62
2025-06-22T09:00,2025-06-22,9,25.9,68,0.2,0.2,0.0,0.0,51,Light Drizzle,100,,7.1,16.9,Rain,78.62
2025-06-22T10:00,2025-06-22,10,26.7,66,0.1,0.1,0.0,0.0,51,Light Drizzle,100,,13.6,31.3,Rain,80.06
2025-06-22T11:00,2025-06-22,11,29.5,56,0.0,0.0,0.0,0.0,3,Overcast,100,,14.5,36.4,Cloudy,85.1
2025-06-22T12:00,2025-06-22,12,31.5,50,0.0,0.0,0.0,0.0,3,Overcast,100,,13.6,38.2,Cloudy,88.7
2025-06-22T13:00,2025-06-22,13,33.2,45,0.0,0.0,0.0,0.0,3,Overcast,100,,15.1,38.5,Cloudy,91.76
2025-06-22T14:00,2025-06-22,14,33.6,46,0.0,0.0,0.0,0.0,3,Overcast,100,,16.4,41.8,Cloudy,92.48
2025-06-22T15:00,2025-06-22,15,34.0,47,0.0,0.0,0.0,0.0,3,Overcast,100,,16.2,41.8,Cloudy,93.2
2025-06-22T16:00,2025-06-22,16,34.0,49,0.0,0.0,0.0,0.0,3,Overcast,100,,17.3,42.5,Cloudy,93.2
2025-06-22T17:00,2025-06-22,17,33.3,54,0.0,0.0,0.0,0.0,3,Overcast,100,,19.3,49.0,Cloudy,91.94
2025-06-22T18:00,2025-06-22,18,33.1,54,0.0,0.0,0.0,0.0,3,Overcast,100,,16.4,45.7,Cloudy,91.58000000000001
2025-06-22T19:00,2025-06-22,19,32.5,55,0.0,0.0,0.0,0.0,3,Overcast,100,,13.7,38.2,Cloudy,90.5
2025-06-22T20:00,2025-06-22,20,31.0,65,0.0,0.0,0.0,0.0,3,Overcast,100,,5.7,19.4,Cloudy,87.8
2025-06-22T21:00,2025-06-22,21,30.5,69,0.0,0.0,0.0,0.0,3,Overcast,100,,5.5,12.6,Cloudy,86.9
2025-06-22T22:00,2025-06-22,22,29.8,73,0.0,0.0,0.0,0.0,3,Overcast,98,,5.0,11.5,Cloudy,85.64
2025-06-22T23:00,2025-06-22,23,29.2,77,0.0,0.0,0.0,0.0,3,Overcast,97,,4.4,10.4,Cloudy,84.56
2025-06-23T00:00,2025-06-23,0,28.8,78,0.0,0.0,0.0,0.0,1,Mainly Clear,33,,4.6,9.4,Clear,83.84
2025-06-23T01:00,2025-06-23,1,28.2,80,0.0,0.0,0.0,0.0,0,Clear,3,,3.8,9.4,Clear,82.75999999999999
2025-06-23T02:00,2025-06-23,2,27.5,82,0.0,0.0,0.0,0.0,0,Clear,3,,3.7,8.3,Clear,81.5
2025-06-23T03:00,2025-06-23,3,27.1,83,0.0,0.0,0.0,0.0,2,Partly Cloudy,59,,4.5,9.4,Cloudy,80.78
2025-06-23T04:00,2025-06-23,4,26.7,84,0.0,0.0,0.0,0.0,0,Clear,0,,5.8,11.9,Clear,80.06
2025-06-23T05:00,2025-06-23,5,26.5,85,0.0,0.0,0.0,0.0,0,Clear,0,,5.9,12.2,Clear,79.7
2025-06-23T06:00,2025-06-23,6,27.6,80,0.0,0.0,0.0,0.0,0,Clear,0,,4.8,12.6,Clear,81.68
2025-06-23T07:00,2025-06-23,7,29.3,73,0.0,0.0,0.0,0.0,0,Clear,0,,4.6,15.5,Clear,84.74
2025-06-23T08:00,2025-06-23,8,32.7,58,0.0,0.0,0.0,0.0,0,Clear,3,,5.1,18.4,Clear,90.86
2025-06-23T09:00,2025-06-23,9,34.5,50,0.0,0.0,0.0,0.0,0,Clear,2,,7.1,23.8,Clear,94.1
2025-06-23T10:00,2025-06-23,10,36.3,44,0.0,0.0,0.0,0.0,0,Clear,3,,5.6,23.8,Clear,97.34
2025-06-23T11:00,2025-06-23,11,37.8,38,0.0,0.0,0.0,0.0,3,Overcast,97,,5.9,22.7,Cloudy,100.03999999999999
2025-06-23T12:00,2025-06-23,12,39.2,33,0.0,0.0,0.0,0.0,3,Overcast,100,,5.7,23.8,Cloudy,102.56
2025-06-23T13:00,2025-06-23,13,40.2,29,0.0,0.0,0.0,0.0,3,Overcast,97,,6.4,25.2,Cloudy,104.36
2025-06-23T14:00,2025-06-23,14,40.2,29,0.0,0.0,0.0,0.0,3,Overcast,99,,6.3,25.9,Cloudy,104.36
2025-06-23T15:00,2025-06-23,15,39.5,30,0.0,0.0,0.0,0.0,3,Overcast,93,,4.7,24.5,Cloudy,103.1
2025-06-23T16:00,2025-06-23,16,38.4,35,0.0,0.0,0.0,0.0,3,Overcast,100,,4.6,21.2,Cloudy,101.11999999999999
2025-06-23T17:00,2025-06-23,17,37.5,38,0.0,0.0,0.0,0.0,3,Overcast,100,,3.6,20.2,Cloudy,99.5
2025-06-23T18:00,2025-06-23,18,35.4,46,0.0,0.0,0.0,0.0,3,Overcast,98,,3.9,16.9,Cloudy,95.72
2025-06-23T19:00,2025-06-23,19,33.6,54,0.0,0.0,0.0,0.0,3,Overcast,98,,5.1,16.6,Cloudy,92.48
2025-06-23T20:00,2025-06-23,20,30.0,68,0.0,0.0,0.0,0.0,2,Partly Cloudy,69,,6.8,22.7,Cloudy,86.0
2025-06-23T21:00,2025-06-23,21,30.0,66,0.0,0.0,0.0,0.0,3,Overcast,100,,4.9,16.9,Cloudy,86.0
2025-06-23T22:00,2025-06-23,22,30.7,64,0.0,0.0,0.0,0.0,0,Clear,5,,2.2,12.6,Clear,87.26
2025-06-23T23:00,2025-06-23,23,31.5,62,0.0,0.0,0.0,0.0,0,Clear,3,,3.3,7.2,Clear,88.7
2025-06-24T00:00,2025-06-24,0,31.5,59,0.0,0.0,0.0,0.0,2,Partly Cloudy,70,,4.0,9.0,Cloudy,88.7
2025-06-24T01:00,2025-06-24,1,31.0,59,0.0,0.0,0.0,0.0,0,Clear,8,,4.2,10.1,Clear,87.8
2025-06-24T02:00,2025-06-24,2,30.1,60,0.0,0.0,0.0,0.0,0,Clear,1,,4.0,9.7,Clear,86.18
2025-06-24T03:00,2025-06-24,3,29.5,60,0.0,0.0,0.0,0.0,0,Clear,0,,4.5,9.7,Clear,85.1
2025-06-24T04:00,2025-06-24,4,29.1,62,0.0,0.0,0.0,0.0,0,Clear,0,,5.1,10.8,Clear,84.38000000000001
2025-06-24T05:00,2025-06-24,5,29.0,62,0.0,0.0,0.0,0.0,0,Clear,0,,6.4,12.2,Clear,84.2
2025-06-24T06:00,2025-06-24,6,29.9,57,0.0,0.0,0.0,0.0,0,Clear,0,,6.9,17.6,Clear,85.82
2025-06-24T07:00,2025-06-24,7,31.5,50,0.0,0.0,0.0,0.0,0,Clear,3,,8.5,22.7,Clear,88.7
2025-06-24T08:00,2025-06-24,8,33.4,46,0.0,0.0,0.0,0.0,0,Clear,0,,9.7,27.4,Clear,92.11999999999999
2025-06-24T09:00,2025-06-24,9,35.2,40,0.0,0.0,0.0,0.0,0,Clear,0,,8.4,27.0,Clear,95.36
2025-06-24T10:00,2025-06-24,10,36.9,34,0.0,0.0,0.0,0.0,0,Clear,0,,10.0,29.9,Clear,98.41999999999999
2025-06-24T11:00,2025-06-24,11,38.4,28,0.0,0.0,0.0,0.0,0,Clear,18,,11.0,32.4,Clear,101.11999999999999
2025-06-24T12:00,2025-06-24,12,39.6,24,0.0,0.0,0.0,0.0,0,Clear,13,,12.5,35.3,Clear,103.28
2025-06-24T13:00,2025-06-24,13,40.4,21,0.0,0.0,0.0,0.0,0,Clear,12,,15.2,40.3,Clear,104.72
2025-06-24T14:00,2025-06-24,14,40.2,20,0.0,0.0,0.0,0.0,0,Clear,13,,17.6,45.4,Clear,104.36
2025-06-24T15:00,2025-06-24,15,39.7,21,0.0,0.0,0.0,0.0,0,Clear,7,,16.4,45.7,Clear,103.46000000000001
2025-06-24T16:00,2025-06-24,16,39.1,23,0.0,0.0,0.0,0.0,0,Clear,3,,16.1,42.5,Clear,102.38000000000001
2025-06-24T17:00,2025-06-24,17,38.8,23,0.0,0.0,0.0,0.0,0,Clear,1,,17.1,41.8,Clear,101.84
2025-06-24T18:00,2025-06-24,18,37.9,25,0.0,0.0,0.0,0.0,0,Clear,1,,16.8,41.8,Clear,100.22
2025-06-24T19:00,2025-06-24,19,37.2,27,0.0,0.0,0.0,0.0,0,Clear,4,,13.5,39.6,Clear,98.96000000000001
2025-06-24T20:00,2025-06-24,20,36.3,31,0.0,0.0,0.0,0.0,0,Clear,11,,8.3,29.9,Clear,97.34
2025-06-24T21:00,2025-06-24,21,35.4,34,0.0,0.0,0.0,0.0,0,Clear,7,,5.2,19.4,Clear,95.72
2025-06-24T22:00,2025-06-24,22,34.0,40,0.0,0.0,0.0,0.0,0,Clear,3,,5.5,13.3,Clear,93.2
2025-06-24T23:00,2025-06-24,23,32.5,46,0.0,0.0,0.0,0.0,0,Clear,3,,4.1,12.6,Clear,90.5
2025-06-25T00:00,2025-06-25,0,31.8,49,0.0,0.0,0.0,0.0,0,Clear,1,,4.6,10.1,Clear,89.24
2025-06-25T01:00,2025-06-25,1,31.1,50,0.0,0.0,0.0,0.0,0,Clear,0,,7.9,16.2,Clear,87.98
2025-06-25T02:00,2025-06-25,2,30.5,51,0.0,0.0,0.0,0.0,0,Clear,0,,8.7,18.0,Clear,86.9
2025-06-25T03:00,2025-06-25,3,29.8,54,0.0,0.0,0.0,0.0,1,Mainly Clear,20,,10.4,21.6,Clear,85.64
2025-06-25T04:00,2025-06-25,4,28.9,58,0.0,0.0,0.0,0.0,0,Clear,0,,9.8,22.3,Clear,84.02
2025-06-25T05:00,2025-06-25,5,28.4,60,0.0,0.0,0.0,0.0,0,Clear,0,,9.9,20.5,Clear,83.12
2025-06-25T06:00,2025-06-25,6,29.2,58,0.0,0.0,0.0,0.0,0,Clear,0,,8.8,21.6,Clear,84.56
2025-06-25T07:00,2025-06-25,7,30.6,54,0.0,0.0,0.0,0.0,0,Clear,0,,9.3,24.8,Clear,87.08000000000001
2025-06-25T08:00,2025-06-25,8,33.2,49,0.0,0.0,0.0,0.0,0,Clear,0,,8.8,25.6,Clear,91.76
2025-06-25T09:00,2025-06-25,9,34.5,43,0.0,0.0,0.0,0.0,1,Mainly Clear,37,,12.5,34.9,Clear,94.1
2025-06-25T10:00,2025-06-25,10,35.1,41,0.1,0.1,0.0,0.0,51,Light Drizzle,4,,10.8,36.0,Rain,95.18
2025-06-25T11:00,2025-06-25,11,36.5,36,0.0,0.0,0.0,0.0,1,Mainly Clear,27,,10.3,32.4,Clear,97.7
2025-06-25T12:00,2025-06-25,12,37.8,31,0.0,0.0,0.0,0.0,1,Mainly Clear,20,,11.5,33.8,Clear,100.03999999999999
2025-06-25T13:00,2025-06-25,13,38.2,29,0.0,0.0,0.0,0.0,1,Mainly Clear,39,,13.3,36.7,Clear,100.76
2025-06-25T14:00,2025-06-25,14,38.3,29,0.0,0.0,0.0,0.0,2,Partly Cloudy,67,,13.6,38.9,Cloudy,100.94
2025-06-25T15:00,2025-06-25,15,38.4,29,0.0,0.0,0.0,0.0,2,Partly Cloudy,78,,13.5,37.4,Cloudy,101.11999999999999
2025-06-25T16:00,2025-06-25,16,38.1,29,0.0,0.0,0.0,0.0,0,Clear,11,,12.5,36.4,Clear,100.58000000000001
2025-06-25T17:00,2025-06-25,17,37.0,30,0.1,0.1,0.0,0.0,51,Light Drizzle,49,,15.9,39.6,Rain,98.6
2025-06-25T18:00,2025-06-25,18,35.8,34,0.1,0.1,0.0,0.0,51,Light Drizzle,84,,12.4,39.6,Rain,96.44
2025-06-25T19:00,2025-06-25,19,35.2,35,0.0,0.0,0.0,0.0,1,Mainly Clear,40,,9.5,29.9,Clear,95.36
2025-06-25T20:00,2025-06-25,20,31.8,55,0.0,0.0,0.0,0.0,3,Overcast,100,,2.1,15.8,Cloudy,89.24
2025-06-25T21:00,2025-06-25,21,31.3,56,0.0,0.0,0.0,0.0,3,Overcast,100,,2.8,8.6,Cloudy,88.34
2025-06-25T22:00,2025-06-25,22,31.1,64,0.0,0.0,0.0,0.0,3,Overcast,100,,0.7,7.6,Cloudy,87.98
2025-06-25T23:00,2025-06-25,23,30.6,57,0.0,0.0,0.0,0.0,3,Overcast,100,,5.4,13.3,Cloudy,87.08000000000001
2025-06-26T00:00,2025-06-26,0,30.1,61,0.0,0.0,0.0,0.0,3,Overcast,98,,4.0,13.7,Cloudy,86.18
2025-06-26T01:00,2025-06-26,1,29.5,65,0.0,0.0,0.0,0.0,1,Mainly Clear,38,,3.7,10.1,Clear,85.1
2025-06-26T02:00,2025-06-26,2,28.8,67,0.0,0.0,0.0,0.0,0,Clear,16,,6.9,15.1,Clear,83.84
2025-06-26T03:00,2025-06-26,3,27.9,69,0.0,0.0,0.0,0.0,0,Clear,19,,8.7,18.7,Clear,82.22
2025-06-26T04:00,2025-06-26,4,26.8,70,0.0,0.0,0.0,0.0,0,Clear,1,,10.9,23.8,Clear,80.24000000000001
2025-06-26T05:00,2025-06-26,5,26.0,71,0.0,0.0,0.0,0.0,0,Clear,16,,11.1,25.2,Clear,78.8
2025-06-26T06:00,2025-06-26,6,26.1,67,0.0,0.0,0.0,0.0,0,Clear,2,,12.5,29.9,Clear,78.98
2025-06-26T07:00,2025-06-26,7,26.6,59,0.0,0.0,0.0,0.0,0,Clear,7,,14.3,35.6,Clear,79.88
2025-06-26T08:00,2025-06-26,8,25.7,70,0.3,0.3,0.0,0.0,51,Light Drizzle,100,,17.3,44.6,Rain,78.25999999999999
2025-06-26T09:00,2025-06-26,9,24.8,67,0.0,0.0,0.0,0.0,3,Overcast,100,,15.2,42.1,Cloudy,76.64
2025-06-26T10:00,2025-06-26,10,24.4,55,0.0,0.0,0.0,0.0,3,Overcast,100,,14.9,40.3,Cloudy,75.92
2025-06-26T11:00,2025-06-26,11,24.0,56,0.0,0.0,0.0,0.0,3,Overcast,100,,14.4,39.6,Cloudy,75.2
2025-06-26T12:00,2025-06-26,12,26.0,52,0.0,0.0,0.0,0.0,3,Overcast,94,,10.8,38.9,Cloudy,78.8
2025-06-26T13:00,2025-06-26,13,27.0,50,0.0,0.0,0.0,0.0,3,Overcast,96,,9.0,32.8,Cloudy,80.6
2025-06-26T14:00,2025-06-26,14,27.9,48,0.0,0.0,0.0,0.0,1,Mainly Clear,45,,8.7,29.2,Clear,82.22
2025-06-26T15:00,2025-06-26,15,28.0,48,0.0,0.0,0.0,0.0,1,Mainly Clear,40,,7.2,28.8,Clear,82.4
2025-06-26T16:00,2025-06-26,16,27.6,49,0.0,0.0,0.0,0.0,1,Mainly Clear,22,,7.8,25.6,Clear,81.68
2025-06-26T17:00,2025-06-26,17,26.5,52,0.0,0.0,0.0,0.0,1,Mainly Clear,42,,8.3,25.9,Clear,79.7
2025-06-26T18:00,2025-06-26,18,25.1,54,0.0,0.0,0.0,0.0,0,Clear,17,,8.3,25.9,Clear,77.18
2025-06-26T19:00,2025-06-26,19,24.0,57,0.0,0.0,0.0,0.0,2,Partly Cloudy,55,,6.9,23.4,Cloudy,75.2
2025-06-26T20:00,2025-06-26,20,20.1,62,0.0,0.0,0.0,0.0,3,Overcast,99,,10.5,29.9,Cloudy,68.18
2025-06-26T21:00,2025-06-26,21,20.2,63,0.0,0.0,0.0,0.0,3,Overcast,100,,8.3,25.6,Cloudy,68.36
2025-06-26T22:00,2025-06-26,22,20.0,67,0.0,0.0,0.0,0.0,3,Overcast,91,,9.1,22.0,Cloudy,68.0
2025-06-26T23:00,2025-06-26,23,19.6,71,0.0,0.0,0.0,0.0,3,Overcast,83,,8.9,22.3,Cloudy,67.28
2025-06-27T00:00,2025-06-27,0,19.4,74,0.0,0.0,0.0,0.0,3,Overcast,100,,8.4,20.9,Cloudy,66.92
2025-06-27T01:00,2025-06-27,1,19.4,73,0.0,0.0,0.0,0.0,3,Overcast,100,,8.2,20.9,Cloudy,66.92
2025-06-27T02:00,2025-06-27,2,19.2,72,0.0,0.0,0.0,0.0,2,Partly Cloudy,53,,9.1,21.6,Cloudy,66.56
2025-06-27T03:00,2025-06-27,3,19.0,73,0.0,0.0,0.0,0.0,1,Mainly Clear,27,,10.5,24.1,Clear,66.2
2025-06-27T04:00,2025-06-27,4,18.5,75,0.0,0.0,0.0,0.0,0,Clear,3,,10.3,24.5,Clear,65.3
2025-06-27T05:00,2025-06-27,5,18.5,77,0.0,0.0,0.0,0.0,0,Clear,14,,9.2,23.8,Clear,65.3
2025-06-27T06:00,2025-06-27,6,19.2,74,0.0,0.0,0.0,0.0,1,Mainly Clear,42,,10.6,25.6,Clear,66.56
2025-06-27T07:00,2025-06-27,7,20.2,66,0.0,0.0,0.0,0.0,1,Mainly Clear,48,,11.3,28.8,Clear,68.36
2025-06-27T08:00,2025-06-27,8,19.7,64,0.0,0.0,0.0,0.0,3,Overcast,100,,9.6,27.7,Cloudy,67.46
2025-06-27T09:00,2025-06-27,9,20.2,62,0.0,0.0,0.0,0.0,3,Overcast,100,,8.1,24.8,Cloudy,68.36
2025-06-27T10:00,2025-06-27,10,21.0,59,0.0,0.0,0.0,0.0,3,Overcast,100,,8.2,23.0,Cloudy,69.8
2025-06-27T11:00,2025-06-27,11,21.8,49,0.0,0.0,0.0,0.0,3,Overcast,100,,11.4,29.5,Cloudy,71.24000000000001
2025-06-27T12:00,2025-06-27,12,22.3,42,0.0,0.0,0.0,0.0,3,Overcast,100,,13.5,34.6,Cloudy,72.14
2025-06-27T13:00,2025-06-27,13,23.0,41,0.0,0.0,0.0,0.0,3,Overcast,100,,12.6,35.3,Cloudy,73.4
2025-06-27T14:00,2025-06-27,14,22.4,45,0.0,0.0,0.0,0.0,3,Overcast,100,,12.5,33.5,Cloudy,72.32
2025-06-27T15:00,2025-06-27,15,22.2,46,0.0,0.0,0.0,0.0,3,Overcast,100,,11.6,32.4,Cloudy,71.96
2025-06-27T16:00,2025-06-27,16,22.4,47,0.0,0.0,0.0,0.0,3,Overcast,83,,10.5,31.0,Cloudy,72.32
2025-06-27T17:00,2025-06-27,17,21.9,50,0.0,0.0,0.0,0.0,2,Partly Cloudy,74,,10.7,28.4,Cloudy,71.42
2025-06-27T18:00,2025-06-27,18,21.1,54,0.0,0.0,0.0,0.0,2,Partly Cloudy,65,,10.5,27.7,Cloudy,69.98
2025-06-27T19:00,2025-06-27,19,20.2,61,0.0,0.0,0.0,0.0,0,Clear,5,,10.2,26.6,Clear,68.36
2025-06-27T20:00,2025-06-27,20,18.1,69,4.7,4.7,0.0,0.0,63,Moderate Rain,80,,4.1,20.9,Rain,64.58
2025-06-27T21:00,2025-06-27,21,18.0,75,2.7,2.7,0.0,0.0,63,Moderate Rain,63,,6.5,14.0,Rain,64.4
2025-06-27T22:00,2025-06-27,22,17.9,81,0.0,0.0,0.0,0.0,3,Overcast,99,,7.2,16.9,Cloudy,64.22
2025-06-27T23:00,2025-06-27,23,18.1,82,0.0,0.0,0.0,0.0,3,Overcast,100,,5.1,16.6,Cloudy,64.58
2025-06-28T00:00,2025-06-28,0,18.6,83,0.0,0.0,0.0,0.0,3,Overcast,100,,3.6,11.9,Cloudy,65.48
2025-06-28T01:00,2025-06-28,1,19.0,83,0.0,0.0,0.0,0.0,3,Overcast,100,,4.2,10.4,Cloudy,66.2
2025-06-28T02:00,2025-06-28,2,19.2,87,0.1,0.1,0.0,0.0,51,Light Drizzle,100,,2.7,9.0,Rain,66.56
2025-06-28T03:00,2025-06-28,3,19.4,90,0.0,0.0,0.0,0.0,3,Overcast,100,,1.7,5.8,Cloudy,66.92
2025-06-28T04:00,2025-06-28,4,19.5,92,0.0,0.0,0.0,0.0,3,Overcast,100,,2.3,7.2,Cloudy,67.1
2025-06-28T05:00,2025-06-28,5,19.5,93,0.3,0.3,0.0,0.0,51,Light Drizzle,100,,3.2,8.6,Rain,67.1
2025-06-28T06:00,2025-06-28,6,19.8,94,0.2,0.2,0.0,0.0,51,Light Drizzle,100,,3.7,10.1,Rain,67.64
2025-06-28T07:00,2025-06-28,7,20.9,92,0.1,0.1,0.0,0.0,51,Light Drizzle,100,,2.0,10.4,Rain,69.62
2025-06-28T08:00,2025-06-28,8,20.4,86,0.0,0.0,0.0,0.0,3,Overcast,100,,2.8,16.2,Cloudy,68.72
2025-06-28T09:00,2025-06-28,9,22.1,80,0.0,0.0,0.0,0.0,3,Overcast,98,,7.8,20.9,Cloudy,71.78
2025-06-28T10:00,2025-06-28,10,24.4,73,0.0,0.0,0.0,0.0,3,Overcast,100,,10.2,27.0,Cloudy,75.92
2025-06-28T11:00,2025-06-28,11,25.9,69,0.0,0.0,0.0,0.0,3,Overcast,100,,12.7,32.8,Cloudy,78.62
2025-06-28T12:00,2025-06-28,12,27.0,66,0.0,0.0,0.0,0.0,2,Partly Cloudy,56,,13.0,33.8,Cloudy,80.6
2025-06-28T13:00,2025-06-28,13,28.5,62,0.0,0.0,0.0,0.0,3,Overcast,100,,14.0,36.4,Cloudy,83.3
2025-06-28T14:00,2025-06-28,14,28.9,60,0.0,0.0,0.0,0.0,3,Overcast,94,,14.2,36.7,Cloudy,84.02
2025-06-28T15:00,2025-06-28,15,30.0,57,0.0,0.0,0.0,0.0,2,Partly Cloudy,66,,14.0,36.0,Cloudy,86.0
2025-06-28T16:00,2025-06-28,16,30.5,53,0.0,0.0,0.0,0.0,3,Overcast,92,,13.5,35.6,Cloudy,86.9
2025-06-28T17:00,2025-06-28,17,30.4,54,0.0,0.0,0.0,0.0,3,Overcast,91,,12.1,33.5,Cloudy,86.72
2025-06-28T18:00,2025-06-28,18,29.8,57,0.0,0.0,0.0,0.0,0,Clear,17,,11.0,30.2,Clear,85.64
2025-06-28T19:00,2025-06-28,19,29.0,62,0.0,0.0,0.0,0.0,3,Overcast,100,,5.4,25.6,Cloudy,84.2
2025-06-28T20:00,2025-06-28,20,27.8,71,0.0,0.0,0.0,0.0,3,Overcast,100,,7.0,17.6,Cloudy,82.04
2025-06-28T21:00,2025-06-28,21,27.3,74,0.0,0.0,0.0,0.0,3,Overcast,100,,6.6,16.6,Cloudy,81.14
2025-06-28T22:00,2025-06-28,22,26.8,76,0.0,0.0,0.0,0.0,3,Overcast,97,,6.8,14.0,Cloudy,80.24000000000001
2025-06-28T23:00,2025-06-28,23,26.1,80,0.0,0.0,0.0,0.0,3,Overcast,100,,9.2,18.7,Cloudy,78.98
2025-06-29T00:00,2025-06-29,0,25.4,84,0.0,0.0,0.0,0.0,3,Overcast,84,,10.8,23.0,Cloudy,77.72
2025-06-29T01:00,2025-06-29,1,24.6,86,0.0,0.0,0.0,0.0,2,Partly Cloudy,58,,10.5,23.4,Cloudy,76.28
2025-06-29T02:00,2025-06-29,2,24.1,89,0.0,0.0,0.0,0.0,2,Partly Cloudy,57,,8.8,22.7,Cloudy,75.38
2025-06-29T03:00,2025-06-29,3,23.6,92,0.0,0.0,0.0,0.0,3,Overcast,100,,6.8,18.0,Cloudy,74.48
2025-06-29T04:00,2025-06-29,4,23.2,94,0.0,0.0,0.0,0.0,2,Partly Cloudy,71,,4.3,14.4,Cloudy,73.75999999999999
2025-06-29T05:00,2025-06-29,5,23.2,94,0.0,0.0,0.0,0.0,0,Clear,16,,4.3,9.0,Clear,73.75999999999999
2025-06-29T06:00,2025-06-29,6,24.3,89,0.0,0.0,0.0,0.0,0,Clear,7,,4.3,11.9,Clear,75.74000000000001
2025-06-29T07:00,2025-06-29,7,25.8,78,0.0,0.0,0.0,0.0,1,Mainly Clear,27,,6.6,18.7,Clear,78.44
2025-06-29T08:00,2025-06-29,8,27.9,63,0.0,0.0,0.0,0.0,1,Mainly Clear,38,,8.9,25.2,Clear,82.22
2025-06-29T09:00,2025-06-29,9,28.8,57,0.0,0.0,0.0,0.0,3,Overcast,91,,8.9,26.6,Cloudy,83.84
2025-06-29T10:00,2025-06-29,10,29.6,52,0.0,0.0,0.0,0.0,3,Overcast,99,,9.2,28.1,Cloudy,85.28
2025-06-29T11:00,2025-06-29,11,30.4,49,0.0,0.0,0.0,0.0,3,Overcast,100,,9.3,29.2,Cloudy,86.72
2025-06-29T12:00,2025-06-29,12,31.3,46,0.0,0.0,0.0,0.0,3,Overcast,100,,10.5,31.3,Cloudy,88.34
2025-06-29T13:00,2025-06-29,13,31.5,45,0.0,0.0,0.0,0.0,3,Overcast,100,,11.7,33.5,Cloudy,88.7
2025-06-29T14:00,2025-06-29,14,32.0,43,0.0,0.0,0.0,0.0,3,Overcast,88,,10.5,33.8,Cloudy,89.6
2025-06-29T15:00,2025-06-29,15,32.8,41,0.0,0.0,0.0,0.0,1,Mainly Clear,22,,9.8,31.0,Clear,91.03999999999999
2025-06-29T16:00,2025-06-29,16,33.1,40,0.0,0.0,0.0,0.0,2,Partly Cloudy,57,,10.2,29.2,Cloudy,91.58000000000001
2025-06-29T17:00,2025-06-29,17,32.6,40,0.0,0.0,0.0,0.0,2,Partly Cloudy,61,,12.5,32.4,Cloudy,90.68
2025-06-29T18:00,2025-06-29,18,31.4,42,0.0,0.0,0.0,0.0,3,Overcast,98,,11.7,32.8,Cloudy,88.52
2025-06-29T19:00,2025-06-29,19,30.0,44,0.0,0.0,0.0,0.0,1,Mainly Clear,48,,10.8,29.2,Clear,86.0
2025-06-29T20:00,2025-06-29,20,30.5,40,0.0,0.0,0.0,0.0,0,Clear,19,,5.5,20.5,Clear,86.9
2025-06-29T21:00,2025-06-29,21,29.5,45,0.0,0.0,0.0,0.0,0,Clear,0,,1.1,11.9,Clear,85.1
2025-06-29T22:00,2025-06-29,22,28.8,45,0.0,0.0,0.0,0.0,0,Clear,0,,3.8,9.0,Clear,83.84
2025-06-29T23:00,2025-06-29,23,27.6,48,0.0,0.0,0.0,0.0,0,Clear,0,,3.8,8.6,Clear,81.68
2025-06-30T00:00,2025-06-30,0,26.9,51,0.0,0.0,0.0,0.0,0,Clear,1,,6.2,12.2,Clear,80.42
2025-06-30T01:00,2025-06-30,1,25.5,61,0.0,0.0,0.0,0.0,1,Mainly Clear,46,,10.1,20.9,Clear,77.9
2025-06-30T02:00,2025-06-30,2,24.1,69,0.0,0.0,0.0,0.0,0,Clear,5,,9.3,21.6,Clear,75.38
2025-06-30T03:00,2025-06-30,3,23.4,72,0.0,0.0,0.0,0.0,0,Clear,0,,7.2,19.4,Clear,74.12
2025-06-30T04:00,2025-06-30,4,22.8,73,0.0,0.0,0.0,0.0,3,Overcast,100,,5.2,15.5,Cloudy,73.04
2025-06-30T05:00,2025-06-30,5,22.7,72,0.0,0.0,0.0,0.0,3,Overcast,100,,4.7,11.5,Cloudy,72.86
2025-06-30T06:00,2025-06-30,6,23.5,67,0.0,0.0,0.0,0.0,3,Overcast,100,,4.6,13.7,Cloudy,74.3
2025-06-30T07:00,2025-06-30,7,25.1,59,0.0,0.0,0.0,0.0,3,Overcast,100,,3.6,15.1,Cloudy,77.18
2025-06-30T08:00,2025-06-30,8,28.0,50,0.0,0.0,0.0,0.0,2,Partly Cloudy,70,,2.1,14.4,Cloudy,82.4
2025-06-30T09:00,2025-06-30,9,30.7,42,0.0,0.0,0.0,0.0,2,Partly Cloudy,73,,1.6,15.1,Cloudy,87.26
2025-06-30T10:00,2025-06-30,10,33.1,35,0.0,0.0,0.0,0.0,3,Overcast,86,,0.8,15.1,Cloudy,91.58000000000001
2025-06-30T11:00,2025-06-30,11,34.4,32,0.0,0.0,0.0,0.0,3,Overcast,100,,2.7,17.6,Cloudy,93.91999999999999
2025-06-30T12:00,2025-06-30,12,34.7,32,0.0,0.0,0.0,0.0,3,Overcast,100,,7.4,25.6,Cloudy,94.46000000000001
2025-06-30T13:00,2025-06-30,13,35.0,32,0.0,0.0,0.0,0.0,3,Overcast,82,,11.4,33.5,Cloudy,95.0
2025-06-30T14:00,2025-06-30,14,33.8,35,0.0,0.0,0.0,0.0,1,Mainly Clear,23,,16.5,43.9,Clear,92.84
2025-06-30T15:00,2025-06-30,15,32.7,43,0.0,0.0,0.0,0.0,1,Mainly Clear,25,,15.0,45.0,Clear,90.86
2025-06-30T16:00,2025-06-30,16,31.5,52,0.3,0.3,0.0,0.0,51,Light Drizzle,94,,14.1,42.5,Rain,88.7
2025-06-30T17:00,2025-06-30,17,31.1,56,0.0,0.0,0.0,0.0,3,Overcast,97,,11.3,37.1,Cloudy,87.98
2025-06-30T18:00,2025-06-30,18,30.6,58,0.4,0.4,0.0,0.0,51,Light Drizzle,98,,9.9,31.3,Rain,87.08000000000001
2025-06-30T19:00,2025-06-30,19,29.7,64,0.0,0.0,0.0,0.0,3,Overcast,100,,9.9,26.3,Cloudy,85.46000000000001
2025-06-30T20:00,2025-06-30,20,27.4,74,0.0,0.0,0.0,0.0,1,Mainly Clear,47,,6.8,19.8,Clear,81.32
2025-06-30T21:00,2025-06-30,21,26.8,78,0.0,0.0,0.0,0.0,3,Overcast,100,,4.9,18.0,Cloudy,80.24000000000001
2025-06-30T22:00,2025-06-30,22,26.1,81,0.0,0.0,0.0,0.0,3,Overcast,100,,6.3,15.8,Cloudy,78.98
2025-06-30T23:00,2025-06-30,23,25.4,85,0.0,0.0,0.0,0.0,3,Overcast,100,,6.8,16.9,Cloudy,77.72
2025-07-01T00:00,2025-07-01,0,25.0,88,0.1,0.1,0.0,0.0,51,Light Drizzle,100,,3.1,18.4,Rain,77.0
2025-07-01T01:00,2025-07-01,1,24.3,89,4.2,4.2,0.0,0.0,63,Moderate Rain,100,,4.8,18.4,Rain,75.74000000000001
2025-07-01T02:00,2025-07-01,2,24.1,92,0.1,0.1,0.0,0.0,51,Light Drizzle,100,,4.7,13.7,Rain,75.38
2025-07-01T03:00,2025-07-01,3,24.2,94,0.1,0.1,0.0,0.0,51,Light Drizzle,100,,7.6,15.8,Rain,75.56
2025-07-01T04:00,2025-07-01,4,24.5,95,0.0,0.0,0.0,0.0,3,Overcast,100,,7.8,15.8,Cloudy,76.1
2025-07-01T05:00,2025-07-01,5,25.1,93,0.0,0.0,0.0,0.0,3,Overcast,100,,10.3,21.6,Cloudy,77.18
2025-07-01T06:00,2025-07-01,6,25.5,90,0.0,0.0,0.0,0.0,3,Overcast,98,,11.2,24.5,Cloudy,77.9
2025-07-01T07:00,2025-07-01,7,27.0,82,0.0,0.0,0.0,0.0,3,Overcast,99,,17.7,39.2,Cloudy,80.6
2025-07-01T08:00,2025-07-01,8,28.1,73,0.0,0.0,0.0,0.0,2,Partly Cloudy,51,,14.2,36.0,Cloudy,82.58
2025-07-01T09:00,2025-07-01,9,29.9,64,0.0,0.0,0.0,0.0,3,Overcast,98,,11.5,34.9,Cloudy,85.82
2025-07-01T10:00,2025-07-01,10,31.9,55,0.1,0.1,0.0,0.0,51,Light Drizzle,88,,11.9,42.1,Rain,89.41999999999999
2025-07-01T11:00,2025-07-01,11,32.8,50,0.1,0.1,0.0,0.0,51,Light Drizzle,95,,13.5,43.2,Rain,91.03999999999999
2025-07-01T12:00,2025-07-01,12,30.2,60,0.6,0.6,0.0,0.0,53,Moderate Drizzle,100,,14.7,42.5,Rain,86.36
2025-07-01T13:00,2025-07-01,13,29.4,65,0.0,0.0,0.0,0.0,3,Overcast,100,,13.1,38.9,Cloudy,84.91999999999999
2025-07-01T14:00,2025-07-01,14,29.1,69,0.4,0.4,0.0,0.0,51,Light Drizzle,99,,12.1,35.3,Rain,84.38000000000001
2025-07-01T15:00,2025-07-01,15,31.5,58,0.0,0.0,0.0,0.0,3,Overcast,100,,14.4,40.3,Cloudy,88.7
2025-07-01T16:00,2025-07-01,16,29.7,62,0.4,0.4,0.0,0.0,51,Light Drizzle,100,,14.2,46.1,Rain,85.46000000000001
2025-07-01T17:00,2025-07-01,17,28.5,70,0.1,0.1,0.0,0.0,51,Light Drizzle,100,,14.2,36.4,Rain,83.3
2025-07-01T18:00,2025-07-01,18,27.4,75,0.0,0.0,0.0,0.0,3,Overcast,100,,11.4,34.9,Cloudy,81.32
2025-07-01T19:00,2025-07-01,19,26.9,78,0.1,0.1,0.0,0.0,51,Light Drizzle,100,,10.0,28.1,Rain,80.42
2025-07-01T20:00,2025-07-01,20,24.8,88,1.2,1.2,0.0,0.0,55,Dense Drizzle,100,,3.9,11.5,Rain,76.64
2025-07-01T21:00,2025-07-01,21,24.5,89,0.4,0.4,0.0,0.0,51,Light Drizzle,100,,4.4,12.2,Rain,76.1
2025-07-01T22:00,2025-07-01,22,24.0,91,0.3,0.3,0.0,0.0,51,Light Drizzle,100,,6.0,14.8,Rain,75.2
2025-07-01T23:00,2025-07-01,23,23.6,92,0.5,0.5,0.0,0.0,53,Moderate Drizzle,100,,6.7,15.1,Rain,74.48
2025-07-02T00:00,2025-07-02,0,23.2,95,0.7,0.7,0.0,0.0,53,Moderate Drizzle,100,,7.5,15.5,Rain,73.75999999999999
2025-07-02T01:00,2025-07-02,1,22.9,97,0.6,0.6,0.0,0.0,53,Moderate Drizzle,100,,7.2,15.8,Rain,73.22
2025-07-02T02:00,2025-07-02,2,22.8,96,0.2,0.2,0.0,0.0,51,Light Drizzle,100,,6.7,15.1,Rain,73.04
2025-07-02T03:00,2025-07-02,3,22.9,94,0.0,0.0,0.0,0.0,3,Overcast,100,,5.8,13.3,Cloudy,73.22
2025-07-02T04:00,2025-07-02,4,22.9,92,0.0,0.0,0.0,0.0,3,Overcast,100,,5.2,12.2,Cloudy,73.22
2025-07-02T05:00,2025-07-02,5,22.8,93,0.0,0.0,0.0,0.0,3,Overcast,100,,6.0,11.9,Cloudy,73.04
2025-07-02T06:00,2025-07-02,6,23.0,93,0.0,0.0,0.0,0.0,3,Overcast,100,,5.0,13.0,Cloudy,73.4
2025-07-02T07:00,2025-07-02,7,23.3,92,0.0,0.0,0.0,0.0,3,Overcast,100,,4.4,11.5,Cloudy,73.94
2025-07-02T08:00,2025-07-02,8,24.0,89,0.2,0.2,0.0,0.0,51,Light Drizzle,100,,7.1,19.1,Rain,75.2
2025-07-02T09:00,2025-07-02,9,24.8,84,0.1,0.1,0.0,0.0,51,Light Drizzle,100,,5.5,20.5,Rain,76.64
2025-07-02T10:00,2025-07-02,10,26.2,77,0.0,0.0,0.0,0.0,3,Overcast,100,,4.4,17.3,Cloudy,79.16
2025-07-02T11:00,2025-07-02,11,26.6,76,0.0,0.0,0.0,0.0,3,Overcast,100,,4.6,17.3,Cloudy,79.88
2025-07-02T12:00,2025-07-02,12,27.0,74,0.2,0.2,0.0,0.0,51,Light Drizzle,100,,4.8,17.3,Rain,80.6
2025-07-02T13:00,2025-07-02,13,27.6,70,0.2,0.2,0.0,0.0,51,Light Drizzle,100,,4.8,20.2,Rain,81.68
2025-07-02T14:00,2025-07-02,14,28.2,66,0.0,0.0,0.0,0.0,3,Overcast,100,,5.7,18.4,Cloudy,82.75999999999999
2025-07-02T15:00,2025-07-02,15,29.1,57,0.0,0.0,0.0,0.0,3,Overcast,98,,7.0,20.5,Cloudy,84.38000000000001
2025-07-02T16:00,2025-07-02,16,29.7,50,0.0,0.0,0.0,0.0,3,Overcast,98,,6.7,20.5,Cloudy,85.46000000000001
2025-07-02T17:00,2025-07-02,17,29.6,49,0.0,0.0,0.0,0.0,3,Overcast,99,,6.4,18.4,Cloudy,85.28
2025-07-02T18:00,2025-07-02,18,29.0,53,0.0,0.0,0.0,0.0,2,Partly Cloudy,57,,4.3,15.8,Cloudy,84.2
2025-07-02T19:00,2025-07-02,19,27.8,66,0.0,0.0,0.0,0.0,0,Clear,4,,1.9,11.2,Clear,82.04
2025-07-02T20:00,2025-07-02,20,25.0,89,0.0,0.0,0.0,0.0,2,Partly Cloudy,62,,6.1,17.3,Cloudy,77.0
2025-07-02T21:00,2025-07-02,21,24.5,93,0.0,0.0,0.0,0.0,0,Clear,9,,6.0,13.0,Clear,76.1
2025-07-02T22:00,2025-07-02,22,24.3,95,0.0,0.0,0.0,0.0,0,Clear,4,,5.8,11.2,Clear,75.74000000000001
2025-07-02T23:00,2025-07-02,23,24.2,88,0.0,0.0,0.0,0.0,0,Clear,1,,4.4,13.0,Clear,75.56
2025-07-03T00:00,2025-07-03,0,23.6,87,0.0,0.0,0.0,0.0,0,Clear,1,,4.0,10.4,Clear,74.48
2025-07-03T01:00,2025-07-03,1,22.9,90,0.0,0.0,0.0,0.0,0,Clear,0,,2.6,8.6,Clear,73.22
2025-07-03T02:00,2025-07-03,2,22.4,92,0.0,0.0,0.0,0.0,0,Clear,3,,3.8,8.3,Clear,72.32
2025-07-03T03:00,2025-07-03,3,22.1,91,0.0,0.0,0.0,0.0,0,Clear,8,,4.0,8.6,Clear,71.78
2025-07-03T04:00,2025-07-03,4,21.5,92,0.0,0.0,0.0,0.0,0,Clear,15,,3.8,8.6,Clear,70.7
2025-07-03T05:00,2025-07-03,5,21.6,89,0.0,0.0,0.0,0.0,0,Clear,16,,3.1,7.2,Clear,70.88
2025-07-03T06:00,2025-07-03,6,23.1,82,0.0,0.0,0.0,0.0,0,Clear,0,,3.4,7.9,Clear,73.58
2025-07-03T07:00,2025-07-03,7,24.9,69,0.0,0.0,0.0,0.0,2,Partly Cloudy,54,,2.2,9.4,Cloudy,76.82
2025-07-03T08:00,2025-07-03,8,26.9,58,0.0,0.0,0.0,0.0,2,Partly Cloudy,71,,2.6,11.5,Cloudy,80.42
2025-07-03T09:00,2025-07-03,9,28.6,48,0.0,0.0,0.0,0.0,1,Mainly Clear,27,,3.4,14.0,Clear,83.48
2025-07-03T10:00,2025-07-03,10,29.9,41,0.0,0.0,0.0,0.0,1,Mainly Clear,24,,7.2,20.9,Clear,85.82
2025-07-03T11:00,2025-07-03,11,30.5,38,0.0,0.0,0.0,0.0,1,Mainly Clear,25,,10.4,28.1,Clear,86.9
2025-07-03T12:00,2025-07-03,12,30.8,37,0.0,0.0,0.0,0.0,1,Mainly Clear,31,,13.7,34.6,Clear,87.44
2025-07-03T13:00,2025-07-03,13,31.1,36,0.0,0.0,0.0,0.0,1,Mainly Clear,23,,15.8,40.0,Clear,87.98
2025-07-03T14:00,2025-07-03,14,31.5,37,0.0,0.0,0.0,0.0,0,Clear,5,,14.6,40.3,Clear,88.7
2025-07-03T15:00,2025-07-03,15,30.8,39,0.1,0.1,0.0,0.0,51,Light Drizzle,78,,18.0,42.5,Rain,87.44
2025-07-03T16:00,2025-07-03,16,28.6,47,0.1,0.1,0.0,0.0,51,Light Drizzle,82,,12.5,44.6,Rain,83.48
2025-07-03T17:00,2025-07-03,17,28.5,49,0.0,0.0,0.0,0.0,0,Clear,19,,12.4,32.4,Clear,83.3
2025-07-03T18:00,2025-07-03,18,26.5,57,0.0,0.0,0.0,0.0,1,Mainly Clear,47,,13.5,34.6,Clear,79.7
2025-07-03T19:00,2025-07-03,19,25.0,66,0.0,0.0,0.0,0.0,0,Clear,13,,9.1,31.0,Clear,77.0
2025-07-03T20:00,2025-07-03,20,22.6,79,0.0,0.0,0.0,0.0,0,Clear,11,,3.2,9.7,Clear,72.68
2025-07-03T21:00,2025-07-03,21,22.0,82,0.0,0.0,0.0,0.0,0,Clear,1,,6.2,12.6,Clear,71.6
2025-07-03T22:00,2025-07-03,22,21.5,81,0.0,0.0,0.0,0.0,0,Clear,0,,7.0,15.5,Clear,70.7
2025-07-03T23:00,2025-07-03,23,21.1,79,0.0,0.0,0.0,0.0,0,Clear,0,,7.2,15.5,Clear,69.98
2025-07-04T00:00,2025-07-04,0,21.0,76,0.0,0.0,0.0,0.0,0,Clear,0,,7.8,16.6,Clear,69.8
2025-07-04T01:00,2025-07-04,1,20.6,75,0.0,0.0,0.0,0.0,0,Clear,0,,7.2,16.2,Clear,69.08
2025-07-04T02:00,2025-07-04,2,20.0,73,0.0,0.0,0.0,0.0,0,Clear,0,,8.3,17.6,Clear,68.0
2025-07-04T03:00,2025-07-04,3,19.4,72,0.0,0.0,0.0,0.0,0,Clear,0,,9.3,19.4,Clear,66.92
2025-07-04T04:00,2025-07-04,4,18.8,71,0.0,0.0,0.0,0.0,0,Clear,0,,10.2,21.6,Clear,65.84
2025-07-04T05:00,2025-07-04,5,18.4,72,0.0,0.0,0.0,0.0,0,Clear,15,,9.5,21.6,Clear,65.12
2025-07-04T06:00,2025-07-04,6,19.2,71,0.0,0.0,0.0,0.0,0,Clear,0,,7.8,19.8,Clear,66.56
2025-07-04T07:00,2025-07-04,7,20.6,64,0.0,0.0,0.0,0.0,0,Clear,0,,8.5,21.2,Clear,69.08
2025-07-04T08:00,2025-07-04,8,22.8,58,0.0,0.0,0.0,0.0,0,Clear,0,,8.8,24.5,Clear,73.04
2025-07-04T09:00,2025-07-04,9,24.3,50,0.0,0.0,0.0,0.0,0,Clear,0,,9.4,27.0,Clear,75.74000000000001
2025-07-04T10:00,2025-07-04,10,25.4,43,0.0,0.0,0.0,0.0,0,Clear,0,,10.8,30.6,Clear,77.72
2025-07-04T11:00,2025-07-04,11,26.3,40,0.0,0.0,0.0,0.0,0,Clear,0,,10.3,31.3,Clear,79.34
2025-07-04T12:00,2025-07-04,12,27.1,37,0.0,0.0,0.0,0.0,0,Clear,0,,9.4,30.2,Clear,80.78
2025-07-04T13:00,2025-07-04,13,27.7,36,0.0,0.0,0.0,0.0,0,Clear,2,,10.3,30.2,Clear,81.86
2025-07-04T14:00,2025-07-04,14,28.1,35,0.0,0.0,0.0,0.0,0,Clear,12,,11.2,32.4,Clear,82.58
2025-07-04T15:00,2025-07-04,15,28.3,35,0.0,0.0,0.0,0.0,0,Clear,1,,11.6,33.1,Clear,82.94
2025-07-04T16:00,2025-07-04,16,28.1,35,0.0,0.0,0.0,0.0,0,Clear,0,,10.7,32.0,Clear,82.58
2025-07-04T17:00,2025-07-04,17,27.6,37,0.0,0.0,0.0,0.0,0,Clear,0,,10.4,29.9,Clear,81.68
2025-07-04T18:00,2025-07-04,18,26.9,39,0.0,0.0,0.0,0.0,0,Clear,1,,10.6,28.1,Clear,80.42
2025-07-04T19:00,2025-07-04,19,25.9,44,0.0,0.0,0.0,0.0,0,Clear,0,,9.0,26.6,Clear,78.62
2025-07-04T20:00,2025-07-04,20,25.9,43,0.0,0.0,0.0,0.0,0,Clear,0,,6.4,19.1,Clear,78.62
2025-07-04T21:00,2025-07-04,21,25.0,46,0.0,0.0,0.0,0.0,0,Clear,0,,4.5,13.0,Clear,77.0
2025-07-04T22:00,2025-07-04,22,24.3,49,0.0,0.0,0.0,0.0,0,Clear,0,,4.6,9.7,Clear,75.74000000000001
2025-07-04T23:00,2025-07-04,23,23.6,55,0.0,0.0,0.0,0.0,0,Clear,0,,9.3,18.4,Clear,74.48
2025-07-05T00:00,2025-07-05,0,22.6,59,0.0,0.0,0.0,0.0,0,Clear,0,,9.1,19.8,Clear,72.68
2025-07-05T01:00,2025-07-05,1,21.8,63,0.0,0.0,0.0,0.0,0,Clear,0,,7.8,18.7,Clear,71.24000000000001
2025-07-05T02:00,2025-07-05,2,20.8,68,0.0,0.0,0.0,0.0,0,Clear,0,,4.9,15.8,Clear,69.44
2025-07-05T03:00,2025-07-05,3,19.9,74,0.0,0.0,0.0,0.0,0,Clear,0,,4.2,10.4,Clear,67.82
2025-07-05T04:00,2025-07-05,4,19.2,78,0.0,0.0,0.0,0.0,0,Clear,7,,4.0,9.0,Clear,66.56
2025-07-05T05:00,2025-07-05,5,19.1,80,0.0,0.0,0.0,0.0,3,Overcast,99,,3.6,8.3,Cloudy,66.38
2025-07-05T06:00,2025-07-05,6,20.6,72,0.0,0.0,0.0,0.0,3,Overcast,100,,4.5,11.5,Cloudy,69.08
2025-07-05T07:00,2025-07-05,7,22.5,60,0.0,0.0,0.0,0.0,3,Overcast,100,,3.2,13.0,Cloudy,72.5
2025-07-05T08:00,2025-07-05,8,24.0,52,0.0,0.0,0.0,0.0,3,Overcast,100,,3.4,15.8,Cloudy,75.2
2025-07-05T09:00,2025-07-05,9,26.6,41,0.0,0.0,0.0,0.0,3,Overcast,100,,0.8,16.2,Cloudy,79.88
2025-07-05T10:00,2025-07-05,10,28.5,34,0.0,0.0,0.0,0.0,3,Overcast,100,,3.6,18.7,Cloudy,83.3
2025-07-05T11:00,2025-07-05,11,30.0,31,0.0,0.0,0.0,0.0,3,Overcast,100,,6.2,23.8,Cloudy,86.0
2025-07-05T12:00,2025-07-05,12,31.0,30,0.0,0.0,0.0,0.0,3,Overcast,100,,8.4,28.1,Cloudy,87.8
2025-07-05T13:00,2025-07-05,13,31.9,28,0.0,0.0,0.0,0.0,1,Mainly Clear,35,,9.6,30.2,Clear,89.41999999999999
2025-07-05T14:00,2025-07-05,14,32.4,28,0.0,0.0,0.0,0.0,0,Clear,11,,11.2,33.8,Clear,90.32
2025-07-05T15:00,2025-07-05,15,32.2,29,0.0,0.0,0.0,0.0,0,Clear,1,,10.6,33.5,Clear,89.96000000000001
2025-07-05T16:00,2025-07-05,16,31.1,33,0.0,0.0,0.0,0.0,0,Clear,10,,12.7,35.3,Clear,87.98
2025-07-05T17:00,2025-07-05,17,29.5,38,0.0,0.0,0.0,0.0,0,Clear,1,,15.0,39.2,Clear,85.1
2025-07-05T18:00,2025-07-05,18,28.1,41,0.0,0.0,0.0,0.0,0,Clear,0,,13.7,38.9,Clear,82.58
2025-07-05T19:00,2025-07-05,19,26.9,48,0.0,0.0,0.0,0.0,1,Mainly Clear,49,,9.7,34.2,Clear,80.42
2025-07-05T20:00,2025-07-05,20,25.9,61,0.0,0.0,0.0,0.0,0,Clear,0,,6.8,24.8,Clear,78.62
2025-07-05T21:00,2025-07-05,21,26.2,60,0.0,0.0,0.0,0.0,0,Clear,19,,5.4,15.1,Clear,79.16
2025-07-05T22:00,2025-07-05,22,26.5,51,0.0,0.0,0.0,0.0,1,Mainly Clear,37,,8.7,18.4,Clear,79.7
2025-07-05T23:00,2025-07-05,23,25.6,52,0.0,0.0,0.0,0.0,1,Mainly Clear,20,,10.3,22.7,Clear,78.08
2025-07-06T00:00,2025-07-06,0,24.4,57,0.0,0.0,0.0,0.0,3,Overcast,81,,10.7,23.4,Cloudy,75.92
2025-07-06T01:00,2025-07-06,1,23.4,64,0.0,0.0,0.0,0.0,2,Partly Cloudy,78,,10.9,23.8,Cloudy,74.12
2025-07-06T02:00,2025-07-06,2,22.6,67,0.0,0.0,0.0,0.0,3,Overcast,98,,10.6,24.1,Cloudy,72.68
2025-07-06T03:00,2025-07-06,3,22.0,70,0.0,0.0,0.0,0.0,3,Overcast,100,,9.9,23.4,Cloudy,71.6
2025-07-06T04:00,2025-07-06,4,21.7,73,0.0,0.0,0.0,0.0,3,Overcast,100,,9.3,21.6,Cloudy,71.06
2025-07-06T05:00,2025-07-06,5,21.6,75,0.0,0.0,0.0,0.0,3,Overcast,97,,8.8,20.2,Cloudy,70.88
2025-07-06T06:00,2025-07-06,6,22.5,72,0.0,0.0,0.0,0.0,0,Clear,1,,7.3,18.4,Clear,72.5
2025-07-06T07:00,2025-07-06,7,24.2,65,0.0,0.0,0.0,0.0,0,Clear,18,,7.6,21.6,Clear,75.56
2025-07-06T08:00,2025-07-06,8,26.5,59,0.0,0.0,0.0,0.0,1,Mainly Clear,33,,7.8,23.8,Clear,79.7
2025-07-06T09:00,2025-07-06,9,28.9,50,0.0,0.0,0.0,0.0,0,Clear,2,,9.8,29.2,Clear,84.02
2025-07-06T10:00,2025-07-06,10,30.6,42,0.0,0.0,0.0,0.0,0,Clear,3,,11.2,33.1,Clear,87.08000000000001
2025-07-06T11:00,2025-07-06,11,32.2,37,0.0,0.0,0.0,0.0,2,Partly Cloudy,57,,11.1,33.1,Cloudy,89.96000000000001
2025-07-06T12:00,2025-07-06,12,33.2,34,0.0,0.0,0.0,0.0,3,Overcast,95,,12.5,36.7,Cloudy,91.76
2025-07-06T13:00,2025-07-06,13,33.7,32,0.0,0.0,0.0,0.0,2,Partly Cloudy,79,,13.3,38.5,Cloudy,92.66
2025-07-06T14:00,2025-07-06,14,34.1,27,0.0,0.0,0.0,0.0,3,Overcast,100,,13.2,38.9,Cloudy,93.38000000000001
2025-07-06T15:00,2025-07-06,15,34.5,22,0.0,0.0,0.0,0.0,0,Clear,0,,12.6,37.8,Clear,94.1
2025-07-06T16:00,2025-07-06,16,34.5,23,0.0,0.0,0.0,0.0,0,Clear,0,,12.0,36.0,Clear,94.1
2025-07-06T17:00,2025-07-06,17,33.9,28,0.0,0.0,0.0,0.0,0,Clear,0,,12.2,33.8,Clear,93.02
2025-07-06T18:00,2025-07-06,18,32.8,34,0.0,0.0,0.0,0.0,0,Clear,0,,10.4,33.1,Clear,91.03999999999999
2025-07-06T19:00,2025-07-06,19,30.4,49,0.0,0.0,0.0,0.0,0,Clear,3,,11.2,27.0,Clear,86.72
2025-07-06T20:00,2025-07-06,20,28.1,64,0.0,0.0,0.0,0.0,0,Clear,2,,8.2,25.6,Clear,82.58
2025-07-06T21:00,2025-07-06,21,28.0,64,0.0,0.0,0.0,0.0,0,Clear,2,,11.0,23.4,Clear,82.4
2025-07-06T22:00,2025-07-06,22,27.0,70,0.0,0.0,0.0,0.0,0,Clear,1,,10.4,27.7,Clear,80.6
2025-07-06T23:00,2025-07-06,23,26.3,74,0.0,0.0,0.0,0.0,0,Clear,1,,9.0,24.1,Clear,79.34
2025-07-07T00:00,2025-07-07,0,25.8,78,0.0,0.0,0.0,0.0,0,Clear,3,,8.7,20.5,Clear,78.44
2025-07-07T01:00,2025-07-07,1,25.3,81,0.0,0.0,0.0,0.0,0,Clear,8,,9.1,20.2,Clear,77.54
2025-07-07T02:00,2025-07-07,2,25.0,84,0.0,0.0,0.0,0.0,0,Clear,11,,8.4,20.5,Clear,77.0
2025-07-07T03:00,2025-07-07,3,24.6,86,0.0,0.0,0.0,0.0,0,Clear,13,,6.9,18.7,Clear,76.28
2025-07-07T04:00,2025-07-07,4,24.4,88,0.0,0.0,0.0,0.0,1,Mainly Clear,33,,7.0,16.2,Clear,75.92
2025-07-07T05:00,2025-07-07,5,24.2,89,0.0,0.0,0.0,0.0,3,Overcast,100,,6.5,16.9,Cloudy,75.56
2025-07-07T06:00,2025-07-07,6,25.0,85,0.0,0.0,0.0,0.0,3,Overcast,100,,9.4,22.7,Cloudy,77.0
2025-07-07T07:00,2025-07-07,7,25.9,80,0.0,0.0,0.0,0.0,3,Overcast,100,,7.4,23.0,Cloudy,78.62
2025-07-07T08:00,2025-07-07,8,27.8,71,0.1,0.1,0.0,0.0,51,Light Drizzle,45,,10.1,25.9,Rain,82.04
2025-07-07T09:00,2025-07-07,9,28.8,67,0.2,0.2,0.0,0.0,51,Light Drizzle,52,,10.8,29.9,Rain,83.84
2025-07-07T10:00,2025-07-07,10,30.0,61,0.1,0.1,0.0,0.0,51,Light Drizzle,43,,11.9,33.5,Rain,86.0
2025-07-07T11:00,2025-07-07,11,31.1,56,0.1,0.1,0.0,0.0,51,Light Drizzle,27,,12.9,36.0,Rain,87.98
2025-07-07T12:00,2025-07-07,12,31.5,55,0.2,0.2,0.0,0.0,51,Light Drizzle,42,,14.7,39.6,Rain,88.7
2025-07-07T13:00,2025-07-07,13,31.6,55,0.2,0.2,0.0,0.0,51,Light Drizzle,48,,15.4,41.4,Rain,88.88000000000001
2025-07-07T14:00,2025-07-07,14,30.6,62,1.9,1.9,0.0,0.0,61,Slight Rain,48,,16.3,43.9,Rain,87.08000000000001
2025-07-07T15:00,2025-07-07,15,30.0,67,0.3,0.3,0.0,0.0,51,Light Drizzle,91,,14.8,41.0,Rain,86.0
2025-07-07T16:00,2025-07-07,16,30.1,65,0.1,0.1,0.0,0.0,51,Light Drizzle,100,,13.8,38.5,Rain,86.18
2025-07-07T17:00,2025-07-07,17,29.7,66,0.0,0.0,0.0,0.0,3,Overcast,100,,13.4,34.6,Cloudy,85.46000000000001
2025-07-07T18:00,2025-07-07,18,27.8,77,0.0,0.0,0.0,0.0,3,Overcast,100,,8.2,33.1,Cloudy,82.04
2025-07-07T19:00,2025-07-07,19,26.7,82,0.2,0.2,0.0,0.0,51,Light Drizzle,100,,9.7,23.4,Rain,80.06
2025-07-07T20:00,2025-07-07,20,26.0,87,0.3,0.3,0.0,0.0,51,Light Drizzle,100,,8.3,20.2,Rain,78.8
2025-07-07T21:00,2025-07-07,21,25.5,88,0.1,0.1,0.0,0.0,51,Light Drizzle,100,,7.7,19.4,Rain,77.9
2025-07-07T22:00,2025-07-07,22,25.1,90,0.3,0.3,0.0,0.0,51,Light Drizzle,65,,7.1,17.3,Rain,77.18
2025-07-07T23:00,2025-07-07,23,24.8,91,0.0,0.0,0.0,0.0,3,Overcast,100,,4.6,15.8,Cloudy,76.64
2025-07-08T00:00,2025-07-08,0,24.6,93,0.0,0.0,0.0,0.0,1,Mainly Clear,39,,2.5,10.4,Clear,76.28
2025-07-08T01:00,2025-07-08,1,24.5,94,0.0,0.0,0.0,0.0,0,Clear,17,,2.0,5.4,Clear,76.1
2025-07-08T02:00,2025-07-08,2,24.5,94,0.0,0.0,0.0,0.0,2,Partly Cloudy,60,,4.4,9.7,Cloudy,76.1
2025-07-08T03:00,2025-07-08,3,24.4,95,0.0,0.0,0.0,0.0,1,Mainly Clear,30,,6.8,14.4,Clear,75.92
2025-07-08T04:00,2025-07-08,4,24.0,94,0.0,0.0,0.0,0.0,0,Clear,1,,8.1,16.9,Clear,75.2
2025-07-08T05:00,2025-07-08,5,23.6,92,0.0,0.0,0.0,0.0,0,Clear,0,,8.1,17.3,Clear,74.48
2025-07-08T06:00,2025-07-08,6,24.4,88,0.0,0.0,0.0,0.0,0,Clear,0,,6.0,16.9,Clear,75.92
2025-07-08T07:00,2025-07-08,7,26.1,78,0.0,0.0,0.0,0.0,0,Clear,0,,5.8,17.3,Clear,78.98
2025-07-08T08:00,2025-07-08,8,29.8,65,0.0,0.0,0.0,0.0,0,Clear,1,,4.0,16.2,Clear,85.64
2025-07-08T09:00,2025-07-08,9,31.8,56,0.0,0.0,0.0,0.0,1,Mainly Clear,21,,5.5,20.2,Clear,89.24
2025-07-08T10:00,2025-07-08,10,33.0,51,0.0,0.0,0.0,0.0,1,Mainly Clear,25,,8.1,32.8,Clear,91.4
2025-07-08T11:00,2025-07-08,11,33.8,50,0.1,0.1,0.0,0.0,51,Light Drizzle,22,,9.3,35.6,Rain,92.84
2025-07-08T12:00,2025-07-08,12,34.8,47,0.0,0.0,0.0,0.0,1,Mainly Clear,20,,9.7,35.6,Clear,94.64
2025-07-08T13:00,2025-07-08,13,36.2,42,0.0,0.0,0.0,0.0,2,Partly Cloudy,78,,12.3,35.3,Cloudy,97.16
2025-07-08T14:00,2025-07-08,14,36.4,39,0.0,0.0,0.0,0.0,2,Partly Cloudy,66,,14.6,38.2,Cloudy,97.52
2025-07-08T15:00,2025-07-08,15,37.0,37,0.0,0.0,0.0,0.0,3,Overcast,100,,13.8,39.6,Cloudy,98.6
2025-07-08T16:00,2025-07-08,16,28.2,75,9.6,9.6,0.0,0.0,65,Heavy Rain,99,,10.3,36.0,Rain,82.75999999999999
2025-07-08T17:00,2025-07-08,17,27.0,81,4.4,4.4,0.0,0.0,63,Moderate Rain,96,,9.9,26.3,Rain,80.6
2025-07-08T18:00,2025-07-08,18,27.4,77,0.1,0.1,0.0,0.0,51,Light Drizzle,100,,2.7,25.6,Rain,81.32
2025-07-08T19:00,2025-07-08,19,26.2,82,0.1,0.1,0.0,0.0,51,Light Drizzle,100,,11.4,24.8,Rain,79.16
2025-07-08T20:00,2025-07-08,20,26.4,86,1.1,1.1,0.0,0.0,55,Dense Drizzle,100,,9.8,19.4,Rain,79.52
2025-07-08T21:00,2025-07-08,21,25.4,86,0.2,0.2,0.0,0.0,51,Light Drizzle,100,,11.2,23.4,Rain,77.72
2025-07-08T22:00,2025-07-08,22,24.8,87,0.0,0.0,0.0,0.0,3,Overcast,100,,7.6,23.0,Cloudy,76.64
2025-07-08T23:00,2025-07-08,23,24.2,89,0.0,0.0,0.0,0.0,2,Partly Cloudy,68,,7.8,17.3,Cloudy,75.56
2025-07-09T00:00,2025-07-09,0,23.9,91,0.0,0.0,0.0,0.0,2,Partly Cloudy,75,,8.3,18.4,Cloudy,75.02
2025-07-09T01:00,2025-07-09,1,23.5,92,0.0,0.0,0.0,0.0,0,Clear,19,,8.5,19.1,Clear,74.3
2025-07-09T02:00,2025-07-09,2,23.3,94,0.0,0.0,0.0,0.0,0,Clear,1,,8.0,19.1,Clear,73.94
2025-07-09T03:00,2025-07-09,3,23.1,94,0.0,0.0,0.0,0.0,0,Clear,2,,7.6,18.0,Clear,73.58
2025-07-09T04:00,2025-07-09,4,23.0,95,0.0,0.0,0.0,0.0,0,Clear,1,,6.0,16.6,Clear,73.4
2025-07-09T05:00,2025-07-09,5,23.0,95,0.0,0.0,0.0,0.0,0,Clear,4,,6.2,13.0,Clear,73.4
2025-07-09T06:00,2025-07-09,6,24.0,89,0.0,0.0,0.0,0.0,0,Clear,2,,5.9,16.2,Clear,75.2
2025-07-09T07:00,2025-07-09,7,25.0,83,0.0,0.0,0.0,0.0,0,Clear,8,,5.2,15.8,Clear,77.0
2025-07-09T08:00,2025-07-09,8,26.8,76,0.0,0.0,0.0,0.0,1,Mainly Clear,46,,5.3,17.3,Clear,80.24000000000001
2025-07-09T09:00,2025-07-09,9,28.0,70,0.0,0.0,0.0,0.0,1,Mainly Clear,30,,4.8,18.0,Clear,82.4
2025-07-09T10:00,2025-07-09,10,29.2,63,0.0,0.0,0.0,0.0,1,Mainly Clear,34,,3.6,16.9,Clear,84.56
2025-07-09T11:00,2025-07-09,11,30.4,57,0.0,0.0,0.0,0.0,0,Clear,19,,4.0,16.9,Clear,86.72
2025-07-09T12:00,2025-07-09,12,31.3,52,0.0,0.0,0.0,0.0,1,Mainly Clear,20,,6.2,20.5,Clear,88.34
2025-07-09T13:00,2025-07-09,13,31.8,49,0.0,0.0,0.0,0.0,1,Mainly Clear,49,,8.5,24.5,Clear,89.24
2025-07-09T14:00,2025-07-09,14,32.0,48,0.0,0.0,0.0,0.0,1,Mainly Clear,21,,9.2,28.1,Clear,89.6
2025-07-09T15:00,2025-07-09,15,32.3,45,0.0,0.0,0.0,0.0,0,Clear,9,,7.6,27.0,Clear,90.14
2025-07-09T16:00,2025-07-09,16,32.2,44,0.0,0.0,0.0,0.0,0,Clear,14,,4.8,23.0,Clear,89.96000000000001
2025-07-09T17:00,2025-07-09,17,31.6,47,0.0,0.0,0.0,0.0,2,Partly Cloudy,57,,4.7,16.2,Cloudy,88.88000000000001
2025-07-09T18:00,2025-07-09,18,30.0,60,0.0,0.0,0.0,0.0,3,Overcast,100,,7.3,19.4,Cloudy,86.0
2025-07-09T19:00,2025-07-09,19,28.1,73,0.0,0.0,0.0,0.0,3,Overcast,100,,5.5,19.4,Cloudy,82.58
2025-07-09T20:00,2025-07-09,20,28.1,74,0.0,0.0,0.0,0.0,3,Overcast,100,,2.4,11.9,Cloudy,82.58
2025-07-09T21:00,2025-07-09,21,28.1,66,0.1,0.1,0.0,0.0,51,Light Drizzle,100,,9.5,20.5,Rain,82.58
2025-07-09T22:00,2025-07-09,22,26.0,68,1.5,1.5,0.0,0.0,61,Slight Rain,100,,8.3,24.1,Rain,78.8
2025-07-09T23:00,2025-07-09,23,24.3,85,1.5,1.5,0.0,0.0,61,Slight Rain,100,,6.5,15.1,Rain,75.74000000000001
2025-07-10T00:00,2025-07-10,0,23.5,91,1.2,1.2,0.0,0.0,55,Dense Drizzle,100,,4.3,15.5,Rain,74.3
2025-07-10T01:00,2025-07-10,1,23.1,90,2.9,2.9,0.0,0.0,63,Moderate Rain,100,,2.9,14.4,Rain,73.58
2025-07-10T02:00,2025-07-10,2,23.1,91,2.8,2.8,0.0,0.0,63,Moderate Rain,100,,2.3,13.0,Rain,73.58
2025-07-10T03:00,2025-07-10,3,23.0,92,4.7,4.7,0.0,0.0,63,Moderate Rain,100,,1.6,11.5,Rain,73.4
2025-07-10T04:00,2025-07-10,4,22.9,92,0.3,0.3,0.0,0.0,51,Light Drizzle,100,,3.9,8.6,Rain,73.22
2025-07-10T05:00,2025-07-10,5,22.7,94,0.0,0.0,0.0,0.0,3,Overcast,100,,3.0,9.4,Cloudy,72.86
2025-07-10T06:00,2025-07-10,6,23.1,92,0.0,0.0,0.0,0.0,3,Overcast,86,,5.2,12.6,Cloudy,73.58
2025-07-10T07:00,2025-07-10,7,23.8,89,0.0,0.0,0.0,0.0,3,Overcast,98,,4.4,14.4,Cloudy,74.84
2025-07-10T08:00,2025-07-10,8,24.1,76,0.4,0.4,0.0,0.0,51,Light Drizzle,100,,2.1,13.0,Rain,75.38
2025-07-10T09:00,2025-07-10,9,23.8,80,4.4,4.4,0.0,0.0,63,Moderate Rain,100,,3.4,11.5,Rain,74.84
2025-07-10T10:00,2025-07-10,10,23.6,82,0.4,0.4,0.0,0.0,51,Light Drizzle,99,,3.3,11.5,Rain,74.48
2025-07-10T11:00,2025-07-10,11,25.5,76,0.0,0.0,0.0,0.0,3,Overcast,100,,0.6,14.0,Cloudy,77.9
2025-07-10T12:00,2025-07-10,12,25.8,74,0.0,0.0,0.0,0.0,3,Overcast,100,,1.3,10.1,Cloudy,78.44
2025-07-10T13:00,2025-07-10,13,26.9,69,0.0,0.0,0.0,0.0,3,Overcast,100,,3.3,13.7,Cloudy,80.42
2025-07-10T14:00,2025-07-10,14,27.1,67,0.0,0.0,0.0,0.0,3,Overcast,100,,4.0,14.4,Cloudy,80.78
2025-07-10T15:00,2025-07-10,15,27.2,66,0.0,0.0,0.0,0.0,3,Overcast,100,,4.4,15.1,Cloudy,80.96
2025-07-10T16:00,2025-07-10,16,27.1,67,0.0,0.0,0.0,0.0,3,Overcast,100,,4.9,16.6,Cloudy,80.78
2025-07-10T17:00,2025-07-10,17,26.8,68,0.0,0.0,0.0,0.0,3,Overcast,100,,4.9,15.1,Cloudy,80.24000000000001
2025-07-10T18:00,2025-07-10,18,26.2,71,0.0,0.0,0.0,0.0,3,Overcast,100,,5.9,15.1,Cloudy,79.16
2025-07-10T19:00,2025-07-10,19,25.0,78,0.0,0.0,0.0,0.0,2,Partly Cloudy,70,,5.8,15.1,Cloudy,77.0
2025-07-10T20:00,2025-07-10,20,24.4,83,0.0,0.0,0.0,0.0,3,Overcast,95,,6.6,15.1,Cloudy,75.92
2025-07-10T21:00,2025-07-10,21,23.8,89,0.0,0.0,0.0,0.0,3,Overcast,100,,5.7,14.8,Cloudy,74.84
2025-07-10T22:00,2025-07-10,22,23.3,92,0.0,0.0,0.0,0.0,3,Overcast,100,,3.6,13.0,Cloudy,73.94
2025-07-10T23:00,2025-07-10,23,23.0,94,0.0,0.0,0.0,0.0,0,Clear,3,,4.0,9.0,Clear,73.4
2025-07-11T00:00,2025-07-11,0,22.7,96,0.0,0.0,0.0,0.0,0,Clear,1,,4.9,11.2,Clear,72.86
2025-07-11T01:00,2025-07-11,1,22.1,98,0.0,0.0,0.0,0.0,0,Clear,0,,2.1,10.8,Clear,71.78
2025-07-11T02:00,2025-07-11,2,22.1,98,0.0,0.0,0.0,0.0,0,Clear,13,,2.2,6.1,Clear,71.78
2025-07-11T03:00,2025-07-11,3,21.9,99,0.0,0.0,0.0,0.0,1,Mainly Clear,23,,2.7,6.8,Clear,71.42
2025-07-11T04:00,2025-07-11,4,21.5,99,0.0,0.0,0.0,0.0,1,Mainly Clear,31,,2.6,6.5,Clear,70.7
2025-07-11T05:00,2025-07-11,5,22.0,99,0.0,0.0,0.0,0.0,1,Mainly Clear,41,,3.2,6.8,Clear,71.6
2025-07-11T06:00,2025-07-11,6,22.8,94,0.0,0.0,0.0,0.0,1,Mainly Clear,25,,4.9,13.0,Clear,73.04
2025-07-11T07:00,2025-07-11,7,23.6,87,0.0,0.0,0.0,0.0,1,Mainly Clear,46,,5.6,16.6,Clear,74.48
2025-07-11T08:00,2025-07-11,8,25.5,75,0.0,0.0,0.0,0.0,1,Mainly Clear,44,,2.7,15.5,Clear,77.9
2025-07-11T09:00,2025-07-11,9,27.0,67,0.0,0.0,0.0,0.0,2,Partly Cloudy,55,,1.8,13.3,Cloudy,80.6
2025-07-11T10:00,2025-07-11,10,28.4,61,0.0,0.0,0.0,0.0,2,Partly Cloudy,55,,1.9,14.4,Cloudy,83.12
2025-07-11T11:00,2025-07-11,11,28.9,59,0.1,0.1,0.0,0.0,51,Light Drizzle,18,,4.4,18.0,Rain,84.02
2025-07-11T12:00,2025-07-11,12,29.1,61,0.1,0.1,0.0,0.0,51,Light Drizzle,100,,8.5,27.7,Rain,84.38000000000001
2025-07-11T13:00,2025-07-11,13,29.0,64,0.0,0.0,0.0,0.0,3,Overcast,99,,10.9,32.8,Cloudy,84.2
2025-07-11T14:00,2025-07-11,14,28.6,64,0.0,0.0,0.0,0.0,1,Mainly Clear,42,,12.1,34.6,Clear,83.48
2025-07-11T15:00,2025-07-11,15,28.0,65,0.0,0.0,0.0,0.0,1,Mainly Clear,37,,10.8,34.6,Clear,82.4
2025-07-11T16:00,2025-07-11,16,27.6,66,0.0,0.0,0.0,0.0,1,Mainly Clear,32,,11.3,31.3,Clear,81.68
2025-07-11T17:00,2025-07-11,17,27.0,68,0.0,0.0,0.0,0.0,1,Mainly Clear,46,,10.3,31.7,Clear,80.6
2025-07-11T18:00,2025-07-11,18,26.1,74,0.0,0.0,0.0,0.0,1,Mainly Clear,45,,10.2,28.4,Clear,78.98
2025-07-11T19:00,2025-07-11,19,25.1,79,0.0,0.0,0.0,0.0,1,Mainly Clear,40,,8.9,26.3,Clear,77.18
2025-07-11T20:00,2025-07-11,20,23.8,89,0.0,0.0,0.0,0.0,0,Clear,12,,9.5,22.7,Clear,74.84
2025-07-11T21:00,2025-07-11,21,23.5,90,0.0,0.0,0.0,0.0,2,Partly Cloudy,59,,8.3,23.8,Cloudy,74.3
2025-07-11T22:00,2025-07-11,22,23.2,92,0.0,0.0,0.0,0.0,3,Overcast,87,,7.9,19.8,Cloudy,73.75999999999999
2025-07-11T23:00,2025-07-11,23,23.0,94,0.0,0.0,0.0,0.0,3,Overcast,83,,6.8,18.0,Cloudy,73.4
2025-07-12T00:00,2025-07-12,0,22.6,96,0.0,0.0,0.0,0.0,3,Overcast,100,,3.7,14.8,Cloudy,72.68
2025-07-12T01:00,2025-07-12,1,22.6,96,0.0,0.0,0.0,0.0,3,Overcast,100,,3.3,9.4,Cloudy,72.68
2025-07-12T02:00,2025-07-12,2,22.8,95,0.1,0.1,0.0,0.0,51,Light Drizzle,100,,4.3,9.7,Rain,73.04
2025-07-12T03:00,2025-07-12,3,22.9,95,0.1,0.1,0.0,0.0,51,Light Drizzle,44,,3.9,9.4,Rain,73.22
2025-07-12T04:00,2025-07-12,4,22.8,95,0.0,0.0,0.0,0.0,1,Mainly Clear,27,,3.4,8.6,Clear,73.04
2025-07-12T05:00,2025-07-12,5,22.9,95,0.0,0.0,0.0,0.0,1,Mainly Clear,43,,3.4,7.9,Clear,73.22
2025-07-12T06:00,2025-07-12,6,23.4,92,0.0,0.0,0.0,0.0,3,Overcast,94,,4.8,12.2,Cloudy,74.12
2025-07-12T07:00,2025-07-12,7,24.4,83,0.0,0.0,0.0,0.0,3,Overcast,98,,4.1,14.0,Cloudy,75.92
2025-07-12T08:00,2025-07-12,8,25.9,76,0.0,0.0,0.0,0.0,3,Overcast,87,,2.7,13.7,Cloudy,78.62
2025-07-12T09:00,2025-07-12,9,27.2,68,0.0,0.0,0.0,0.0,2,Partly Cloudy,55,,3.4,15.1,Cloudy,80.96
2025-07-12T10:00,2025-07-12,10,28.8,61,0.0,0.0,0.0,0.0,1,Mainly Clear,21,,4.6,18.7,Clear,83.84
2025-07-12T11:00,2025-07-12,11,30.1,54,0.0,0.0,0.0,0.0,0,Clear,14,,5.0,20.2,Clear,86.18
2025-07-12T12:00,2025-07-12,12,30.6,52,0.0,0.0,0.0,0.0,1,Mainly Clear,42,,9.8,29.2,Clear,87.08000000000001
2025-07-12T13:00,2025-07-12,13,28.9,64,0.0,0.0,0.0,0.0,1,Mainly Clear,30,,13.2,37.8,Clear,84.02
2025-07-12T14:00,2025-07-12,14,28.9,62,0.0,0.0,0.0,0.0,1,Mainly Clear,22,,11.8,37.4,Clear,84.02
2025-07-12T15:00,2025-07-12,15,28.6,63,0.0,0.0,0.0,0.0,1,Mainly Clear,37,,13.1,36.4,Clear,83.48
2025-07-12T16:00,2025-07-12,16,27.9,65,0.0,0.0,0.0,0.0,2,Partly Cloudy,73,,13.2,36.4,Cloudy,82.22
2025-07-12T17:00,2025-07-12,17,26.8,68,0.0,0.0,0.0,0.0,2,Partly Cloudy,59,,12.9,35.6,Cloudy,80.24000000000001
2025-07-12T18:00,2025-07-12,18,26.0,72,0.0,0.0,0.0,0.0,3,Overcast,84,,11.7,33.5,Cloudy,78.8
2025-07-12T19:00,2025-07-12,19,25.0,77,0.0,0.0,0.0,0.0,3,Overcast,92,,10.2,29.2,Cloudy,77.0
2025-07-12T20:00,2025-07-12,20,23.9,82,0.0,0.0,0.0,0.0,3,Overcast,97,,7.4,22.3,Cloudy,75.02
2025-07-12T21:00,2025-07-12,21,23.4,84,0.0,0.0,0.0,0.0,3,Overcast,97,,7.4,18.4,Cloudy,74.12
2025-07-12T22:00,2025-07-12,22,23.0,86,0.0,0.0,0.0,0.0,3,Overcast,100,,7.4,19.1,Cloudy,73.4
2025-07-12T23:00,2025-07-12,23,22.8,88,0.0,0.0,0.0,0.0,3,Overcast,100,,6.9,17.6,Cloudy,73.04
2025-07-13T00:00,2025-07-13,0,22.8,87,0.0,0.0,0.0,0.0,3,Overcast,100,,6.8,18.0,Cloudy,73.04
2025-07-13T01:00,2025-07-13,1,22.7,87,0.0,0.0,0.0,0.0,3,Overcast,100,,5.9,16.6,Cloudy,72.86
2025-07-13T02:00,2025-07-13,2,22.6,87,0.0,0.0,0.0,0.0,3,Overcast,100,,6.2,15.5,Cloudy,72.68
2025-07-13T03:00,2025-07-13,3,22.5,88,0.0,0.0,0.0,0.0,3,Overcast,100,,6.0,14.8,Cloudy,72.5
2025-07-13T04:00,2025-07-13,4,22.5,88,0.0,0.0,0.0,0.0,3,Overcast,100,,5.9,14.0,Cloudy,72.5
2025-07-13T05:00,2025-07-13,5,22.6,88,0.0,0.0,0.0,0.0,3,Overcast,100,,3.5,13.7,Cloudy,72.68
2025-07-13T06:00,2025-07-13,6,23.0,86,0.0,0.0,0.0,0.0,3,Overcast,100,,3.6,10.4,Cloudy,73.4
2025-07-13T07:00,2025-07-13,7,24.1,80,0.0,0.0,0.0,0.0,1,Mainly Clear,48,,2.9,12.2,Clear,75.38
2025-07-13T08:00,2025-07-13,8,24.9,71,0.0,0.0,0.0,0.0,3,Overcast,98,,3.1,12.6,Cloudy,76.82
2025-07-13T09:00,2025-07-13,9,26.2,67,0.0,0.0,0.0,0.0,3,Overcast,99,,6.5,20.5,Cloudy,79.16
2025-07-13T10:00,2025-07-13,10,27.9,61,0.0,0.0,0.0,0.0,3,Overcast,100,,6.7,23.0,Cloudy,82.22
2025-07-13T11:00,2025-07-13,11,28.7,58,0.0,0.0,0.0,0.0,3,Overcast,100,,6.3,23.0,Cloudy,83.66
2025-07-13T12:00,2025-07-13,12,29.0,59,0.1,0.1,0.0,0.0,51,Light Drizzle,95,,10.2,30.6,Rain,84.2
2025-07-13T13:00,2025-07-13,13,29.2,58,0.0,0.0,0.0,0.0,1,Mainly Clear,44,,11.0,31.7,Clear,84.56
2025-07-13T14:00,2025-07-13,14,29.6,57,0.0,0.0,0.0,0.0,1,Mainly Clear,38,,10.4,32.0,Clear,85.28
2025-07-13T15:00,2025-07-13,15,29.8,55,0.0,0.0,0.0,0.0,2,Partly Cloudy,52,,11.6,33.5,Cloudy,85.64
2025-07-13T16:00,2025-07-13,16,29.2,58,0.0,0.0,0.0,0.0,2,Partly Cloudy,53,,11.9,34.2,Cloudy,84.56
2025-07-13T17:00,2025-07-13,17,28.4,62,0.0,0.0,0.0,0.0,2,Partly Cloudy,57,,12.7,34.2,Cloudy,83.12
2025-07-13T18:00,2025-07-13,18,27.4,66,0.0,0.0,0.0,0.0,2,Partly Cloudy,71,,12.6,33.5,Cloudy,81.32
2025-07-13T19:00,2025-07-13,19,26.3,71,0.0,0.0,0.0,0.0,1,Mainly Clear,48,,14.5,34.6,Clear,79.34
2025-07-13T20:00,2025-07-13,20,25.1,80,0.0,0.0,0.0,0.0,2,Partly Cloudy,79,,12.2,31.3,Cloudy,77.18
2025-07-13T21:00,2025-07-13,21,24.5,87,0.0,0.0,0.0,0.0,2,Partly Cloudy,62,,11.8,28.4,Cloudy,76.1
2025-07-13T22:00,2025-07-13,22,24.3,89,0.1,0.1,0.0,0.0,51,Light Drizzle,54,,11.8,27.4,Rain,75.74000000000001
2025-07-13T23:00,2025-07-13,23,24.1,89,0.1,0.1,0.0,0.0,51,Light Drizzle,100,,10.2,26.6,Rain,75.38
2025-07-14T00:00,2025-07-14,0,23.9,91,0.1,0.1,0.0,0.0,51,Light Drizzle,100,,10.7,26.3,Rain,75.02
2025-07-14T01:00,2025-07-14,1,23.6,93,0.1,0.1,0.0,0.0,51,Light Drizzle,67,,10.5,25.9,Rain,74.48
2025-07-14T02:00,2025-07-14,2,23.5,94,0.1,0.1,0.0,0.0,51,Light Drizzle,100,,8.7,24.8,Rain,74.3
2025-07-14T03:00,2025-07-14,3,23.4,95,0.0,0.0,0.0,0.0,2,Partly Cloudy,55,,6.8,18.7,Cloudy,74.12
2025-07-14T04:00,2025-07-14,4,23.3,96,0.0,0.0,0.0,0.0,3,Overcast,97,,5.2,14.4,Cloudy,73.94
2025-07-14T05:00,2025-07-14,5,23.1,96,0.0,0.0,0.0,0.0,3,Overcast,99,,4.2,11.2,Cloudy,73.58
2025-07-14T06:00,2025-07-14,6,23.8,93,0.0,0.0,0.0,0.0,1,Mainly Clear,41,,5.9,14.4,Clear,74.84
2025-07-14T07:00,2025-07-14,7,25.5,82,0.1,0.1,0.0,0.0,51,Light Drizzle,49,,6.1,18.7,Rain,77.9
2025-07-14T08:00,2025-07-14,8,27.1,76,0.0,0.0,0.0,0.0,3,Overcast,100,,5.5,19.8,Cloudy,80.78
2025-07-14T09:00,2025-07-14,9,27.4,74,0.0,0.0,0.0,0.0,3,Overcast,95,,6.3,20.2,Cloudy,81.32
2025-07-14T10:00,2025-07-14,10,29.0,66,0.0,0.0,0.0,0.0,1,Mainly Clear,35,,7.3,23.8,Clear,84.2
2025-07-14T11:00,2025-07-14,11,31.0,57,0.0,0.0,0.0,0.0,1,Mainly Clear,48,,8.2,27.7,Clear,87.8
2025-07-14T12:00,2025-07-14,12,31.5,55,0.0,0.0,0.0,0.0,3,Overcast,94,,10.3,31.3,Cloudy,88.7
2025-07-14T13:00,2025-07-14,13,28.4,69,2.3,2.3,0.0,0.0,61,Slight Rain,97,,13.7,37.1,Rain,83.12
2025-07-14T14:00,2025-07-14,14,29.0,62,1.5,1.5,0.0,0.0,61,Slight Rain,97,,11.9,36.4,Rain,84.2
2025-07-14T15:00,2025-07-14,15,28.4,71,2.7,2.7,0.0,0.0,63,Moderate Rain,98,,10.0,33.1,Rain,83.12
2025-07-14T16:00,2025-07-14,16,29.5,67,0.2,0.2,0.0,0.0,51,Light Drizzle,99,,5.7,25.9,Rain,85.1
2025-07-14T17:00,2025-07-14,17,26.0,82,6.4,6.4,0.0,0.0,63,Moderate Rain,100,,11.5,27.4,Rain,78.8
2025-07-14T18:00,2025-07-14,18,25.0,86,0.7,0.7,0.0,0.0,53,Moderate Drizzle,100,,7.7,27.4,Rain,77.0
2025-07-14T19:00,2025-07-14,19,25.0,86,0.3,0.3,0.0,0.0,51,Light Drizzle,100,,4.0,16.9,Rain,77.0
2025-07-14T20:00,2025-07-14,20,24.2,96,0.9,0.9,0.0,0.0,53,Moderate Drizzle,100,,2.9,14.8,Rain,75.56
2025-07-14T21:00,2025-07-14,21,24.2,94,1.1,1.1,0.0,0.0,55,Dense Drizzle,100,,5.3,13.0,Rain,75.56
2025-07-14T22:00,2025-07-14,22,23.8,97,0.9,0.9,0.0,0.0,53,Moderate Drizzle,100,,5.9,12.2,Rain,74.84
2025-07-14T23:00,2025-07-14,23,23.5,99,0.8,0.8,0.0,0.0,53,Moderate Drizzle,100,,7.7,15.5,Rain,74.3
2025-07-15T00:00,2025-07-15,0,23.3,96,0.5,0.5,0.0,0.0,53,Moderate Drizzle,100,,6.2,15.5,Rain,73.94
2025-07-15T01:00,2025-07-15,1,23.4,94,0.0,0.0,0.0,0.0,3,Overcast,100,,2.0,12.2,Cloudy,74.12
2025-07-15T02:00,2025-07-15,2,23.2,96,0.0,0.0,0.0,0.0,3,Overcast,100,,1.6,4.7,Cloudy,73.75999999999999
2025-07-15T03:00,2025-07-15,3,23.0,96,0.0,0.0,0.0,0.0,3,Overcast,97,,1.7,4.3,Cloudy,73.4
2025-07-15T04:00,2025-07-15,4,22.9,96,0.0,0.0,0.0,0.0,3,Overcast,98,,0.7,4.0,Cloudy,73.22
2025-07-15T05:00,2025-07-15,5,22.9,97,0.0,0.0,0.0,0.0,3,Overcast,94,,2.0,4.0,Cloudy,73.22
2025-07-15T06:00,2025-07-15,6,23.4,95,0.0,0.0,0.0,0.0,1,Mainly Clear,37,,4.1,15.1,Clear,74.12
2025-07-15T07:00,2025-07-15,7,24.6,87,0.1,0.1,0.0,0.0,51,Light Drizzle,39,,4.6,14.0,Rain,76.28
2025-07-15T08:00,2025-07-15,8,25.8,84,0.0,0.0,0.0,0.0,0,Clear,17,,5.1,16.9,Clear,78.44
2025-07-15T09:00,2025-07-15,9,26.6,79,0.0,0.0,0.0,0.0,1,Mainly Clear,29,,5.4,17.6,Clear,79.88
2025-07-15T10:00,2025-07-15,10,27.8,74,0.1,0.1,0.0,0.0,51,Light Drizzle,27,,4.0,17.3,Rain,82.04
2025-07-15T11:00,2025-07-15,11,27.7,76,0.2,0.2,0.0,0.0,51,Light Drizzle,87,,5.7,19.8,Rain,81.86
2025-07-15T12:00,2025-07-15,12,28.1,76,0.1,0.1,0.0,0.0,51,Light Drizzle,22,,5.6,22.3,Rain,82.58
2025-07-15T13:00,2025-07-15,13,28.8,75,0.0,0.0,0.0,0.0,0,Clear,13,,5.8,20.9,Clear,83.84
2025-07-15T14:00,2025-07-15,14,28.9,74,0.2,0.2,0.0,0.0,51,Light Drizzle,23,,6.5,22.0,Rain,84.02
2025-07-15T15:00,2025-07-15,15,28.9,74,0.0,0.0,0.0,0.0,2,Partly Cloudy,51,,6.7,22.7,Cloudy,84.02
2025-07-15T16:00,2025-07-15,16,27.8,76,0.6,0.6,0.0,0.0,53,Moderate Drizzle,67,,7.1,23.0,Rain,82.04
2025-07-15T17:00,2025-07-15,17,27.1,78,0.1,0.1,0.0,0.0,51,Light Drizzle,29,,8.0,22.0,Rain,80.78
2025-07-15T18:00,2025-07-15,18,26.0,82,0.0,0.0,0.0,0.0,0,Clear,15,,8.7,23.0,Clear,78.8
2025-07-15T19:00,2025-07-15,19,25.0,87,0.0,0.0,0.0,0.0,0,Clear,8,,6.3,22.0,Clear,77.0
2025-07-15T20:00,2025-07-15,20,26.2,88,0.0,0.0,0.0,0.0,0,Clear,1,,3.8,15.8,Clear,79.16
2025-07-15T21:00,2025-07-15,21,26.0,88,0.0,0.0,0.0,0.0,0,Clear,0,,6.7,14.0,Clear,78.8
2025-07-15T22:00,2025-07-15,22,25.3,89,0.0,0.0,0.0,0.0,0,Clear,0,,5.5,15.1,Clear,77.54
2025-07-15T23:00,2025-07-15,23,24.8,91,0.0,0.0,0.0,0.0,0,Clear,0,,4.3,12.2,Clear,76.64
2025-07-16T00:00,2025-07-16,0,24.4,93,0.0,0.0,0.0,0.0,0,Clear,0,,3.2,9.7,Clear,75.92
2025-07-16T01:00,2025-07-16,1,23.9,94,0.0,0.0,0.0,0.0,0,Clear,0,,2.5,7.2,Clear,75.02
2025-07-16T02:00,2025-07-16,2,23.9,95,0.0,0.0,0.0,0.0,0,Clear,0,,3.2,7.2,Clear,75.02
2025-07-16T03:00,2025-07-16,3,23.6,97,0.0,0.0,0.0,0.0,0,Clear,0,,3.6,7.9,Clear,74.48
2025-07-16T04:00,2025-07-16,4,23.1,98,0.0,0.0,0.0,0.0,0,Clear,0,,2.8,7.6,Clear,73.58
2025-07-16T05:00,2025-07-16,5,23.3,99,0.0,0.0,0.0,0.0,0,Clear,13,,4.1,8.3,Clear,73.94
2025-07-16T06:00,2025-07-16,6,24.1,95,0.0,0.0,0.0,0.0,1,Mainly Clear,26,,4.5,11.5,Clear,75.38
2025-07-16T07:00,2025-07-16,7,25.4,90,0.0,0.0,0.0,0.0,1,Mainly Clear,35,,1.3,11.2,Clear,77.72
2025-07-16T08:00,2025-07-16,8,27.5,84,0.0,0.0,0.0,0.0,0,Clear,0,,2.4,12.2,Clear,81.5
2025-07-16T09:00,2025-07-16,9,29.1,75,0.1,0.1,0.0,0.0,51,Light Drizzle,16,,4.1,15.5,Rain,84.38000000000001
2025-07-16T10:00,2025-07-16,10,29.9,67,0.1,0.1,0.0,0.0,51,Light Drizzle,21,,7.2,22.0,Rain,85.82
2025-07-16T11:00,2025-07-16,11,30.3,64,0.1,0.1,0.0,0.0,51,Light Drizzle,29,,8.1,24.1,Rain,86.53999999999999
2025-07-16T12:00,2025-07-16,12,30.5,63,0.1,0.1,0.0,0.0,51,Light Drizzle,31,,9.0,26.6,Rain,86.9
2025-07-16T13:00,2025-07-16,13,30.6,64,0.1,0.1,0.0,0.0,51,Light Drizzle,49,,9.0,26.3,Rain,87.08000000000001
2025-07-16T14:00,2025-07-16,14,29.5,68,0.3,0.3,0.0,0.0,51,Light Drizzle,100,,11.6,31.0,Rain,85.1
2025-07-16T15:00,2025-07-16,15,29.4,74,0.1,0.1,0.0,0.0,51,Light Drizzle,100,,9.1,31.7,Rain,84.91999999999999
2025-07-16T16:00,2025-07-16,16,29.2,75,0.1,0.1,0.0,0.0,51,Light Drizzle,97,,10.3,29.5,Rain,84.56
2025-07-16T17:00,2025-07-16,17,29.0,75,0.1,0.1,0.0,0.0,51,Light Drizzle,99,,10.1,26.6,Rain,84.2
2025-07-16T18:00,2025-07-16,18,27.6,77,0.7,0.7,0.0,0.0,53,Moderate Drizzle,100,,4.8,25.6,Rain,81.68
2025-07-16T19:00,2025-07-16,19,27.6,79,0.0,0.0,0.0,0.0,3,Overcast,100,,2.4,10.8,Cloudy,81.68
2025-07-16T20:00,2025-07-16,20,25.5,87,0.1,0.1,0.0,0.0,51,Light Drizzle,100,,11.3,31.0,Rain,77.9
2025-07-16T21:00,2025-07-16,21,25.0,89,0.2,0.2,0.0,0.0,51,Light Drizzle,100,,9.4,23.4,Rain,77.0
2025-07-16T22:00,2025-07-16,22,25.0,91,0.1,0.1,0.0,0.0,51,Light Drizzle,100,,9.5,23.0,Rain,77.0
2025-07-16T23:00,2025-07-16,23,24.7,93,0.1,0.1,0.0,0.0,51,Light Drizzle,100,,7.6,22.3,Rain,76.46
2025-07-17T00:00,2025-07-17,0,24.5,94,0.0,0.0,0.0,0.0,3,Overcast,100,,6.7,16.6,Cloudy,76.1
2025-07-17T01:00,2025-07-17,1,24.2,95,0.0,0.0,0.0,0.0,3,Overcast,100,,7.5,16.6,Cloudy,75.56
2025-07-17T02:00,2025-07-17,2,23.9,96,0.0,0.0,0.0,0.0,3,Overcast,100,,6.6,16.6,Cloudy,75.02
2025-07-17T03:00,2025-07-17,3,23.9,97,0.0,0.0,0.0,0.0,3,Overcast,100,,6.4,15.5,Cloudy,75.02
2025-07-17T04:00,2025-07-17,4,23.8,97,0.0,0.0,0.0,0.0,3,Overcast,100,,6.9,14.0,Cloudy,74.84
2025-07-17T05:00,2025-07-17,5,23.9,97,0.0,0.0,0.0,0.0,2,Partly Cloudy,72,,7.2,15.8,Cloudy,75.02
2025-07-17T06:00,2025-07-17,6,24.9,94,0.0,0.0,0.0,0.0,3,Overcast,100,,10.4,23.0,Cloudy,76.82
2025-07-17T07:00,2025-07-17,7,25.6,92,0.0,0.0,0.0,0.0,3,Overcast,100,,12.1,26.3,Cloudy,78.08
2025-07-17T08:00,2025-07-17,8,26.0,85,0.1,0.1,0.0,0.0,51,Light Drizzle,100,,12.7,29.2,Rain,78.8
2025-07-17T09:00,2025-07-17,9,27.2,77,1.3,1.3,0.0,0.0,61,Slight Rain,52,,12.4,35.3,Rain,80.96
2025-07-17T10:00,2025-07-17,10,28.8,74,0.2,0.2,0.0,0.0,51,Light Drizzle,27,,12.1,37.1,Rain,83.84
2025-07-17T11:00,2025-07-17,11,30.5,68,0.1,0.1,0.0,0.0,51,Light Drizzle,9,,14.2,41.4,Rain,86.9
2025-07-17T12:00,2025-07-17,12,32.0,60,0.0,0.0,0.0,0.0,2,Partly Cloudy,57,,15.8,44.6,Cloudy,89.6
2025-07-17T13:00,2025-07-17,13,32.8,53,0.0,0.0,0.0,0.0,1,Mainly Clear,24,,17.1,47.2,Clear,91.03999999999999
2025-07-17T14:00,2025-07-17,14,33.5,51,0.0,0.0,0.0,0.0,3,Overcast,85,,17.6,46.8,Cloudy,92.3
2025-07-17T15:00,2025-07-17,15,33.2,52,0.0,0.0,0.0,0.0,1,Mainly Clear,31,,18.6,49.3,Clear,91.76
2025-07-17T16:00,2025-07-17,16,32.8,55,0.0,0.0,0.0,0.0,1,Mainly Clear,32,,18.0,46.4,Clear,91.03999999999999
2025-07-17T17:00,2025-07-17,17,31.5,61,0.1,0.1,0.0,0.0,51,Light Drizzle,25,,16.2,51.8,Rain,88.7
2025-07-17T18:00,2025-07-17,18,30.5,66,0.0,0.0,0.0,0.0,1,Mainly Clear,26,,15.1,42.1,Clear,86.9
2025-07-17T19:00,2025-07-17,19,30.1,67,0.0,0.0,0.0,0.0,0,Clear,3,,14.4,35.3,Clear,86.18
2025-07-17T20:00,2025-07-17,20,29.5,69,0.0,0.0,0.0,0.0,3,Overcast,86,,13.5,34.2,Cloudy,85.1
2025-07-17T21:00,2025-07-17,21,29.6,62,0.0,0.0,0.0,0.0,2,Partly Cloudy,50,,15.1,33.1,Cloudy,85.28
2025-07-17T22:00,2025-07-17,22,28.6,60,0.0,0.0,0.0,0.0,3,Overcast,81,,13.7,34.9,Cloudy,83.48
2025-07-17T23:00,2025-07-17,23,27.5,62,0.0,0.0,0.0,0.0,3,Overcast,91,,12.7,30.6,Cloudy,81.5
2025-07-18T00:00,2025-07-18,0,26.5,62,0.0,0.0,0.0,0.0,1,Mainly Clear,22,,12.0,28.1,Clear,79.7
2025-07-18T01:00,2025-07-18,1,25.5,63,0.0,0.0,0.0,0.0,2,Partly Cloudy,57,,11.8,27.4,Cloudy,77.9
2025-07-18T02:00,2025-07-18,2,24.6,67,0.0,0.0,0.0,0.0,3,Overcast,94,,11.0,26.3,Cloudy,76.28
2025-07-18T03:00,2025-07-18,3,23.9,69,0.0,0.0,0.0,0.0,1,Mainly Clear,31,,12.2,27.4,Clear,75.02
2025-07-18T04:00,2025-07-18,4,23.1,72,0.0,0.0,0.0,0.0,3,Overcast,97,,12.0,28.1,Cloudy,73.58
2025-07-18T05:00,2025-07-18,5,22.5,72,0.0,0.0,0.0,0.0,3,Overcast,86,,11.4,27.0,Cloudy,72.5
2025-07-18T06:00,2025-07-18,6,22.4,68,0.0,0.0,0.0,0.0,3,Overcast,92,,14.2,31.3,Cloudy,72.32
2025-07-18T07:00,2025-07-18,7,22.4,63,0.0,0.0,0.0,0.0,2,Partly Cloudy,61,,15.0,35.3,Cloudy,72.32
2025-07-18T08:00,2025-07-18,8,24.1,55,0.0,0.0,0.0,0.0,0,Clear,17,,14.8,36.4,Clear,75.38
2025-07-18T09:00,2025-07-18,9,25.6,49,0.0,0.0,0.0,0.0,3,Overcast,99,,13.3,37.8,Cloudy,78.08
2025-07-18T10:00,2025-07-18,10,26.4,47,0.0,0.0,0.0,0.0,3,Overcast,100,,12.7,34.9,Cloudy,79.52
2025-07-18T11:00,2025-07-18,11,27.2,45,0.0,0.0,0.0,0.0,3,Overcast,100,,11.6,34.2,Cloudy,80.96
2025-07-18T12:00,2025-07-18,12,27.4,43,0.0,0.0,0.0,0.0,3,Overcast,100,,11.0,32.8,Cloudy,81.32
2025-07-18T13:00,2025-07-18,13,27.7,41,0.0,0.0,0.0,0.0,3,Overcast,100,,10.7,30.6,Cloudy,81.86
2025-07-18T14:00,2025-07-18,14,28.2,39,0.0,0.0,0.0,0.0,3,Overcast,81,,7.7,30.2,Cloudy,82.75999999999999
2025-07-18T15:00,2025-07-18,15,29.5,36,0.0,0.0,0.0,0.0,1,Mainly Clear,26,,5.2,24.1,Clear,85.1
2025-07-18T16:00,2025-07-18,16,29.8,35,0.0,0.0,0.0,0.0,0,Clear,0,,4.7,20.5,Clear,85.64
2025-07-18T17:00,2025-07-18,17,29.8,35,0.0,0.0,0.0,0.0,3,Overcast,87,,6.1,19.1,Cloudy,85.64
2025-07-18T18:00,2025-07-18,18,29.4,36,0.0,0.0,0.0,0.0,2,Partly Cloudy,75,,6.4,18.7,Cloudy,84.91999999999999
2025-07-18T19:00,2025-07-18,19,28.5,40,0.0,0.0,0.0,0.0,3,Overcast,86,,6.0,16.6,Cloudy,83.3
2025-07-18T20:00,2025-07-18,20,26.3,62,0.0,0.0,0.0,0.0,0,Clear,7,,1.4,7.9,Clear,79.34
2025-07-18T21:00,2025-07-18,21,25.5,68,0.0,0.0,0.0,0.0,1,Mainly Clear,24,,1.5,3.6,Clear,77.9
2025-07-18T22:00,2025-07-18,22,25.0,57,0.0,0.0,0.0,0.0,0,Clear,9,,5.8,12.6,Clear,77.0
2025-07-18T23:00,2025-07-18,23,24.5,55,0.0,0.0,0.0,0.0,0,Clear,4,,6.3,14.8,Clear,76.1
2025-07-19T00:00,2025-07-19,0,23.5,64,0.0,0.0,0.0,0.0,0,Clear,1,,4.6,14.4,Clear,74.3
2025-07-19T01:00,2025-07-19,1,22.8,69,0.0,0.0,0.0,0.0,0,Clear,0,,3.6,10.1,Clear,73.04
2025-07-19T02:00,2025-07-19,2,22.6,64,0.0,0.0,0.0,0.0,0,Clear,0,,5.1,11.2,Clear,72.68
2025-07-19T03:00,2025-07-19,3,22.1,62,0.0,0.0,0.0,0.0,0,Clear,0,,6.9,14.8,Clear,71.78
2025-07-19T04:00,2025-07-19,4,21.5,66,0.0,0.0,0.0,0.0,0,Clear,1,,6.6,15.1,Clear,70.7
2025-07-19T05:00,2025-07-19,5,21.1,69,0.0,0.0,0.0,0.0,0,Clear,14,,5.7,14.8,Clear,69.98
2025-07-19T06:00,2025-07-19,6,22.0,66,0.0,0.0,0.0,0.0,0,Clear,1,,5.4,13.0,Clear,71.6
2025-07-19T07:00,2025-07-19,7,23.9,56,0.0,0.0,0.0,0.0,0,Clear,5,,4.5,14.8,Clear,75.02
2025-07-19T08:00,2025-07-19,8,25.0,55,0.0,0.0,0.0,0.0,1,Mainly Clear,30,,3.9,16.9,Clear,77.0
2025-07-19T09:00,2025-07-19,9,26.8,54,0.0,0.0,0.0,0.0,3,Overcast,88,,7.5,22.7,Cloudy,80.24000000000001
2025-07-19T10:00,2025-07-19,10,27.6,52,0.0,0.0,0.0,0.0,3,Overcast,100,,10.9,29.5,Cloudy,81.68
2025-07-19T11:00,2025-07-19,11,27.8,55,0.0,0.0,0.0,0.0,3,Overcast,100,,13.5,35.6,Cloudy,82.04
2025-07-19T12:00,2025-07-19,12,27.4,55,0.0,0.0,0.0,0.0,3,Overcast,100,,11.5,36.0,Cloudy,81.32
2025-07-19T13:00,2025-07-19,13,27.8,57,0.0,0.0,0.0,0.0,3,Overcast,95,,14.0,37.1,Cloudy,82.04
2025-07-19T14:00,2025-07-19,14,28.3,55,0.0,0.0,0.0,0.0,2,Partly Cloudy,67,,11.7,37.8,Cloudy,82.94
2025-07-19T15:00,2025-07-19,15,28.0,56,0.0,0.0,0.0,0.0,3,Overcast,81,,13.9,37.1,Cloudy,82.4
2025-07-19T16:00,2025-07-19,16,27.3,58,0.0,0.0,0.0,0.0,3,Overcast,100,,10.3,36.0,Cloudy,81.14
2025-07-19T17:00,2025-07-19,17,26.3,61,0.0,0.0,0.0,0.0,3,Overcast,99,,9.4,28.1,Cloudy,79.34
2025-07-19T18:00,2025-07-19,18,25.9,65,0.0,0.0,0.0,0.0,2,Partly Cloudy,50,,11.5,27.7,Cloudy,78.62
2025-07-19T19:00,2025-07-19,19,24.5,75,0.0,0.0,0.0,0.0,3,Overcast,80,,11.3,28.4,Cloudy,76.1
2025-07-19T20:00,2025-07-19,20,24.2,75,0.0,0.0,0.0,0.0,2,Partly Cloudy,74,,7.7,18.0,Cloudy,75.56
2025-07-19T21:00,2025-07-19,21,23.8,80,0.0,0.0,0.0,0.0,3,Overcast,93,,8.1,19.1,Cloudy,74.84
2025-07-19T22:00,2025-07-19,22,23.6,83,0.0,0.0,0.0,0.0,3,Overcast,100,,6.2,18.0,Cloudy,74.48
2025-07-19T23:00,2025-07-19,23,23.5,86,0.0,0.0,0.0,0.0,3,Overcast,100,,5.4,14.0,Cloudy,74.3
2025-07-20T00:00,2025-07-20,0,23.5,87,0.0,0.0,0.0,0.0,3,Overcast,100,,5.6,12.2,Cloudy,74.3
2025-07-20T01:00,2025-07-20,1,23.8,87,0.0,0.0,0.0,0.0,3,Overcast,100,,4.9,13.3,Cloudy,74.84
2025-07-20T02:00,2025-07-20,2,23.6,90,0.1,0.1,0.0,0.0,51,Light Drizzle,100,,6.0,13.3,Rain,74.48
2025-07-20T03:00,2025-07-20,3,23.5,92,0.0,0.0,0.0,0.0,3,Overcast,100,,3.1,12.2,Cloudy,74.3
2025-07-20T04:00,2025-07-20,4,23.3,94,0.0,0.0,0.0,0.0,3,Overcast,100,,1.1,6.5,Cloudy,73.94
2025-07-20T05:00,2025-07-20,5,23.4,94,0.1,0.1,0.0,0.0,51,Light Drizzle,100,,2.0,5.4,Rain,74.12
2025-07-20T06:00,2025-07-20,6,23.6,90,0.7,0.7,0.0,0.0,53,Moderate Drizzle,100,,2.3,9.0,Rain,74.48
2025-07-20T07:00,2025-07-20,7,22.3,96,2.1,2.1,0.0,0.0,61,Slight Rain,100,,7.0,18.0,Rain,72.14
2025-07-20T08:00,2025-07-20,8,25.7,80,0.0,0.0,0.0,0.0,1,Mainly Clear,39,,5.1,16.9,Clear,78.25999999999999
2025-07-20T09:00,2025-07-20,9,27.8,70,0.1,0.1,0.0,0.0,51,Light Drizzle,36,,3.7,18.4,Rain,82.04
2025-07-20T10:00,2025-07-20,10,29.5,61,0.1,0.1,0.0,0.0,51,Light Drizzle,37,,0.7,16.9,Rain,85.1
2025-07-20T11:00,2025-07-20,11,31.1,53,0.0,0.0,0.0,0.0,1,Mainly Clear,24,,2.4,15.8,Clear,87.98
2025-07-20T12:00,2025-07-20,12,32.4,47,0.0,0.0,0.0,0.0,1,Mainly Clear,36,,6.0,21.6,Clear,90.32
2025-07-20T13:00,2025-07-20,13,33.4,43,0.0,0.0,0.0,0.0,1,Mainly Clear,35,,9.3,29.2,Clear,92.11999999999999
2025-07-20T14:00,2025-07-20,14,34.1,41,0.0,0.0,0.0,0.0,1,Mainly Clear,41,,10.3,29.5,Clear,93.38000000000001
2025-07-20T15:00,2025-07-20,15,33.7,41,0.1,0.1,0.0,0.0,51,Light Drizzle,34,,11.5,31.3,Rain,92.66
2025-07-20T16:00,2025-07-20,16,33.7,41,0.0,0.0,0.0,0.0,2,Partly Cloudy,79,,11.4,32.4,Cloudy,92.66
2025-07-20T17:00,2025-07-20,17,33.1,42,0.0,0.0,0.0,0.0,3,Overcast,96,,12.9,33.5,Cloudy,91.58000000000001
2025-07-20T18:00,2025-07-20,18,31.6,47,0.0,0.0,0.0,0.0,2,Partly Cloudy,64,,12.3,34.6,Cloudy,88.88000000000001
2025-07-20T19:00,2025-07-20,19,29.2,58,0.3,0.3,0.0,0.0,51,Light Drizzle,100,,9.0,33.1,Rain,84.56
2025-07-20T20:00,2025-07-20,20,28.1,67,0.0,0.0,0.0,0.0,2,Partly Cloudy,74,,8.1,17.6,Cloudy,82.58
2025-07-20T21:00,2025-07-20,21,27.5,70,0.5,0.5,0.0,0.0,53,Moderate Drizzle,43,,8.5,19.8,Rain,81.5
2025-07-20T22:00,2025-07-20,22,27.2,71,0.0,0.0,0.0,0.0,2,Partly Cloudy,65,,15.3,33.8,Cloudy,80.96
2025-07-20T23:00,2025-07-20,23,26.5,66,0.0,0.0,0.0,0.0,1,Mainly Clear,27,,13.4,34.6,Clear,79.7
2025-07-21T00:00,2025-07-21,0,25.5,67,0.0,0.0,0.0,0.0,0,Clear,0,,12.2,29.9,Clear,77.9
2025-07-21T01:00,2025-07-21,1,24.5,70,0.0,0.0,0.0,0.0,0,Clear,0,,12.5,28.1,Clear,76.1
2025-07-21T02:00,2025-07-21,2,23.5,73,0.0,0.0,0.0,0.0,0,Clear,0,,11.2,27.7,Clear,74.3
2025-07-21T03:00,2025-07-21,3,22.8,75,0.0,0.0,0.0,0.0,0,Clear,0,,10.0,24.8,Clear,73.04
2025-07-21T04:00,2025-07-21,4,22.0,78,0.0,0.0,0.0,0.0,0,Clear,0,,8.9,22.0,Clear,71.6
2025-07-21T05:00,2025-07-21,5,21.5,79,0.0,0.0,0.0,0.0,0,Clear,0,,7.9,19.8,Clear,70.7
2025-07-21T06:00,2025-07-21,6,22.0,77,0.0,0.0,0.0,0.0,0,Clear,0,,7.6,18.4,Clear,71.6
2025-07-21T07:00,2025-07-21,7,23.4,69,0.0,0.0,0.0,0.0,0,Clear,0,,8.5,23.0,Clear,74.12
2025-07-21T08:00,2025-07-21,8,26.1,54,0.0,0.0,0.0,0.0,0,Clear,0,,8.0,24.1,Clear,78.98
2025-07-21T09:00,2025-07-21,9,28.0,44,0.0,0.0,0.0,0.0,0,Clear,0,,8.4,26.3,Clear,82.4
2025-07-21T10:00,2025-07-21,10,29.8,37,0.0,0.0,0.0,0.0,0,Clear,13,,10.6,31.3,Clear,85.64
2025-07-21T11:00,2025-07-21,11,30.6,34,0.0,0.0,0.0,0.0,0,Clear,10,,12.5,34.6,Clear,87.08000000000001
2025-07-21T12:00,2025-07-21,12,31.5,30,0.0,0.0,0.0,0.0,1,Mainly Clear,21,,14.3,38.2,Clear,88.7
2025-07-21T13:00,2025-07-21,13,31.8,29,0.0,0.0,0.0,0.0,1,Mainly Clear,26,,16.7,42.8,Clear,89.24
2025-07-21T14:00,2025-07-21,14,31.8,28,0.0,0.0,0.0,0.0,0,Clear,17,,17.4,44.6,Clear,89.24
2025-07-21T15:00,2025-07-21,15,31.8,27,0.0,0.0,0.0,0.0,1,Mainly Clear,28,,16.9,45.0,Clear,89.24
2025-07-21T16:00,2025-07-21,16,31.2,28,0.0,0.0,0.0,0.0,2,Partly Cloudy,55,,18.6,45.7,Cloudy,88.16
2025-07-21T17:00,2025-07-21,17,29.4,34,0.0,0.0,0.0,0.0,1,Mainly Clear,46,,19.2,46.8,Clear,84.91999999999999
2025-07-21T18:00,2025-07-21,18,28.0,36,0.0,0.0,0.0,0.0,0,Clear,0,,17.9,46.1,Clear,82.4
2025-07-21T19:00,2025-07-21,19,26.5,38,0.0,0.0,0.0,0.0,0,Clear,0,,17.3,42.8,Clear,79.7
2025-07-21T20:00,2025-07-21,20,26.2,41,0.0,0.0,0.0,0.0,1,Mainly Clear,33,,13.6,37.4,Clear,79.16
2025-07-21T21:00,2025-07-21,21,25.8,42,0.0,0.0,0.0,0.0,1,Mainly Clear,24,,12.2,30.6,Clear,78.44
2025-07-21T22:00,2025-07-21,22,25.0,44,0.0,0.0,0.0,0.0,0,Clear,2,,12.2,27.7,Clear,77.0
2025-07-21T23:00,2025-07-21,23,24.1,45,0.0,0.0,0.0,0.0,0,Clear,0,,10.9,28.4,Clear,75.38
2025-07-22T00:00,2025-07-22,0,23.2,47,0.0,0.0,0.0,0.0,0,Clear,8,,11.4,24.8,Clear,73.75999999999999
2025-07-22T01:00,2025-07-22,1,22.4,46,0.0,0.0,0.0,0.0,0,Clear,4,,11.7,27.7,Clear,72.32
2025-07-22T02:00,2025-07-22,2,21.2,50,0.0,0.0,0.0,0.0,0,Clear,12,,11.0,25.9,Clear,70.16
2025-07-22T03:00,2025-07-22,3,20.6,54,0.0,0.0,0.0,0.0,0,Clear,2,,9.8,24.5,Clear,69.08
2025-07-22T04:00,2025-07-22,4,20.2,54,0.0,0.0,0.0,0.0,0,Clear,0,,10.0,23.0,Clear,68.36
2025-07-22T05:00,2025-07-22,5,19.6,54,0.0,0.0,0.0,0.0,1,Mainly Clear,24,,10.0,23.0,Clear,67.28
2025-07-22T06:00,2025-07-22,6,20.0,52,0.0,0.0,0.0,0.0,3,Overcast,100,,9.4,22.7,Cloudy,68.0
2025-07-22T07:00,2025-07-22,7,21.0,50,0.0,0.0,0.0,0.0,0,Clear,12,,10.3,27.0,Clear,69.8
2025-07-22T08:00,2025-07-22,8,22.8,51,0.0,0.0,0.0,0.0,0,Clear,14,,10.2,28.4,Clear,73.04
2025-07-22T09:00,2025-07-22,9,24.5,47,0.0,0.0,0.0,0.0,1,Mainly Clear,34,,8.6,28.8,Clear,76.1
2025-07-22T10:00,2025-07-22,10,26.0,42,0.0,0.0,0.0,0.0,1,Mainly Clear,32,,4.9,27.0,Clear,78.8
2025-07-22T11:00,2025-07-22,11,27.3,37,0.0,0.0,0.0,0.0,1,Mainly Clear,31,,2.8,21.2,Clear,81.14
2025-07-22T12:00,2025-07-22,12,28.1,33,0.0,0.0,0.0,0.0,3,Overcast,98,,1.5,18.0,Cloudy,82.58
2025-07-22T13:00,2025-07-22,13,28.0,36,0.0,0.0,0.0,0.0,3,Overcast,100,,7.1,25.6,Cloudy,82.4
2025-07-22T14:00,2025-07-22,14,26.7,44,0.0,0.0,0.0,0.0,3,Overcast,87,,11.8,34.2,Cloudy,80.06
2025-07-22T15:00,2025-07-22,15,26.2,46,0.0,0.0,0.0,0.0,2,Partly Cloudy,59,,14.0,37.4,Cloudy,79.16
2025-07-22T16:00,2025-07-22,16,25.9,46,0.0,0.0,0.0,0.0,2,Partly Cloudy,54,,12.6,37.4,Cloudy,78.62
2025-07-22T17:00,2025-07-22,17,25.6,47,0.0,0.0,0.0,0.0,1,Mainly Clear,39,,10.9,33.8,Clear,78.08
2025-07-22T18:00,2025-07-22,18,25.1,49,0.0,0.0,0.0,0.0,1,Mainly Clear,42,,10.1,29.9,Clear,77.18
2025-07-22T19:00,2025-07-22,19,24.1,54,0.0,0.0,0.0,0.0,1,Mainly Clear,45,,9.7,26.3,Clear,75.38
2025-07-22T20:00,2025-07-22,20,23.2,58,0.0,0.0,0.0,0.0,0,Clear,3,,8.6,20.5,Clear,73.75999999999999
2025-07-22T21:00,2025-07-22,21,22.9,60,0.0,0.0,0.0,0.0,0,Clear,8,,7.3,20.9,Clear,73.22
2025-07-22T22:00,2025-07-22,22,22.6,63,0.0,0.0,0.0,0.0,1,Mainly Clear,31,,5.2,16.2,Clear,72.68
2025-07-22T23:00,2025-07-22,23,22.5,64,0.0,0.0,0.0,0.0,0,Clear,16,,5.4,12.6,Clear,72.5
2025-07-23T00:00,2025-07-23,0,21.7,73,0.0,0.0,0.0,0.0,0,Clear,2,,3.5,12.6,Clear,71.06
2025-07-23T01:00,2025-07-23,1,21.1,78,0.0,0.0,0.0,0.0,0,Clear,1,,1.8,7.2,Clear,69.98
2025-07-23T02:00,2025-07-23,2,20.7,81,0.0,0.0,0.0,0.0,0,Clear,0,,2.3,5.8,Clear,69.25999999999999
2025-07-23T03:00,2025-07-23,3,20.4,82,0.0,0.0,0.0,0.0,0,Clear,7,,3.5,8.3,Clear,68.72
2025-07-23T04:00,2025-07-23,4,20.0,85,0.0,0.0,0.0,0.0,3,Overcast,98,,1.2,7.6,Cloudy,68.0
2025-07-23T05:00,2025-07-23,5,19.6,88,0.0,0.0,0.0,0.0,3,Overcast,91,,2.7,5.8,Cloudy,67.28
2025-07-23T06:00,2025-07-23,6,21.0,81,0.0,0.0,0.0,0.0,3,Overcast,96,,3.8,8.6,Cloudy,69.8
2025-07-23T07:00,2025-07-23,7,23.0,67,0.0,0.0,0.0,0.0,3,Overcast,84,,2.3,11.5,Cloudy,73.4
2025-07-23T08:00,2025-07-23,8,24.1,63,0.0,0.0,0.0,0.0,1,Mainly Clear,24,,1.4,13.3,Clear,75.38
2025-07-23T09:00,2025-07-23,9,25.9,54,0.0,0.0,0.0,0.0,1,Mainly Clear,26,,3.4,16.6,Clear,78.62
2025-07-23T10:00,2025-07-23,10,27.3,46,0.0,0.0,0.0,0.0,1,Mainly Clear,30,,5.4,21.2,Clear,81.14
2025-07-23T11:00,2025-07-23,11,28.4,41,0.0,0.0,0.0,0.0,1,Mainly Clear,35,,7.5,25.9,Clear,83.12
2025-07-23T12:00,2025-07-23,12,28.9,39,0.0,0.0,0.0,0.0,3,Overcast,100,,8.8,28.8,Cloudy,84.02
2025-07-23T13:00,2025-07-23,13,28.0,41,0.0,0.0,0.0,0.0,3,Overcast,100,,10.6,30.6,Cloudy,82.4
2025-07-23T14:00,2025-07-23,14,28.0,41,0.0,0.0,0.0,0.0,3,Overcast,100,,10.5,32.0,Cloudy,82.4
2025-07-23T15:00,2025-07-23,15,27.5,40,0.0,0.0,0.0,0.0,3,Overcast,100,,11.4,31.3,Cloudy,81.5
2025-07-23T16:00,2025-07-23,16,27.8,38,0.0,0.0,0.0,0.0,3,Overcast,91,,11.7,32.4,Cloudy,82.04
2025-07-23T17:00,2025-07-23,17,26.9,40,0.0,0.0,0.0,0.0,3,Overcast,88,,13.2,33.8,Cloudy,80.42
2025-07-23T18:00,2025-07-23,18,25.8,45,0.0,0.0,0.0,0.0,0,Clear,15,,11.8,34.2,Clear,78.44
2025-07-23T19:00,2025-07-23,19,25.0,48,0.0,0.0,0.0,0.0,1,Mainly Clear,20,,12.4,29.2,Clear,77.0
2025-07-23T20:00,2025-07-23,20,24.0,55,0.0,0.0,0.0,0.0,3,Overcast,91,,12.2,27.4,Cloudy,75.2
2025-07-23T21:00,2025-07-23,21,23.4,56,0.0,0.0,0.0,0.0,3,Overcast,89,,11.3,27.4,Cloudy,74.12
2025-07-23T22:00,2025-07-23,22,22.8,57,0.0,0.0,0.0,0.0,3,Overcast,100,,9.7,25.6,Cloudy,73.04
2025-07-23T23:00,2025-07-23,23,22.2,59,0.0,0.0,0.0,0.0,3,Overcast,86,,9.7,21.6,Cloudy,71.96
2025-07-24T00:00,2025-07-24,0,21.8,61,0.0,0.0,0.0,0.0,3,Overcast,100,,9.3,21.6,Cloudy,71.24000000000001
2025-07-24T01:00,2025-07-24,1,21.4,64,0.0,0.0,0.0,0.0,3,Overcast,100,,8.1,20.5,Cloudy,70.52
2025-07-24T02:00,2025-07-24,2,20.9,67,0.0,0.0,0.0,0.0,3,Overcast,99,,7.3,17.3,Cloudy,69.62
2025-07-24T03:00,2025-07-24,3,20.6,70,0.0,0.0,0.0,0.0,3,Overcast,99,,7.6,16.6,Cloudy,69.08
2025-07-24T04:00,2025-07-24,4,20.2,72,0.0,0.0,0.0,0.0,3,Overcast,99,,6.4,16.6,Cloudy,68.36
2025-07-24T05:00,2025-07-24,5,20.0,75,0.0,0.0,0.0,0.0,3,Overcast,99,,5.8,14.0,Cloudy,68.0
2025-07-24T06:00,2025-07-24,6,20.9,72,0.0,0.0,0.0,0.0,3,Overcast,94,,6.2,14.0,Cloudy,69.62
2025-07-24T07:00,2025-07-24,7,22.6,64,0.0,0.0,0.0,0.0,0,Clear,6,,6.6,18.4,Clear,72.68
2025-07-24T08:00,2025-07-24,8,24.5,61,0.0,0.0,0.0,0.0,0,Clear,0,,8.1,23.4,Clear,76.1
2025-07-24T09:00,2025-07-24,9,26.5,55,0.0,0.0,0.0,0.0,0,Clear,2,,9.3,26.6,Clear,79.7
2025-07-24T10:00,2025-07-24,10,28.4,52,0.0,0.0,0.0,0.0,2,Partly Cloudy,55,,10.7,31.0,Cloudy,83.12
2025-07-24T11:00,2025-07-24,11,30.5,45,0.0,0.0,0.0,0.0,3,Overcast,100,,14.0,37.1,Cloudy,86.9
2025-07-24T12:00,2025-07-24,12,30.4,46,0.0,0.0,0.0,0.0,3,Overcast,99,,11.5,37.1,Cloudy,86.72
2025-07-24T13:00,2025-07-24,13,31.1,43,0.0,0.0,0.0,0.0,3,Overcast,99,,11.3,31.7,Cloudy,87.98
2025-07-24T14:00,2025-07-24,14,30.9,44,0.0,0.0,0.0,0.0,3,Overcast,100,,10.3,31.3,Cloudy,87.61999999999999
2025-07-24T15:00,2025-07-24,15,31.0,45,0.0,0.0,0.0,0.0,1,Mainly Clear,48,,10.3,29.9,Clear,87.8
2025-07-24T16:00,2025-07-24,16,31.1,47,0.0,0.0,0.0,0.0,3,Overcast,100,,10.7,31.7,Cloudy,87.98
2025-07-24T17:00,2025-07-24,17,30.5,50,0.0,0.0,0.0,0.0,2,Partly Cloudy,72,,9.5,31.0,Cloudy,86.9
2025-07-24T18:00,2025-07-24,18,30.2,52,0.0,0.0,0.0,0.0,3,Overcast,100,,6.9,27.4,Cloudy,86.36
2025-07-24T19:00,2025-07-24,19,30.0,52,0.0,0.0,0.0,0.0,2,Partly Cloudy,79,,5.4,19.8,Cloudy,86.0
2025-07-24T20:00,2025-07-24,20,29.4,54,0.0,0.0,0.0,0.0,3,Overcast,98,,12.8,28.4,Cloudy,84.91999999999999
2025-07-24T21:00,2025-07-24,21,28.3,59,0.0,0.0,0.0,0.0,3,Overcast,99,,13.6,32.0,Cloudy,82.94
2025-07-24T22:00,2025-07-24,22,27.5,64,0.0,0.0,0.0,0.0,0,Clear,6,,13.4,31.7,Clear,81.5
2025-07-24T23:00,2025-07-24,23,26.5,67,0.0,0.0,0.0,0.0,0,Clear,0,,12.7,30.2,Clear,79.7
2025-07-25T00:00,2025-07-25,0,25.6,70,0.0,0.0,0.0,0.0,0,Clear,0,,12.1,29.2,Clear,78.08
2025-07-25T01:00,2025-07-25,1,25.1,72,0.0,0.0,0.0,0.0,0,Clear,0,,11.5,27.0,Clear,77.18
2025-07-25T02:00,2025-07-25,2,25.0,74,0.0,0.0,0.0,0.0,0,Clear,5,,10.8,25.2,Clear,77.0
2025-07-25T03:00,2025-07-25,3,24.9,75,0.0,0.0,0.0,0.0,0,Clear,0,,10.8,23.8,Clear,76.82
2025-07-25T04:00,2025-07-25,4,24.8,76,0.0,0.0,0.0,0.0,0,Clear,0,,11.0,24.1,Clear,76.64
2025-07-25T05:00,2025-07-25,5,24.5,78,0.0,0.0,0.0,0.0,0,Clear,1,,9.9,24.1,Clear,76.1
2025-07-25T06:00,2025-07-25,6,25.2,75,0.0,0.0,0.0,0.0,0,Clear,0,,8.1,22.0,Clear,77.36
2025-07-25T07:00,2025-07-25,7,26.6,69,0.0,0.0,0.0,0.0,0,Clear,0,,8.8,23.0,Clear,79.88
2025-07-25T08:00,2025-07-25,8,29.0,62,0.0,0.0,0.0,0.0,0,Clear,10,,8.2,24.5,Clear,84.2
2025-07-25T09:00,2025-07-25,9,31.3,55,0.0,0.0,0.0,0.0,0,Clear,13,,8.4,25.9,Clear,88.34
2025-07-25T10:00,2025-07-25,10,33.6,49,0.0,0.0,0.0,0.0,0,Clear,4,,8.8,30.6,Clear,92.48
2025-07-25T11:00,2025-07-25,11,35.3,45,0.0,0.0,0.0,0.0,0,Clear,12,,9.6,32.0,Clear,95.53999999999999
2025-07-25T12:00,2025-07-25,12,36.5,41,0.0,0.0,0.0,0.0,1,Mainly Clear,22,,11.4,32.8,Clear,97.7
2025-07-25T13:00,2025-07-25,13,37.8,36,0.0,0.0,0.0,0.0,1,Mainly Clear,32,,11.4,34.2,Clear,100.03999999999999
2025-07-25T14:00,2025-07-25,14,34.5,45,2.4,2.4,0.0,0.0,61,Slight Rain,98,,22.7,52.6,Rain,94.1
2025-07-25T15:00,2025-07-25,15,29.8,69,2.5,2.5,0.0,0.0,63,Moderate Rain,48,,8.8,56.9,Rain,85.64
2025-07-25T16:00,2025-07-25,16,32.2,60,0.0,0.0,0.0,0.0,3,Overcast,99,,8.4,24.1,Cloudy,89.96000000000001
2025-07-25T17:00,2025-07-25,17,32.0,58,0.0,0.0,0.0,0.0,3,Overcast,82,,10.6,26.6,Cloudy,89.6
2025-07-25T18:00,2025-07-25,18,31.5,59,0.0,0.0,0.0,0.0,3,Overcast,100,,8.4,27.0,Cloudy,88.7
2025-07-25T19:00,2025-07-25,19,29.8,68,0.5,0.5,0.0,0.0,53,Moderate Drizzle,98,,11.0,25.2,Rain,85.64
2025-07-25T20:00,2025-07-25,20,29.8,66,0.0,0.0,0.0,0.0,3,Overcast,99,,9.3,22.7,Cloudy,85.64
2025-07-25T21:00,2025-07-25,21,28.6,71,0.0,0.0,0.0,0.0,3,Overcast,92,,9.0,22.3,Cloudy,83.48
2025-07-25T22:00,2025-07-25,22,28.2,73,0.0,0.0,0.0,0.0,3,Overcast,98,,7.7,19.8,Cloudy,82.75999999999999
2025-07-25T23:00,2025-07-25,23,27.8,74,0.0,0.0,0.0,0.0,3,Overcast,96,,9.4,20.2,Cloudy,82.04
2025-07-26T00:00,2025-07-26,0,27.0,74,0.0,0.0,0.0,0.0,3,Overcast,100,,9.3,20.5,Cloudy,80.6
2025-07-26T01:00,2025-07-26,1,26.2,77,0.0,0.0,0.0,0.0,2,Partly Cloudy,72,,10.6,23.0,Cloudy,79.16
2025-07-26T02:00,2025-07-26,2,25.5,80,0.0,0.0,0.0,0.0,3,Overcast,96,,11.3,24.8,Cloudy,77.9
2025-07-26T03:00,2025-07-26,3,24.5,82,0.0,0.0,0.0,0.0,0,Clear,15,,9.5,24.5,Clear,76.1
2025-07-26T04:00,2025-07-26,4,24.0,85,0.0,0.0,0.0,0.0,1,Mainly Clear,38,,9.2,20.9,Clear,75.2
2025-07-26T05:00,2025-07-26,5,23.7,85,0.0,0.0,0.0,0.0,3,Overcast,96,,9.5,21.2,Cloudy,74.66
2025-07-26T06:00,2025-07-26,6,24.1,80,0.0,0.0,0.0,0.0,3,Overcast,99,,8.9,21.6,Cloudy,75.38
2025-07-26T07:00,2025-07-26,7,25.0,68,0.0,0.0,0.0,0.0,3,Overcast,100,,10.2,25.2,Cloudy,77.0
2025-07-26T08:00,2025-07-26,8,26.4,55,0.0,0.0,0.0,0.0,3,Overcast,98,,10.0,27.0,Cloudy,79.52
2025-07-26T09:00,2025-07-26,9,27.4,49,0.0,0.0,0.0,0.0,3,Overcast,100,,10.2,28.8,Cloudy,81.32
2025-07-26T10:00,2025-07-26,10,28.4,44,0.0,0.0,0.0,0.0,1,Mainly Clear,28,,9.0,28.8,Clear,83.12
2025-07-26T11:00,2025-07-26,11,29.7,41,0.0,0.0,0.0,0.0,1,Mainly Clear,26,,6.2,27.0,Clear,85.46000000000001
2025-07-26T12:00,2025-07-26,12,30.5,41,0.0,0.0,0.0,0.0,3,Overcast,100,,5.0,23.0,Cloudy,86.9
2025-07-26T13:00,2025-07-26,13,30.6,43,0.0,0.0,0.0,0.0,3,Overcast,100,,10.7,32.0,Cloudy,87.08000000000001
2025-07-26T14:00,2025-07-26,14,28.8,44,0.0,0.0,0.0,0.0,3,Overcast,91,,14.4,40.0,Cloudy,83.84
2025-07-26T15:00,2025-07-26,15,28.1,42,0.0,0.0,0.0,0.0,3,Overcast,100,,12.6,38.9,Cloudy,82.58
2025-07-26T16:00,2025-07-26,16,28.1,40,0.0,0.0,0.0,0.0,3,Overcast,100,,13.4,35.6,Cloudy,82.58
2025-07-26T17:00,2025-07-26,17,26.8,41,0.0,0.0,0.0,0.0,3,Overcast,98,,12.8,36.0,Cloudy,80.24000000000001
2025-07-26T18:00,2025-07-26,18,25.8,44,0.0,0.0,0.0,0.0,3,Overcast,100,,10.8,32.4,Cloudy,78.44
2025-07-26T19:00,2025-07-26,19,24.8,53,0.0,0.0,0.0,0.0,3,Overcast,100,,10.2,27.4,Cloudy,76.64
2025-07-26T20:00,2025-07-26,20,24.0,60,0.0,0.0,0.0,0.0,3,Overcast,97,,8.8,22.3,Cloudy,75.2
2025-07-26T21:00,2025-07-26,21,23.9,65,0.0,0.0,0.0,0.0,3,Overcast,87,,8.7,22.0,Cloudy,75.02
2025-07-26T22:00,2025-07-26,22,23.6,66,0.0,0.0,0.0,0.0,3,Overcast,82,,8.3,20.9,Cloudy,74.48
2025-07-26T23:00,2025-07-26,23,23.5,68,0.0,0.0,0.0,0.0,3,Overcast,98,,9.1,21.2,Cloudy,74.3
2025-07-27T00:00,2025-07-27,0,23.2,71,0.0,0.0,0.0,0.0,3,Overcast,98,,7.2,21.2,Cloudy,73.75999999999999
2025-07-27T01:00,2025-07-27,1,23.0,74,0.0,0.0,0.0,0.0,3,Overcast,100,,6.3,15.8,Cloudy,73.4
2025-07-27T02:00,2025-07-27,2,22.9,76,0.0,0.0,0.0,0.0,3,Overcast,100,,5.4,13.3,Cloudy,73.22
2025-07-27T03:00,2025-07-27,3,22.8,78,0.0,0.0,0.0,0.0,3,Overcast,100,,5.4,11.9,Cloudy,73.04
2025-07-27T04:00,2025-07-27,4,22.6,79,0.0,0.0,0.0,0.0,3,Overcast,100,,7.2,15.5,Cloudy,72.68
2025-07-27T05:00,2025-07-27,5,22.5,81,0.0,0.0,0.0,0.0,3,Overcast,95,,6.2,15.5,Cloudy,72.5
2025-07-27T06:00,2025-07-27,6,22.4,82,0.8,0.8,0.0,0.0,53,Moderate Drizzle,100,,6.5,14.8,Rain,72.32
2025-07-27T07:00,2025-07-27,7,23.0,81,0.6,0.6,0.0,0.0,53,Moderate Drizzle,100,,7.7,18.7,Rain,73.4
2025-07-27T08:00,2025-07-27,8,24.9,71,0.0,0.0,0.0,0.0,3,Overcast,100,,8.9,23.8,Cloudy,76.82
2025-07-27T09:00,2025-07-27,9,25.7,68,0.0,0.0,0.0,0.0,3,Overcast,99,,10.6,26.3,Cloudy,78.25999999999999
2025-07-27T10:00,2025-07-27,10,26.2,70,0.1,0.1,0.0,0.0,51,Light Drizzle,100,,13.8,34.9,Rain,79.16
2025-07-27T11:00,2025-07-27,11,27.0,70,0.0,0.0,0.0,0.0,3,Overcast,100,,12.6,33.5,Cloudy,80.6
2025-07-27T12:00,2025-07-27,12,28.0,68,0.0,0.0,0.0,0.0,3,Overcast,100,,10.9,31.3,Cloudy,82.4
2025-07-27T13:00,2025-07-27,13,30.0,62,0.2,0.2,0.0,0.0,51,Light Drizzle,100,,11.9,34.2,Rain,86.0
2025-07-27T14:00,2025-07-27,14,30.8,58,0.2,0.2,0.0,0.0,51,Light Drizzle,96,,13.3,35.3,Rain,87.44
2025-07-27T15:00,2025-07-27,15,27.5,76,7.1,7.1,0.0,0.0,63,Moderate Rain,65,,5.9,35.3,Rain,81.5
2025-07-27T16:00,2025-07-27,16,27.2,79,0.1,0.1,0.0,0.0,51,Light Drizzle,85,,8.4,28.1,Rain,80.96
2025-07-27T17:00,2025-07-27,17,26.7,79,0.4,0.4,0.0,0.0,51,Light Drizzle,58,,10.9,33.8,Rain,80.06
2025-07-27T18:00,2025-07-27,18,26.4,82,0.1,0.1,0.0,0.0,51,Light Drizzle,21,,8.6,25.6,Rain,79.52
2025-07-27T19:00,2025-07-27,19,25.9,87,0.0,0.0,0.0,0.0,0,Clear,15,,8.3,20.2,Clear,78.62
2025-07-27T20:00,2025-07-27,20,26.6,84,0.0,0.0,0.0,0.0,1,Mainly Clear,40,,4.1,20.5,Clear,79.88
2025-07-27T21:00,2025-07-27,21,26.3,86,0.2,0.2,0.0,0.0,51,Light Drizzle,20,,2.6,7.9,Rain,79.34
2025-07-27T22:00,2025-07-27,22,26.2,87,0.0,0.0,0.0,0.0,0,Clear,2,,7.2,14.4,Clear,79.16
2025-07-27T23:00,2025-07-27,23,26.1,88,0.0,0.0,0.0,0.0,0,Clear,1,,9.2,18.4,Clear,78.98
2025-07-28T00:00,2025-07-28,0,26.5,79,0.0,0.0,0.0,0.0,0,Clear,0,,11.9,25.2,Clear,79.7
2025-07-28T01:00,2025-07-28,1,25.9,75,0.0,0.0,0.0,0.0,0,Clear,0,,10.5,25.2,Clear,78.62
2025-07-28T02:00,2025-07-28,2,25.0,78,0.0,0.0,0.0,0.0,0,Clear,0,,9.5,22.3,Clear,77.0
2025-07-28T03:00,2025-07-28,3,24.3,80,0.0,0.0,0.0,0.0,0,Clear,0,,8.3,19.8,Clear,75.74000000000001
2025-07-28T04:00,2025-07-28,4,24.0,81,0.0,0.0,0.0,0.0,0,Clear,0,,8.5,18.0,Clear,75.2
2025-07-28T05:00,2025-07-28,5,23.6,81,0.0,0.0,0.0,0.0,0,Clear,0,,8.6,18.0,Clear,74.48
2025-07-28T06:00,2025-07-28,6,24.4,78,0.0,0.0,0.0,0.0,0,Clear,0,,7.4,18.7,Clear,75.92
2025-07-28T07:00,2025-07-28,7,25.9,71,0.0,0.0,0.0,0.0,0,Clear,0,,6.7,18.4,Clear,78.62
2025-07-28T08:00,2025-07-28,8,28.6,61,0.0,0.0,0.0,0.0,0,Clear,2,,7.7,22.3,Clear,83.48
2025-07-28T09:00,2025-07-28,9,30.3,54,0.0,0.0,0.0,0.0,0,Clear,0,,8.1,25.2,Clear,86.53999999999999
2025-07-28T10:00,2025-07-28,10,31.8,49,0.0,0.0,0.0,0.0,0,Clear,10,,6.8,24.8,Clear,89.24
2025-07-28T11:00,2025-07-28,11,33.0,44,0.0,0.0,0.0,0.0,0,Clear,15,,7.4,24.8,Clear,91.4
2025-07-28T12:00,2025-07-28,12,34.0,42,0.0,0.0,0.0,0.0,0,Clear,19,,9.5,28.8,Clear,93.2
2025-07-28T13:00,2025-07-28,13,34.6,40,0.0,0.0,0.0,0.0,0,Clear,15,,10.6,31.0,Clear,94.28
2025-07-28T14:00,2025-07-28,14,35.0,38,0.0,0.0,0.0,0.0,0,Clear,14,,9.8,31.3,Clear,95.0
2025-07-28T15:00,2025-07-28,15,35.2,37,0.0,0.0,0.0,0.0,0,Clear,4,,9.3,29.5,Clear,95.36
2025-07-28T16:00,2025-07-28,16,35.2,36,0.0,0.0,0.0,0.0,0,Clear,4,,10.9,30.6,Clear,95.36
2025-07-28T17:00,2025-07-28,17,34.6,38,0.0,0.0,0.0,0.0,0,Clear,1,,11.9,31.3,Clear,94.28
2025-07-28T18:00,2025-07-28,18,33.9,39,0.0,0.0,0.0,0.0,0,Clear,1,,11.0,31.0,Clear,93.02
2025-07-28T19:00,2025-07-28,19,33.0,42,0.0,0.0,0.0,0.0,0,Clear,0,,8.1,27.4,Clear,91.4
2025-07-28T20:00,2025-07-28,20,32.1,45,0.0,0.0,0.0,0.0,0,Clear,5,,6.8,16.2,Clear,89.78
2025-07-28T21:00,2025-07-28,21,29.5,61,0.0,0.0,0.0,0.0,0,Clear,0,,8.3,19.8,Clear,85.1
2025-07-28T22:00,2025-07-28,22,27.9,72,0.0,0.0,0.0,0.0,0,Clear,0,,5.1,18.7,Clear,82.22
2025-07-28T23:00,2025-07-28,23,27.2,75,0.0,0.0,0.0,0.0,3,Overcast,99,,3.3,12.2,Cloudy,80.96
2025-07-29T00:00,2025-07-29,0,27.0,76,0.0,0.0,0.0,0.0,3,Overcast,100,,2.9,8.6,Cloudy,80.6
2025-07-29T01:00,2025-07-29,1,26.8,77,0.0,0.0,0.0,0.0,3,Overcast,81,,2.8,7.9,Cloudy,80.24000000000001
2025-07-29T02:00,2025-07-29,2,26.2,80,0.0,0.0,0.0,0.0,0,Clear,0,,2.5,7.2,Clear,79.16
2025-07-29T03:00,2025-07-29,3,25.6,83,0.0,0.0,0.0,0.0,0,Clear,0,,2.1,7.9,Clear,78.08
2025-07-29T04:00,2025-07-29,4,25.2,85,0.0,0.0,0.0,0.0,0,Clear,0,,1.5,5.4,Clear,77.36
2025-07-29T05:00,2025-07-29,5,24.9,87,0.0,0.0,0.0,0.0,0,Clear,11,,1.9,4.0,Clear,76.82
2025-07-29T06:00,2025-07-29,6,26.1,81,0.0,0.0,0.0,0.0,3,Overcast,93,,2.0,6.8,Cloudy,78.98
2025-07-29T07:00,2025-07-29,7,27.5,74,0.0,0.0,0.0,0.0,2,Partly Cloudy,75,,1.0,7.6,Cloudy,81.5
2025-07-29T08:00,2025-07-29,8,30.3,62,0.0,0.0,0.0,0.0,2,Partly Cloudy,60,,2.4,13.3,Cloudy,86.53999999999999
2025-07-29T09:00,2025-07-29,9,33.8,44,0.0,0.0,0.0,0.0,0,Clear,8,,5.4,19.8,Clear,92.84
2025-07-29T10:00,2025-07-29,10,35.8,34,0.0,0.0,0.0,0.0,1,Mainly Clear,40,,5.9,22.3,Clear,96.44
2025-07-29T11:00,2025-07-29,11,37.2,31,0.0,0.0,0.0,0.0,2,Partly Cloudy,66,,5.7,22.3,Cloudy,98.96000000000001
2025-07-29T12:00,2025-07-29,12,38.4,28,0.0,0.0,0.0,0.0,0,Clear,6,,6.4,24.1,Clear,101.11999999999999
2025-07-29T13:00,2025-07-29,13,39.5,26,0.0,0.0,0.0,0.0,0,Clear,14,,7.7,26.6,Clear,103.1
2025-07-29T14:00,2025-07-29,14,38.8,27,0.0,0.0,0.0,0.0,1,Mainly Clear,22,,4.2,26.6,Clear,101.84
2025-07-29T15:00,2025-07-29,15,38.0,29,0.0,0.0,0.0,0.0,2,Partly Cloudy,73,,3.9,23.0,Cloudy,100.4
2025-07-29T16:00,2025-07-29,16,36.2,37,0.0,0.0,0.0,0.0,0,Clear,10,,8.0,27.7,Clear,97.16
2025-07-29T17:00,2025-07-29,17,36.6,32,0.0,0.0,0.0,0.0,0,Clear,7,,9.6,31.7,Clear,97.88000000000001
2025-07-29T18:00,2025-07-29,18,36.6,29,0.0,0.0,0.0,0.0,1,Mainly Clear,20,,7.1,27.4,Clear,97.88000000000001
2025-07-29T19:00,2025-07-29,19,35.2,33,0.0,0.0,0.0,0.0,0,Clear,17,,6.5,20.2,Clear,95.36
2025-07-29T20:00,2025-07-29,20,33.1,44,0.0,0.0,0.0,0.0,0,Clear,2,,7.2,19.1,Clear,91.58000000000001
2025-07-29T21:00,2025-07-29,21,32.5,47,0.0,0.0,0.0,0.0,0,Clear,1,,5.4,16.2,Clear,90.5
2025-07-29T22:00,2025-07-29,22,31.9,50,0.0,0.0,0.0,0.0,0,Clear,1,,3.4,11.9,Clear,89.41999999999999
2025-07-29T23:00,2025-07-29,23,31.3,53,0.0,0.0,0.0,0.0,0,Clear,3,,4.1,9.4,Clear,88.34
2025-07-30T00:00,2025-07-30,0,30.6,56,0.0,0.0,0.0,0.0,0,Clear,0,,4.8,11.5,Clear,87.08000000000001
2025-07-30T01:00,2025-07-30,1,29.8,60,0.0,0.0,0.0,0.0,0,Clear,0,,5.1,11.5,Clear,85.64
2025-07-30T02:00,2025-07-30,2,29.0,64,0.0,0.0,0.0,0.0,0,Clear,0,,4.7,11.5,Clear,84.2
2025-07-30T03:00,2025-07-30,3,28.4,67,0.0,0.0,0.0,0.0,0,Clear,2,,3.5,10.4,Clear,83.12
2025-07-30T04:00,2025-07-30,4,27.8,69,0.0,0.0,0.0,0.0,0,Clear,0,,3.2,8.3,Clear,82.04
2025-07-30T05:00,2025-07-30,5,27.2,72,0.0,0.0,0.0,0.0,0,Clear,0,,3.1,7.6,Clear,80.96
2025-07-30T06:00,2025-07-30,6,27.9,68,0.0,0.0,0.0,0.0,0,Clear,0,,3.2,10.1,Clear,82.22
2025-07-30T07:00,2025-07-30,7,29.3,61,0.0,0.0,0.0,0.0,0,Clear,6,,4.0,14.4,Clear,84.74
2025-07-30T08:00,2025-07-30,8,31.0,52,0.0,0.0,0.0,0.0,3,Overcast,97,,4.9,19.1,Cloudy,87.8
2025-07-30T09:00,2025-07-30,9,32.2,46,0.0,0.0,0.0,0.0,1,Mainly Clear,32,,2.5,18.4,Clear,89.96000000000001
2025-07-30T10:00,2025-07-30,10,34.7,39,0.0,0.0,0.0,0.0,3,Overcast,92,,5.9,22.3,Cloudy,94.46000000000001
2025-07-30T11:00,2025-07-30,11,35.8,36,0.0,0.0,0.0,0.0,3,Overcast,93,,9.6,29.9,Cloudy,96.44
2025-07-30T12:00,2025-07-30,12,36.7,33,0.1,0.1,0.0,0.0,51,Light Drizzle,53,,8.7,31.3,Rain,98.06
2025-07-30T13:00,2025-07-30,13,37.5,32,0.0,0.0,0.0,0.0,3,Overcast,100,,9.3,30.2,Cloudy,99.5
2025-07-30T14:00,2025-07-30,14,36.9,33,0.0,0.0,0.0,0.0,3,Overcast,100,,14.7,39.2,Cloudy,98.41999999999999
2025-07-30T15:00,2025-07-30,15,34.8,43,0.0,0.0,0.0,0.0,1,Mainly Clear,32,,14.2,40.3,Clear,94.64
2025-07-30T16:00,2025-07-30,16,34.5,44,0.0,0.0,0.0,0.0,3,Overcast,97,,5.1,39.2,Cloudy,94.1
2025-07-30T17:00,2025-07-30,17,28.1,71,8.2,8.2,0.0,0.0,65,Heavy Rain,89,,5.8,23.0,Rain,82.58
2025-07-30T18:00,2025-07-30,18,28.2,71,0.1,0.1,0.0,0.0,51,Light Drizzle,99,,2.4,26.6,Rain,82.75999999999999
2025-07-30T19:00,2025-07-30,19,29.2,68,0.0,0.0,0.0,0.0,3,Overcast,83,,2.2,7.9,Cloudy,84.56
2025-07-30T20:00,2025-07-30,20,27.0,77,0.0,0.0,0.0,0.0,3,Overcast,100,,2.6,9.4,Cloudy,80.6
2025-07-30T21:00,2025-07-30,21,27.6,74,0.0,0.0,0.0,0.0,3,Overcast,98,,3.5,8.6,Cloudy,81.68
2025-07-30T22:00,2025-07-30,22,27.5,72,0.0,0.0,0.0,0.0,3,Overcast,84,,4.2,13.0,Cloudy,81.5
2025-07-30T23:00,2025-07-30,23,27.1,78,0.0,0.0,0.0,0.0,0,Clear,2,,1.9,9.7,Clear,80.78
2025-07-31T00:00,2025-07-31,0,26.8,82,0.0,0.0,0.0,0.0,0,Clear,2,,2.5,5.8,Clear,80.24000000000001
2025-07-31T01:00,2025-07-31,1,26.6,84,0.0,0.0,0.0,0.0,2,Partly Cloudy,75,,1.5,5.4,Cloudy,79.88
2025-07-31T02:00,2025-07-31,2,26.4,85,0.0,0.0,0.0,0.0,3,Overcast,87,,1.4,3.2,Cloudy,79.52
2025-07-31T03:00,2025-07-31,3,26.1,86,0.0,0.0,0.0,0.0,3,Overcast,100,,2.0,5.0,Cloudy,78.98
2025-07-31T04:00,2025-07-31,4,25.8,88,0.0,0.0,0.0,0.0,1,Mainly Clear,23,,2.0,6.1,Clear,78.44
2025-07-31T05:00,2025-07-31,5,25.5,89,0.0,0.0,0.0,0.0,0,Clear,10,,2.0,4.7,Clear,77.9
2025-07-31T06:00,2025-07-31,6,26.4,83,0.0,0.0,0.0,0.0,0,Clear,8,,4.3,10.1,Clear,79.52
2025-07-31T07:00,2025-07-31,7,27.3,67,0.0,0.0,0.0,0.0,3,Overcast,87,,8.2,21.2,Cloudy,81.14
2025-07-31T08:00,2025-07-31,8,29.3,66,0.0,0.0,0.0,0.0,1,Mainly Clear,48,,3.6,14.0,Clear,84.74
2025-07-31T09:00,2025-07-31,9,30.2,61,0.0,0.0,0.0,0.0,1,Mainly Clear,26,,6.1,20.2,Clear,86.36
2025-07-31T10:00,2025-07-31,10,31.0,57,0.0,0.0,0.0,0.0,3,Overcast,96,,7.8,25.2,Cloudy,87.8
2025-07-31T11:00,2025-07-31,11,31.0,58,0.1,0.1,0.0,0.0,51,Light Drizzle,95,,6.1,25.2,Rain,87.8
2025-07-31T12:00,2025-07-31,12,31.8,56,0.0,0.0,0.0,0.0,3,Overcast,100,,4.1,23.4,Cloudy,89.24
2025-07-31T13:00,2025-07-31,13,27.2,73,3.0,3.0,0.0,0.0,63,Moderate Rain,100,,9.6,24.5,Rain,80.96
2025-07-31T14:00,2025-07-31,14,26.3,77,0.6,0.6,0.0,0.0,53,Moderate Drizzle,100,,6.3,29.2,Rain,79.34
2025-07-31T15:00,2025-07-31,15,27.2,73,0.2,0.2,0.0,0.0,51,Light Drizzle,99,,9.4,25.2,Rain,80.96
2025-07-31T16:00,2025-07-31,16,26.5,76,2.4,2.4,0.0,0.0,61,Slight Rain,100,,9.4,31.0,Rain,79.7
2025-07-31T17:00,2025-07-31,17,25.0,82,0.2,0.2,0.0,0.0,51,Light Drizzle,100,,12.5,31.3,Rain,77.0
2025-07-31T18:00,2025-07-31,18,23.4,88,0.2,0.2,0.0,0.0,51,Light Drizzle,100,,12.2,35.6,Rain,74.12
2025-07-31T19:00,2025-07-31,19,23.2,88,0.4,0.4,0.0,0.0,51,Light Drizzle,100,,9.8,29.5,Rain,73.75999999999999
2025-07-31T20:00,2025-07-31,20,20.5,92,0.3,0.3,0.0,0.0,51,Light Drizzle,100,,15.7,41.8,Rain,68.9
2025-07-31T21:00,2025-07-31,21,20.3,89,0.1,0.1,0.0,0.0,51,Light Drizzle,100,,14.1,37.8,Rain,68.54
2025-07-31T22:00,2025-07-31,22,19.9,86,0.3,0.3,0.0,0.0,51,Light Drizzle,100,,14.6,35.6,Rain,67.82
2025-07-31T23:00,2025-07-31,23,19.4,87,0.3,0.3,0.0,0.0,51,Light Drizzle,100,,15.8,36.0,Rain,66.92
2025-08-01T00:00,2025-08-01,0,19.2,88,0.1,0.1,0.0,0.0,51,Light Drizzle,100,,14.6,34.9,Rain,66.56
2025-08-01T01:00,2025-08-01,1,18.9,88,0.1,0.1,0.0,0.0,51,Light Drizzle,100,,13.6,36.4,Rain,66.02
2025-08-01T02:00,2025-08-01,2,18.5,89,0.2,0.2,0.0,0.0,51,Light Drizzle,100,,12.6,34.6,Rain,65.3
2025-08-01T03:00,2025-08-01,3,18.1,89,0.3,0.3,0.0,0.0,51,Light Drizzle,100,,12.2,33.5,Rain,64.58
2025-08-01T04:00,2025-08-01,4,18.0,88,0.1,0.1,0.0,0.0,51,Light Drizzle,100,,13.0,32.4,Rain,64.4
2025-08-01T05:00,2025-08-01,5,17.8,87,0.0,0.0,0.0,0.0,3,Overcast,100,,12.4,32.8,Cloudy,64.04
2025-08-01T06:00,2025-08-01,6,18.0,85,0.0,0.0,0.0,0.0,3,Overcast,100,,13.4,33.1,Cloudy,64.4
2025-08-01T07:00,2025-08-01,7,18.5,81,0.0,0.0,0.0,0.0,3,Overcast,100,,16.1,37.1,Cloudy,65.3
2025-08-01T08:00,2025-08-01,8,18.5,82,0.0,0.0,0.0,0.0,3,Overcast,100,,16.0,36.7,Cloudy,65.3
2025-08-01T09:00,2025-08-01,9,19.2,79,0.0,0.0,0.0,0.0,3,Overcast,100,,15.9,37.8,Cloudy,66.56
2025-08-01T10:00,2025-08-01,10,20.0,76,0.0,0.0,0.0,0.0,3,Overcast,100,,15.8,38.2,Cloudy,68.0
2025-08-01T11:00,2025-08-01,11,20.5,75,0.1,0.1,0.0,0.0,51,Light Drizzle,100,,13.4,37.4,Rain,68.9
2025-08-01T12:00,2025-08-01,12,21.5,71,0.0,0.0,0.0,0.0,3,Overcast,100,,12.1,32.4,Cloudy,70.7
2025-08-01T13:00,2025-08-01,13,22.2,69,0.0,0.0,0.0,0.0,3,Overcast,100,,11.1,30.2,Cloudy,71.96
2025-08-01T14:00,2025-08-01,14,23.0,65,0.0,0.0,0.0,0.0,3,Overcast,100,,9.5,28.4,Cloudy,73.4
2025-08-01T15:00,2025-08-01,15,22.9,66,0.1,0.1,0.0,0.0,51,Light Drizzle,100,,10.3,25.6,Rain,73.22
2025-08-01T16:00,2025-08-01,16,22.6,68,0.0,0.0,0.0,0.0,3,Overcast,100,,11.5,27.4,Cloudy,72.68
2025-08-01T17:00,2025-08-01,17,22.1,71,0.0,0.0,0.0,0.0,3,Overcast,100,,10.5,28.1,Cloudy,71.78
2025-08-01T18:00,2025-08-01,18,21.8,72,0.0,0.0,0.0,0.0,3,Overcast,94,,7.9,25.2,Cloudy,71.24000000000001
2025-08-01T19:00,2025-08-01,19,20.9,79,0.0,0.0,0.0,0.0,3,Overcast,91,,4.9,18.4,Cloudy,69.62
2025-08-01T20:00,2025-08-01,20,20.4,83,0.0,0.0,0.0,0.0,2,Partly Cloudy,63,,2.7,9.7,Cloudy,68.72
2025-08-01T21:00,2025-08-01,21,20.0,85,0.0,0.0,0.0,0.0,3,Overcast,85,,3.6,7.9,Cloudy,68.0
2025-08-01T22:00,2025-08-01,22,19.5,87,0.0,0.0,0.0,0.0,0,Clear,7,,3.6,8.3,Clear,67.1
2025-08-01T23:00,2025-08-01,23,19.0,90,0.0,0.0,0.0,0.0,0,Clear,0,,3.6,7.6,Clear,66.2
2025-08-02T00:00,2025-08-02,0,18.8,91,0.0,0.0,0.0,0.0,0,Clear,3,,2.3,6.8,Clear,65.84
2025-08-02T01:00,2025-08-02,1,18.4,93,0.0,0.0,0.0,0.0,0,Clear,0,,2.8,5.8,Clear,65.12
2025-08-02T02:00,2025-08-02,2,17.9,95,0.0,0.0,0.0,0.0,0,Clear,0,,3.5,6.8,Clear,64.22
2025-08-02T03:00,2025-08-02,3,17.6,97,0.0,0.0,0.0,0.0,0,Clear,0,,4.8,9.0,Clear,63.68
2025-08-02T04:00,2025-08-02,4,17.8,89,0.0,0.0,0.0,0.0,0,Clear,0,,9.8,19.8,Clear,64.04
2025-08-02T05:00,2025-08-02,5,17.1,84,0.0,0.0,0.0,0.0,0,Clear,1,,10.1,21.6,Clear,62.78
2025-08-02T06:00,2025-08-02,6,17.1,80,0.0,0.0,0.0,0.0,1,Mainly Clear,22,,9.2,23.0,Clear,62.78
2025-08-02T07:00,2025-08-02,7,18.0,75,0.0,0.0,0.0,0.0,0,Clear,0,,9.4,23.0,Clear,64.4
2025-08-02T08:00,2025-08-02,8,19.7,73,0.0,0.0,0.0,0.0,0,Clear,1,,7.6,22.3,Clear,67.46
2025-08-02T09:00,2025-08-02,9,21.5,68,0.0,0.0,0.0,0.0,2,Partly Cloudy,52,,6.9,21.6,Cloudy,70.7
2025-08-02T10:00,2025-08-02,10,23.0,61,0.0,0.0,0.0,0.0,0,Clear,18,,7.7,23.8,Clear,73.4
2025-08-02T11:00,2025-08-02,11,24.1,51,0.0,0.0,0.0,0.0,1,Mainly Clear,39,,8.4,24.8,Clear,75.38
2025-08-02T12:00,2025-08-02,12,25.0,44,0.0,0.0,0.0,0.0,3,Overcast,100,,8.4,25.6,Cloudy,77.0
2025-08-02T13:00,2025-08-02,13,25.6,42,0.0,0.0,0.0,0.0,3,Overcast,100,,7.4,24.8,Cloudy,78.08
2025-08-02T14:00,2025-08-02,14,25.5,39,0.0,0.0,0.0,0.0,3,Overcast,100,,7.1,22.3,Cloudy,77.9
2025-08-02T15:00,2025-08-02,15,25.4,40,0.0,0.0,0.0,0.0,3,Overcast,100,,8.3,24.1,Cloudy,77.72
2025-08-02T16:00,2025-08-02,16,25.2,42,0.0,0.0,0.0,0.0,3,Overcast,100,,6.3,22.7,Cloudy,77.36
2025-08-02T17:00,2025-08-02,17,25.0,44,0.0,0.0,0.0,0.0,3,Overcast,100,,4.1,17.3,Cloudy,77.0
2025-08-02T18:00,2025-08-02,18,23.6,55,0.0,0.0,0.0,0.0,3,Overcast,100,,5.1,12.6,Cloudy,74.48
2025-08-02T19:00,2025-08-02,19,21.7,73,0.0,0.0,0.0,0.0,3,Overcast,98,,2.7,11.9,Cloudy,71.06
2025-08-02T20:00,2025-08-02,20,20.8,77,0.0,0.0,0.0,0.0,2,Partly Cloudy,68,,1.8,5.8,Cloudy,69.44
2025-08-02T21:00,2025-08-02,21,20.2,78,0.0,0.0,0.0,0.0,2,Partly Cloudy,65,,1.5,4.3,Cloudy,68.36
2025-08-02T22:00,2025-08-02,22,19.3,84,0.0,0.0,0.0,0.0,3,Overcast,100,,4.0,8.3,Cloudy,66.74000000000001
2025-08-02T23:00,2025-08-02,23,19.0,85,0.0,0.0,0.0,0.0,2,Partly Cloudy,55,,2.5,7.9,Cloudy,66.2
2025-08-03T00:00,2025-08-03,0,18.6,86,0.0,0.0,0.0,0.0,0,Clear,7,,1.0,4.7,Clear,65.48
2025-08-03T01:00,2025-08-03,1,18.2,88,0.0,0.0,0.0,0.0,0,Clear,7,,1.1,3.2,Clear,64.75999999999999
2025-08-03T02:00,2025-08-03,2,17.9,91,0.0,0.0,0.0,0.0,0,Clear,15,,0.8,2.9,Clear,64.22
2025-08-03T03:00,2025-08-03,3,17.4,94,0.0,0.0,0.0,0.0,0,Clear,0,,2.4,4.3,Clear,63.32
2025-08-03T04:00,2025-08-03,4,17.0,94,0.0,0.0,0.0,0.0,0,Clear,0,,4.6,9.7,Clear,62.6
2025-08-03T05:00,2025-08-03,5,16.5,90,0.0,0.0,0.0,0.0,0,Clear,0,,4.5,9.7,Clear,61.7
2025-08-03T06:00,2025-08-03,6,17.5,87,0.0,0.0,0.0,0.0,0,Clear,0,,6.3,10.8,Clear,63.5
2025-08-03T07:00,2025-08-03,7,19.0,80,0.0,0.0,0.0,0.0,0,Clear,0,,4.0,13.0,Clear,66.2
2025-08-03T08:00,2025-08-03,8,21.0,67,0.0,0.0,0.0,0.0,0,Clear,0,,4.3,15.1,Clear,69.8
2025-08-03T09:00,2025-08-03,9,23.3,56,0.0,0.0,0.0,0.0,0,Clear,0,,5.6,18.0,Clear,73.94
2025-08-03T10:00,2025-08-03,10,25.0,46,0.0,0.0,0.0,0.0,0,Clear,0,,6.9,21.6,Clear,77.0
2025-08-03T11:00,2025-08-03,11,26.1,40,0.0,0.0,0.0,0.0,0,Clear,0,,6.7,21.6,Clear,78.98
2025-08-03T12:00,2025-08-03,12,26.9,38,0.0,0.0,0.0,0.0,0,Clear,0,,6.7,21.6,Clear,80.42
2025-08-03T13:00,2025-08-03,13,27.6,37,0.0,0.0,0.0,0.0,0,Clear,0,,6.6,22.0,Clear,81.68
2025-08-03T14:00,2025-08-03,14,28.0,36,0.0,0.0,0.0,0.0,0,Clear,1,,3.7,21.2,Clear,82.4
2025-08-03T15:00,2025-08-03,15,28.0,36,0.0,0.0,0.0,0.0,0,Clear,4,,2.3,15.5,Clear,82.4
2025-08-03T16:00,2025-08-03,16,27.4,39,0.0,0.0,0.0,0.0,0,Clear,1,,6.7,20.2,Clear,81.32
2025-08-03T17:00,2025-08-03,17,26.2,43,0.0,0.0,0.0,0.0,0,Clear,0,,9.7,24.8,Clear,79.16
2025-08-03T18:00,2025-08-03,18,24.8,48,0.0,0.0,0.0,0.0,0,Clear,0,,11.1,27.0,Clear,76.64
2025-08-03T19:00,2025-08-03,19,22.8,56,0.0,0.0,0.0,0.0,0,Clear,0,,5.6,25.2,Clear,73.04
2025-08-03T20:00,2025-08-03,20,22.0,62,0.0,0.0,0.0,0.0,0,Clear,1,,4.9,15.1,Clear,71.6
2025-08-03T21:00,2025-08-03,21,21.2,69,0.0,0.0,0.0,0.0,0,Clear,0,,4.0,10.4,Clear,70.16
2025-08-03T22:00,2025-08-03,22,20.6,70,0.0,0.0,0.0,0.0,0,Clear,0,,3.7,7.6,Clear,69.08
2025-08-03T23:00,2025-08-03,23,20.0,75,0.0,0.0,0.0,0.0,0,Clear,0,,3.6,7.2,Clear,68.0
2025-08-04T00:00,2025-08-04,0,19.4,77,0.0,0.0,0.0,0.0,0,Clear,0,,4.4,8.6,Clear,66.92
2025-08-04T01:00,2025-08-04,1,18.8,79,0.0,0.0,0.0,0.0,0,Clear,0,,3.8,8.6,Clear,65.84
2025-08-04T02:00,2025-08-04,2,18.2,82,0.0,0.0,0.0,0.0,0,Clear,0,,3.5,6.8,Clear,64.75999999999999
2025-08-04T03:00,2025-08-04,3,17.8,85,0.0,0.0,0.0,0.0,0,Clear,0,,3.4,7.6,Clear,64.04
2025-08-04T04:00,2025-08-04,4,17.5,87,0.0,0.0,0.0,0.0,0,Clear,0,,2.7,6.5,Clear,63.5
2025-08-04T05:00,2025-08-04,5,17.0,90,0.0,0.0,0.0,0.0,0,Clear,0,,3.6,6.8,Clear,62.6
2025-08-04T06:00,2025-08-04,6,18.3,86,0.0,0.0,0.0,0.0,0,Clear,0,,5.0,8.6,Clear,64.94
2025-08-04T07:00,2025-08-04,7,20.1,79,0.0,0.0,0.0,0.0,0,Clear,0,,2.0,10.1,Clear,68.18
2025-08-04T08:00,2025-08-04,8,22.4,68,0.0,0.0,0.0,0.0,0,Clear,0,,1.8,11.5,Clear,72.32
2025-08-04T09:00,2025-08-04,9,25.2,54,0.0,0.0,0.0,0.0,0,Clear,0,,3.4,15.1,Clear,77.36
2025-08-04T10:00,2025-08-04,10,27.8,43,0.0,0.0,0.0,0.0,0,Clear,0,,5.0,19.1,Clear,82.04
2025-08-04T11:00,2025-08-04,11,29.5,37,0.0,0.0,0.0,0.0,0,Clear,0,,6.3,21.6,Clear,85.1
2025-08-04T12:00,2025-08-04,12,30.9,33,0.0,0.0,0.0,0.0,0,Clear,0,,6.1,21.6,Clear,87.61999999999999
2025-08-04T13:00,2025-08-04,13,32.2,29,0.0,0.0,0.0,0.0,0,Clear,0,,5.9,21.6,Clear,89.96000000000001
2025-08-04T14:00,2025-08-04,14,33.0,26,0.0,0.0,0.0,0.0,1,Mainly Clear,42,,4.1,21.2,Clear,91.4
2025-08-04T15:00,2025-08-04,15,33.2,25,0.0,0.0,0.0,0.0,2,Partly Cloudy,67,,2.3,18.0,Cloudy,91.76
2025-08-04T16:00,2025-08-04,16,32.5,26,0.0,0.0,0.0,0.0,3,Overcast,100,,6.5,21.6,Cloudy,90.5
2025-08-04T17:00,2025-08-04,17,30.2,36,0.0,0.0,0.0,0.0,3,Overcast,99,,12.0,31.3,Cloudy,86.36
2025-08-04T18:00,2025-08-04,18,27.5,44,0.0,0.0,0.0,0.0,0,Clear,2,,14.6,34.9,Clear,81.5
2025-08-04T19:00,2025-08-04,19,25.6,47,0.0,0.0,0.0,0.0,0,Clear,5,,9.0,33.5,Clear,78.08
2025-08-04T20:00,2025-08-04,20,24.8,52,0.0,0.0,0.0,0.0,0,Clear,1,,4.3,21.6,Clear,76.64
2025-08-04T21:00,2025-08-04,21,23.8,63,0.0,0.0,0.0,0.0,0,Clear,13,,2.4,9.7,Clear,74.84
2025-08-04T22:00,2025-08-04,22,23.0,65,0.0,0.0,0.0,0.0,1,Mainly Clear,35,,3.4,7.6,Clear,73.4
2025-08-04T23:00,2025-08-04,23,22.3,69,0.0,0.0,0.0,0.0,0,Clear,0,,4.1,9.4,Clear,72.14
2025-08-05T00:00,2025-08-05,0,21.6,75,0.0,0.0,0.0,0.0,0,Clear,8,,3.7,8.6,Clear,70.88
2025-08-05T01:00,2025-08-05,1,20.9,81,0.0,0.0,0.0,0.0,3,Overcast,98,,2.4,7.9,Cloudy,69.62
2025-08-05T02:00,2025-08-05,2,20.6,83,0.0,0.0,0.0,0.0,3,Overcast,91,,1.0,5.0,Cloudy,69.08
2025-08-05T03:00,2025-08-05,3,20.5,85,0.0,0.0,0.0,0.0,3,Overcast,99,,0.5,2.2,Cloudy,68.9
2025-08-05T04:00,2025-08-05,4,20.3,88,0.0,0.0,0.0,0.0,3,Overcast,97,,0.6,1.8,Cloudy,68.54
2025-08-05T05:00,2025-08-05,5,19.9,90,0.0,0.0,0.0,0.0,3,Overcast,100,,1.4,2.9,Cloudy,67.82
2025-08-05T06:00,2025-08-05,6,21.0,82,0.0,0.0,0.0,0.0,3,Overcast,100,,4.8,8.6,Cloudy,69.8
2025-08-05T07:00,2025-08-05,7,22.8,71,0.0,0.0,0.0,0.0,3,Overcast,100,,4.5,13.0,Cloudy,73.04
2025-08-05T08:00,2025-08-05,8,23.8,70,0.0,0.0,0.0,0.0,3,Overcast,100,,5.7,17.3,Cloudy,74.84
2025-08-05T09:00,2025-08-05,9,25.9,61,0.0,0.0,0.0,0.0,3,Overcast,100,,5.2,18.7,Cloudy,78.62
2025-08-05T10:00,2025-08-05,10,28.0,54,0.0,0.0,0.0,0.0,3,Overcast,100,,4.0,18.0,Cloudy,82.4
2025-08-05T11:00,2025-08-05,11,29.5,45,0.0,0.0,0.0,0.0,3,Overcast,100,,3.6,17.6,Cloudy,85.1
2025-08-05T12:00,2025-08-05,12,30.2,41,0.0,0.0,0.0,0.0,3,Overcast,81,,4.6,19.8,Cloudy,86.36
2025-08-05T13:00,2025-08-05,13,31.0,38,0.0,0.0,0.0,0.0,3,Overcast,100,,5.1,21.2,Cloudy,87.8
2025-08-05T14:00,2025-08-05,14,30.5,39,0.0,0.0,0.0,0.0,3,Overcast,100,,7.9,25.6,Cloudy,86.9
2025-08-05T15:00,2025-08-05,15,29.8,42,0.0,0.0,0.0,0.0,3,Overcast,100,,9.2,27.0,Cloudy,85.64
2025-08-05T16:00,2025-08-05,16,28.9,48,0.0,0.0,0.0,0.0,3,Overcast,100,,9.7,27.7,Cloudy,84.02
2025-08-05T17:00,2025-08-05,17,27.4,51,0.0,0.0,0.0,0.0,3,Overcast,100,,9.0,28.1,Cloudy,81.32
2025-08-05T18:00,2025-08-05,18,26.7,52,0.0,0.0,0.0,0.0,3,Overcast,100,,8.1,24.8,Cloudy,80.06
2025-08-05T19:00,2025-08-05,19,25.5,56,0.0,0.0,0.0,0.0,3,Overcast,100,,7.7,20.9,Cloudy,77.9
2025-08-05T20:00,2025-08-05,20,24.4,65,0.0,0.0,0.0,0.0,3,Overcast,100,,5.2,16.2,Cloudy,75.92
2025-08-05T21:00,2025-08-05,21,23.9,71,0.0,0.0,0.0,0.0,3,Overcast,100,,4.1,12.2,Cloudy,75.02
2025-08-05T22:00,2025-08-05,22,23.3,78,0.0,0.0,0.0,0.0,3,Overcast,100,,2.4,9.7,Cloudy,73.94
2025-08-05T23:00,2025-08-05,23,22.9,82,0.0,0.0,0.0,0.0,3,Overcast,100,,2.4,6.5,Cloudy,73.22
2025-08-06T00:00,2025-08-06,0,22.4,86,0.0,0.0,0.0,0.0,3,Overcast,100,,2.6,6.1,Cloudy,72.32
2025-08-06T01:00,2025-08-06,1,22.1,87,0.0,0.0,0.0,0.0,3,Overcast,100,,2.8,6.5,Cloudy,71.78
2025-08-06T02:00,2025-08-06,2,21.8,87,0.0,0.0,0.0,0.0,3,Overcast,100,,3.7,8.3,Cloudy,71.24000000000001
2025-08-06T03:00,2025-08-06,3,21.6,87,0.0,0.0,0.0,0.0,3,Overcast,100,,5.9,13.0,Cloudy,70.88
2025-08-06T04:00,2025-08-06,4,21.4,84,0.0,0.0,0.0,0.0,3,Overcast,100,,5.5,13.3,Cloudy,70.52
2025-08-06T05:00,2025-08-06,5,21.0,84,0.0,0.0,0.0,0.0,3,Overcast,100,,5.1,12.2,Cloudy,69.8
2025-08-06T06:00,2025-08-06,6,21.3,81,0.0,0.0,0.0,0.0,3,Overcast,100,,7.1,15.5,Cloudy,70.34
2025-08-06T07:00,2025-08-06,7,22.0,78,0.0,0.0,0.0,0.0,3,Overcast,100,,7.5,19.8,Cloudy,71.6
2025-08-06T08:00,2025-08-06,8,23.3,73,0.0,0.0,0.0,0.0,3,Overcast,100,,8.5,24.1,Cloudy,73.94
2025-08-06T09:00,2025-08-06,9,24.9,64,0.0,0.0,0.0,0.0,3,Overcast,100,,7.9,24.5,Cloudy,76.82
2025-08-06T10:00,2025-08-06,10,26.6,54,0.0,0.0,0.0,0.0,3,Overcast,92,,7.4,24.5,Cloudy,79.88
2025-08-06T11:00,2025-08-06,11,28.4,44,0.0,0.0,0.0,0.0,3,Overcast,100,,7.9,27.0,Cloudy,83.12
2025-08-06T12:00,2025-08-06,12,28.4,43,0.0,0.0,0.0,0.0,3,Overcast,100,,9.6,28.8,Cloudy,83.12
2025-08-06T13:00,2025-08-06,13,28.5,41,0.0,0.0,0.0,0.0,3,Overcast,100,,10.6,31.3,Cloudy,83.3
2025-08-06T14:00,2025-08-06,14,27.0,41,0.0,0.0,0.0,0.0,3,Overcast,100,,12.3,32.8,Cloudy,80.6
2025-08-06T15:00,2025-08-06,15,25.5,43,0.0,0.0,0.0,0.0,3,Overcast,100,,13.0,33.5,Cloudy,77.9
2025-08-06T16:00,2025-08-06,16,24.7,48,0.0,0.0,0.0,0.0,3,Overcast,100,,12.2,33.1,Cloudy,76.46
2025-08-06T17:00,2025-08-06,17,24.4,52,0.0,0.0,0.0,0.0,3,Overcast,100,,10.0,30.6,Cloudy,75.92
2025-08-06T18:00,2025-08-06,18,23.7,55,0.1,0.1,0.0,0.0,51,Light Drizzle,100,,8.0,25.2,Rain,74.66
2025-08-06T19:00,2025-08-06,19,23.0,57,0.0,0.0,0.0,0.0,3,Overcast,100,,6.5,20.2,Cloudy,73.4
2025-08-06T20:00,2025-08-06,20,21.9,68,0.1,0.1,0.0,0.0,51,Light Drizzle,100,,2.3,11.2,Rain,71.42
2025-08-06T21:00,2025-08-06,21,21.4,72,0.3,0.3,0.0,0.0,51,Light Drizzle,100,,2.3,7.2,Rain,70.52
2025-08-06T22:00,2025-08-06,22,20.9,77,0.3,0.3,0.0,0.0,51,Light Drizzle,100,,1.3,6.5,Rain,69.62
2025-08-06T23:00,2025-08-06,23,20.5,79,0.1,0.1,0.0,0.0,51,Light Drizzle,100,,2.7,6.8,Rain,68.9
2025-08-07T00:00,2025-08-07,0,20.2,79,0.0,0.0,0.0,0.0,3,Overcast,100,,4.6,10.1,Cloudy,68.36
2025-08-07T01:00,2025-08-07,1,20.2,78,0.0,0.0,0.0,0.0,3,Overcast,100,,5.1,11.5,Cloudy,68.36
2025-08-07T02:00,2025-08-07,2,20.0,78,0.0,0.0,0.0,0.0,2,Partly Cloudy,66,,4.8,11.5,Cloudy,68.0
2025-08-07T03:00,2025-08-07,3,19.5,82,0.0,0.0,0.0,0.0,2,Partly Cloudy,56,,4.8,10.8,Cloudy,67.1
2025-08-07T04:00,2025-08-07,4,19.2,83,0.0,0.0,0.0,0.0,1,Mainly Clear,20,,7.0,15.8,Clear,66.56
2025-08-07T05:00,2025-08-07,5,19.0,85,0.0,0.0,0.0,0.0,0,Clear,14,,5.4,15.5,Clear,66.2
2025-08-07T06:00,2025-08-07,6,19.6,84,0.0,0.0,0.0,0.0,0,Clear,17,,8.5,18.7,Clear,67.28
2025-08-07T07:00,2025-08-07,7,21.2,78,0.0,0.0,0.0,0.0,0,Clear,1,,7.4,21.6,Clear,70.16
2025-08-07T08:00,2025-08-07,8,22.9,67,0.0,0.0,0.0,0.0,0,Clear,1,,6.6,20.5,Clear,73.22
2025-08-07T09:00,2025-08-07,9,24.5,56,0.0,0.0,0.0,0.0,0,Clear,0,,7.6,24.1,Clear,76.1
2025-08-07T10:00,2025-08-07,10,26.0,49,0.0,0.0,0.0,0.0,0,Clear,3,,7.2,24.8,Clear,78.8
2025-08-07T11:00,2025-08-07,11,27.6,43,0.0,0.0,0.0,0.0,1,Mainly Clear,40,,7.5,27.4,Clear,81.68
2025-08-07T12:00,2025-08-07,12,28.5,41,0.0,0.0,0.0,0.0,0,Clear,19,,7.2,27.0,Clear,83.3
2025-08-07T13:00,2025-08-07,13,27.9,44,0.0,0.0,0.0,0.0,1,Mainly Clear,35,,10.7,32.0,Clear,82.22
2025-08-07T14:00,2025-08-07,14,27.0,42,0.0,0.0,0.0,0.0,1,Mainly Clear,29,,13.4,37.8,Clear,80.6
2025-08-07T15:00,2025-08-07,15,26.6,41,0.0,0.0,0.0,0.0,0,Clear,8,,13.8,38.2,Clear,79.88
2025-08-07T16:00,2025-08-07,16,25.7,45,0.0,0.0,0.0,0.0,0,Clear,1,,12.3,37.8,Clear,78.25999999999999
2025-08-07T17:00,2025-08-07,17,25.3,44,0.0,0.0,0.0,0.0,0,Clear,0,,11.1,33.8,Clear,77.54
2025-08-07T18:00,2025-08-07,18,24.2,45,0.0,0.0,0.0,0.0,0,Clear,0,,10.5,29.9,Clear,75.56
2025-08-07T19:00,2025-08-07,19,22.8,52,0.0,0.0,0.0,0.0,0,Clear,0,,8.9,27.0,Clear,73.04
2025-08-07T20:00,2025-08-07,20,21.8,57,0.0,0.0,0.0,0.0,0,Clear,0,,6.7,19.8,Clear,71.24000000000001
2025-08-07T21:00,2025-08-07,21,21.1,60,0.0,0.0,0.0,0.0,0,Clear,0,,3.6,15.5,Clear,69.98
2025-08-07T22:00,2025-08-07,22,20.5,69,0.0,0.0,0.0,0.0,0,Clear,0,,1.0,9.0,Clear,68.9
2025-08-07T23:00,2025-08-07,23,19.7,72,0.0,0.0,0.0,0.0,0,Clear,0,,1.8,4.7,Clear,67.46
2025-08-08T00:00,2025-08-08,0,19.1,74,0.0,0.0,0.0,0.0,0,Clear,0,,2.3,5.8,Clear,66.38
2025-08-08T01:00,2025-08-08,1,18.5,77,0.0,0.0,0.0,0.0,0,Clear,0,,3.0,6.8,Clear,65.3
2025-08-08T02:00,2025-08-08,2,18.1,80,0.0,0.0,0.0,0.0,0,Clear,0,,3.3,7.6,Clear,64.58
2025-08-08T03:00,2025-08-08,3,17.8,83,0.0,0.0,0.0,0.0,0,Clear,0,,3.4,7.6,Clear,64.04
2025-08-08T04:00,2025-08-08,4,17.3,87,0.0,0.0,0.0,0.0,0,Clear,0,,3.6,7.6,Clear,63.14
2025-08-08T05:00,2025-08-08,5,17.0,88,0.0,0.0,0.0,0.0,0,Clear,0,,4.0,8.3,Clear,62.6
2025-08-08T06:00,2025-08-08,6,18.1,82,0.0,0.0,0.0,0.0,0,Clear,0,,5.6,10.1,Clear,64.58
2025-08-08T07:00,2025-08-08,7,20.1,69,0.0,0.0,0.0,0.0,0,Clear,4,,4.9,15.1,Clear,68.18
2025-08-08T08:00,2025-08-08,8,21.6,60,0.0,0.0,0.0,0.0,1,Mainly Clear,28,,4.8,17.6,Clear,70.88
2025-08-08T09:00,2025-08-08,9,23.6,48,0.0,0.0,0.0,0.0,1,Mainly Clear,20,,4.5,19.1,Clear,74.48
2025-08-08T10:00,2025-08-08,10,25.4,38,0.0,0.0,0.0,0.0,0,Clear,0,,4.2,19.8,Clear,77.72
2025-08-08T11:00,2025-08-08,11,26.9,33,0.0,0.0,0.0,0.0,0,Clear,0,,4.4,20.5,Clear,80.42
2025-08-08T12:00,2025-08-08,12,28.0,30,0.0,0.0,0.0,0.0,0,Clear,0,,4.2,20.9,Clear,82.4
2025-08-08T13:00,2025-08-08,13,28.2,30,0.0,0.0,0.0,0.0,0,Clear,0,,7.7,26.6,Clear,82.75999999999999
2025-08-08T14:00,2025-08-08,14,27.6,30,0.0,0.0,0.0,0.0,0,Clear,0,,12.6,36.4,Clear,81.68
2025-08-08T15:00,2025-08-08,15,26.7,32,0.0,0.0,0.0,0.0,0,Clear,0,,12.8,37.8,Clear,80.06
2025-08-08T16:00,2025-08-08,16,26.0,36,0.0,0.0,0.0,0.0,0,Clear,0,,11.1,36.4,Clear,78.8
2025-08-08T17:00,2025-08-08,17,25.3,37,0.0,0.0,0.0,0.0,0,Clear,0,,10.5,32.0,Clear,77.54
2025-08-08T18:00,2025-08-08,18,24.1,40,0.0,0.0,0.0,0.0,0,Clear,0,,10.7,29.5,Clear,75.38
2025-08-08T19:00,2025-08-08,19,23.0,46,0.0,0.0,0.0,0.0,0,Clear,0,,8.8,27.4,Clear,73.4
2025-08-08T20:00,2025-08-08,20,22.0,51,0.0,0.0,0.0,0.0,0,Clear,0,,6.9,19.1,Clear,71.6
2025-08-08T21:00,2025-08-08,21,21.5,56,0.0,0.0,0.0,0.0,0,Clear,0,,4.3,16.2,Clear,70.7
2025-08-08T22:00,2025-08-08,22,20.6,68,0.0,0.0,0.0,0.0,0,Clear,0,,2.6,10.8,Clear,69.08
2025-08-08T23:00,2025-08-08,23,20.2,70,0.0,0.0,0.0,0.0,0,Clear,0,,0.5,5.4,Clear,68.36
2025-08-09T00:00,2025-08-09,0,19.4,74,0.0,0.0,0.0,0.0,0,Clear,0,,0.6,3.2,Clear,66.92
2025-08-09T01:00,2025-08-09,1,18.6,80,0.0,0.0,0.0,0.0,0,Clear,0,,1.9,5.0,Clear,65.48
2025-08-09T02:00,2025-08-09,2,18.3,82,0.0,0.0,0.0,0.0,0,Clear,0,,2.2,5.4,Clear,64.94
2025-08-09T03:00,2025-08-09,3,18.0,83,0.0,0.0,0.0,0.0,0,Clear,0,,2.3,5.0,Clear,64.4
2025-08-09T04:00,2025-08-09,4,17.6,84,0.0,0.0,0.0,0.0,0,Clear,0,,3.0,6.5,Clear,63.68
2025-08-09T05:00,2025-08-09,5,17.3,85,0.0,0.0,0.0,0.0,0,Clear,0,,2.7,6.1,Clear,63.14
2025-08-09T06:00,2025-08-09,6,18.4,80,0.0,0.0,0.0,0.0,0,Clear,0,,4.3,6.8,Clear,65.12
2025-08-09T07:00,2025-08-09,7,20.4,66,0.0,0.0,0.0,0.0,0,Clear,0,,3.3,11.9,Clear,68.72
2025-08-09T08:00,2025-08-09,8,22.0,56,0.0,0.0,0.0,0.0,0,Clear,0,,2.8,13.7,Clear,71.6
2025-08-09T09:00,2025-08-09,9,24.2,46,0.0,0.0,0.0,0.0,0,Clear,0,,3.2,16.2,Clear,75.56
2025-08-09T10:00,2025-08-09,10,26.3,39,0.0,0.0,0.0,0.0,0,Clear,1,,3.3,17.6,Clear,79.34
2025-08-09T11:00,2025-08-09,11,28.0,34,0.0,0.0,0.0,0.0,2,Partly Cloudy,59,,2.7,17.6,Cloudy,82.4
2025-08-09T12:00,2025-08-09,12,29.2,29,0.0,0.0,0.0,0.0,2,Partly Cloudy,62,,1.7,17.3,Cloudy,84.56
2025-08-09T13:00,2025-08-09,13,30.0,27,0.0,0.0,0.0,0.0,0,Clear,9,,3.4,18.7,Clear,86.0
2025-08-09T14:00,2025-08-09,14,29.9,30,0.0,0.0,0.0,0.0,0,Clear,0,,7.8,26.6,Clear,85.82
2025-08-09T15:00,2025-08-09,15,29.1,35,0.0,0.0,0.0,0.0,0,Clear,0,,9.9,30.6,Clear,84.38000000000001
2025-08-09T16:00,2025-08-09,16,28.0,38,0.0,0.0,0.0,0.0,0,Clear,0,,11.3,32.4,Clear,82.4
2025-08-09T17:00,2025-08-09,17,26.6,40,0.0,0.0,0.0,0.0,0,Clear,0,,10.3,32.4,Clear,79.88
2025-08-09T18:00,2025-08-09,18,25.7,40,0.0,0.0,0.0,0.0,0,Clear,0,,8.8,28.4,Clear,78.25999999999999
2025-08-09T19:00,2025-08-09,19,24.2,42,0.0,0.0,0.0,0.0,0,Clear,0,,9.7,23.4,Clear,75.56
2025-08-09T20:00,2025-08-09,20,22.9,46,0.0,0.0,0.0,0.0,0,Clear,0,,6.9,21.2,Clear,73.22
2025-08-09T21:00,2025-08-09,21,22.4,50,0.0,0.0,0.0,0.0,0,Clear,0,,4.7,15.8,Clear,72.32
2025-08-09T22:00,2025-08-09,22,21.7,58,0.0,0.0,0.0,0.0,0,Clear,0,,3.0,10.4,Clear,71.06
2025-08-09T23:00,2025-08-09,23,21.3,63,0.0,0.0,0.0,0.0,0,Clear,0,,2.2,6.5,Clear,70.34
2025-08-10T00:00,2025-08-10,0,20.8,65,0.0,0.0,0.0,0.0,0,Clear,0,,2.2,4.7,Clear,69.44
2025-08-10T01:00,2025-08-10,1,20.2,63,0.0,0.0,0.0,0.0,0,Clear,0,,3.6,7.6,Clear,68.36
2025-08-10T02:00,2025-08-10,2,19.8,63,0.0,0.0,0.0,0.0,0,Clear,0,,3.1,7.6,Clear,67.64
2025-08-10T03:00,2025-08-10,3,19.4,65,0.0,0.0,0.0,0.0,0,Clear,0,,2.0,6.5,Clear,66.92
2025-08-10T04:00,2025-08-10,4,18.8,68,0.0,0.0,0.0,0.0,0,Clear,0,,3.3,6.8,Clear,65.84
2025-08-10T05:00,2025-08-10,5,18.4,73,0.0,0.0,0.0,0.0,0,Clear,0,,3.2,7.6,Clear,65.12
2025-08-10T06:00,2025-08-10,6,19.4,69,0.0,0.0,0.0,0.0,0,Clear,0,,4.2,7.6,Clear,66.92
2025-08-10T07:00,2025-08-10,7,21.4,62,0.0,0.0,0.0,0.0,0,Clear,0,,2.2,10.4,Clear,70.52
2025-08-10T08:00,2025-08-10,8,23.4,56,0.0,0.0,0.0,0.0,0,Clear,0,,2.5,13.7,Clear,74.12
2025-08-10T09:00,2025-08-10,9,26.8,42,0.0,0.0,0.0,0.0,0,Clear,0,,2.4,15.1,Clear,80.24000000000001
2025-08-10T10:00,2025-08-10,10,29.4,31,0.0,0.0,0.0,0.0,0,Clear,0,,3.0,16.9,Clear,84.91999999999999
2025-08-10T11:00,2025-08-10,11,31.1,27,0.0,0.0,0.0,0.0,0,Clear,0,,2.5,17.3,Clear,87.98
2025-08-10T12:00,2025-08-10,12,32.5,26,0.0,0.0,0.0,0.0,0,Clear,0,,2.0,17.3,Clear,90.5
2025-08-10T13:00,2025-08-10,13,33.2,25,0.0,0.0,0.0,0.0,0,Clear,14,,4.8,21.2,Clear,91.76
2025-08-10T14:00,2025-08-10,14,33.2,26,0.0,0.0,0.0,0.0,2,Partly Cloudy,70,,10.2,31.0,Cloudy,91.76
2025-08-10T15:00,2025-08-10,15,32.4,28,0.0,0.0,0.0,0.0,3,Overcast,89,,12.6,36.4,Cloudy,90.32
2025-08-10T16:00,2025-08-10,16,31.4,30,0.0,0.0,0.0,0.0,3,Overcast,94,,12.8,36.0,Cloudy,88.52
2025-08-10T17:00,2025-08-10,17,30.1,34,0.0,0.0,0.0,0.0,3,Overcast,96,,13.0,35.3,Cloudy,86.18
2025-08-10T18:00,2025-08-10,18,28.8,37,0.0,0.0,0.0,0.0,3,Overcast,99,,12.3,34.2,Cloudy,83.84
2025-08-10T19:00,2025-08-10,19,27.4,41,0.0,0.0,0.0,0.0,3,Overcast,91,,10.4,30.6,Cloudy,81.32
2025-08-10T20:00,2025-08-10,20,26.5,47,0.0,0.0,0.0,0.0,3,Overcast,97,,8.7,23.4,Cloudy,79.7
2025-08-10T21:00,2025-08-10,21,26.1,49,0.0,0.0,0.0,0.0,0,Clear,0,,6.7,19.8,Clear,78.98
2025-08-10T22:00,2025-08-10,22,25.5,51,0.0,0.0,0.0,0.0,0,Clear,0,,6.6,14.8,Clear,77.9
2025-08-10T23:00,2025-08-10,23,24.7,54,0.0,0.0,0.0,0.0,0,Clear,0,,7.1,15.5,Clear,76.46
2025-08-11T00:00,2025-08-11,0,23.9,56,0.0,0.0,0.0,0.0,0,Clear,6,,6.7,15.8,Clear,75.02
2025-08-11T01:00,2025-08-11,1,23.1,59,0.0,0.0,0.0,0.0,0,Clear,0,,5.9,14.4,Clear,73.58
2025-08-11T02:00,2025-08-11,2,22.6,63,0.0,0.0,0.0,0.0,2,Partly Cloudy,56,,5.3,12.6,Cloudy,72.68
2025-08-11T03:00,2025-08-11,3,22.0,67,0.0,0.0,0.0,0.0,3,Overcast,90,,4.4,11.5,Cloudy,71.6
2025-08-11T04:00,2025-08-11,4,21.3,72,0.0,0.0,0.0,0.0,1,Mainly Clear,49,,3.8,9.4,Clear,70.34
2025-08-11T05:00,2025-08-11,5,20.8,75,0.0,0.0,0.0,0.0,1,Mainly Clear,27,,3.6,8.3,Clear,69.44
2025-08-11T06:00,2025-08-11,6,21.4,72,0.0,0.0,0.0,0.0,0,Clear,2,,4.8,9.7,Clear,70.52
2025-08-11T07:00,2025-08-11,7,23.2,62,0.0,0.0,0.0,0.0,0,Clear,2,,4.6,14.4,Clear,73.75999999999999
2025-08-11T08:00,2025-08-11,8,25.0,55,0.0,0.0,0.0,0.0,0,Clear,1,,6.2,20.2,Clear,77.0
2025-08-11T09:00,2025-08-11,9,27.2,45,0.0,0.0,0.0,0.0,0,Clear,0,,6.0,22.0,Clear,80.96
2025-08-11T10:00,2025-08-11,10,29.5,36,0.0,0.0,0.0,0.0,0,Clear,0,,5.4,22.0,Clear,85.1
2025-08-11T11:00,2025-08-11,11,30.8,33,0.0,0.0,0.0,0.0,0,Clear,0,,6.3,24.1,Clear,87.44
2025-08-11T12:00,2025-08-11,12,31.8,30,0.0,0.0,0.0,0.0,0,Clear,0,,8.5,28.4,Clear,89.24
2025-08-11T13:00,2025-08-11,13,32.3,27,0.0,0.0,0.0,0.0,0,Clear,2,,9.8,31.3,Clear,90.14
2025-08-11T14:00,2025-08-11,14,32.4,27,0.0,0.0,0.0,0.0,0,Clear,2,,10.2,31.7,Clear,90.32
2025-08-11T15:00,2025-08-11,15,31.5,31,0.0,0.0,0.0,0.0,1,Mainly Clear,22,,11.6,34.2,Clear,88.7
2025-08-11T16:00,2025-08-11,16,30.6,33,0.0,0.0,0.0,0.0,0,Clear,3,,12.2,34.6,Clear,87.08000000000001
2025-08-11T17:00,2025-08-11,17,29.4,34,0.0,0.0,0.0,0.0,0,Clear,6,,12.7,34.2,Clear,84.91999999999999
2025-08-11T18:00,2025-08-11,18,27.8,39,0.0,0.0,0.0,0.0,0,Clear,1,,11.6,33.5,Clear,82.04
2025-08-11T19:00,2025-08-11,19,26.0,50,0.0,0.0,0.0,0.0,0,Clear,7,,9.1,28.4,Clear,78.8
2025-08-11T20:00,2025-08-11,20,25.5,55,0.0,0.0,0.0,0.0,1,Mainly Clear,44,,8.8,22.7,Clear,77.9
2025-08-11T21:00,2025-08-11,21,25.0,57,0.0,0.0,0.0,0.0,0,Clear,7,,7.1,20.2,Clear,77.0
2025-08-11T22:00,2025-08-11,22,24.4,59,0.0,0.0,0.0,0.0,0,Clear,0,,6.8,15.8,Clear,75.92
2025-08-11T23:00,2025-08-11,23,23.9,61,0.0,0.0,0.0,0.0,0,Clear,0,,6.4,15.5,Clear,75.02
2025-08-12T00:00,2025-08-12,0,23.4,68,0.0,0.0,0.0,0.0,0,Clear,0,,5.6,13.7,Clear,74.12
2025-08-12T01:00,2025-08-12,1,22.7,74,0.0,0.0,0.0,0.0,0,Clear,0,,6.2,13.3,Clear,72.86
2025-08-12T02:00,2025-08-12,2,22.1,78,0.0,0.0,0.0,0.0,0,Clear,14,,6.0,13.7,Clear,71.78
2025-08-12T03:00,2025-08-12,3,21.8,79,0.0,0.0,0.0,0.0,1,Mainly Clear,46,,5.4,13.0,Clear,71.24000000000001
2025-08-12T04:00,2025-08-12,4,21.5,80,0.0,0.0,0.0,0.0,3,Overcast,80,,4.7,11.5,Cloudy,70.7
2025-08-12T05:00,2025-08-12,5,21.1,82,0.0,0.0,0.0,0.0,2,Partly Cloudy,74,,3.5,10.4,Cloudy,69.98
2025-08-12T06:00,2025-08-12,6,21.7,80,0.0,0.0,0.0,0.0,0,Clear,0,,5.4,10.4,Clear,71.06
2025-08-12T07:00,2025-08-12,7,23.4,72,0.0,0.0,0.0,0.0,0,Clear,0,,4.9,15.5,Clear,74.12
2025-08-12T08:00,2025-08-12,8,25.7,65,0.0,0.0,0.0,0.0,0,Clear,0,,3.1,14.8,Clear,78.25999999999999
2025-08-12T09:00,2025-08-12,9,28.5,55,0.0,0.0,0.0,0.0,0,Clear,0,,2.5,15.5,Clear,83.3
2025-08-12T10:00,2025-08-12,10,30.8,46,0.0,0.0,0.0,0.0,0,Clear,0,,2.2,16.6,Clear,87.44
2025-08-12T11:00,2025-08-12,11,32.5,39,0.0,0.0,0.0,0.0,0,Clear,0,,3.0,18.4,Clear,90.5
2025-08-12T12:00,2025-08-12,12,33.3,37,0.0,0.0,0.0,0.0,0,Clear,0,,6.2,24.1,Clear,91.94
2025-08-12T13:00,2025-08-12,13,33.2,39,0.0,0.0,0.0,0.0,0,Clear,2,,9.6,31.0,Clear,91.76
2025-08-12T14:00,2025-08-12,14,32.2,44,0.0,0.0,0.0,0.0,0,Clear,11,,13.0,37.8,Clear,89.96000000000001
2025-08-12T15:00,2025-08-12,15,31.2,45,0.0,0.0,0.0,0.0,0,Clear,17,,14.1,40.0,Clear,88.16
2025-08-12T16:00,2025-08-12,16,30.9,48,0.0,0.0,0.0,0.0,0,Clear,11,,13.1,38.5,Clear,87.61999999999999
2025-08-12T17:00,2025-08-12,17,29.6,53,0.0,0.0,0.0,0.0,0,Clear,12,,12.7,36.0,Clear,85.28
2025-08-12T18:00,2025-08-12,18,28.5,60,0.0,0.0,0.0,0.0,0,Clear,8,,10.8,33.8,Clear,83.3
2025-08-12T19:00,2025-08-12,19,27.1,68,0.0,0.0,0.0,0.0,0,Clear,8,,8.3,27.0,Clear,80.78
2025-08-12T20:00,2025-08-12,20,26.4,74,0.0,0.0,0.0,0.0,0,Clear,7,,8.9,23.0,Clear,79.52
2025-08-12T21:00,2025-08-12,21,26.5,73,0.0,0.0,0.0,0.0,0,Clear,4,,7.6,21.2,Clear,79.7
2025-08-12T22:00,2025-08-12,22,26.4,73,0.0,0.0,0.0,0.0,0,Clear,3,,7.6,17.3,Clear,79.52
2025-08-12T23:00,2025-08-12,23,25.9,75,0.0,0.0,0.0,0.0,0,Clear,1,,7.6,19.1,Clear,78.62
2025-08-13T00:00,2025-08-13,0,25.5,76,0.0,0.0,0.0,0.0,0,Clear,0,,8.1,18.0,Clear,77.9
2025-08-13T01:00,2025-08-13,1,25.1,78,0.0,0.0,0.0,0.0,0,Clear,0,,6.5,18.0,Clear,77.18
2025-08-13T02:00,2025-08-13,2,24.6,80,0.0,0.0,0.0,0.0,0,Clear,0,,5.6,14.0,Clear,76.28
2025-08-13T03:00,2025-08-13,3,24.2,83,0.0,0.0,0.0,0.0,0,Clear,0,,6.3,13.7,Clear,75.56
2025-08-13T04:00,2025-08-13,4,23.9,86,0.0,0.0,0.0,0.0,0,Clear,0,,5.9,13.7,Clear,75.02
2025-08-13T05:00,2025-08-13,5,23.5,89,0.0,0.0,0.0,0.0,0,Clear,0,,4.4,12.6,Clear,74.3
2025-08-13T06:00,2025-08-13,6,23.9,88,0.0,0.0,0.0,0.0,3,Overcast,92,,4.2,10.4,Cloudy,75.02
2025-08-13T07:00,2025-08-13,7,25.4,82,0.0,0.0,0.0,0.0,1,Mainly Clear,47,,6.0,17.3,Clear,77.72
2025-08-13T08:00,2025-08-13,8,27.5,73,0.0,0.0,0.0,0.0,0,Clear,8,,6.9,21.2,Clear,81.5
2025-08-13T09:00,2025-08-13,9,29.4,66,0.0,0.0,0.0,0.0,0,Clear,10,,7.2,23.4,Clear,84.91999999999999
2025-08-13T10:00,2025-08-13,10,30.9,59,0.0,0.0,0.0,0.0,0,Clear,8,,10.5,30.2,Clear,87.61999999999999
2025-08-13T11:00,2025-08-13,11,32.0,51,0.1,0.1,0.0,0.0,51,Light Drizzle,72,,13.3,36.7,Rain,89.6
2025-08-13T12:00,2025-08-13,12,31.6,49,3.4,3.4,0.0,0.0,63,Moderate Rain,68,,12.4,37.4,Rain,88.88000000000001
2025-08-13T13:00,2025-08-13,13,31.6,55,1.0,1.0,0.0,0.0,55,Dense Drizzle,99,,12.8,36.4,Rain,88.88000000000001
2025-08-13T14:00,2025-08-13,14,30.6,59,1.4,1.4,0.0,0.0,61,Slight Rain,100,,11.6,37.1,Rain,87.08000000000001
2025-08-13T15:00,2025-08-13,15,29.5,60,0.5,0.5,0.0,0.0,53,Moderate Drizzle,100,,3.2,29.9,Rain,85.1
2025-08-13T16:00,2025-08-13,16,29.7,59,0.0,0.0,0.0,0.0,3,Overcast,100,,3.3,11.5,Cloudy,85.46000000000001
2025-08-13T17:00,2025-08-13,17,28.9,67,0.0,0.0,0.0,0.0,3,Overcast,100,,5.4,16.2,Cloudy,84.02
2025-08-13T18:00,2025-08-13,18,27.0,77,1.9,1.9,0.0,0.0,61,Slight Rain,100,,4.5,15.8,Rain,80.6
2025-08-13T19:00,2025-08-13,19,26.0,84,0.8,0.8,0.0,0.0,53,Moderate Drizzle,100,,3.2,12.6,Rain,78.8
2025-08-13T20:00,2025-08-13,20,24.4,89,0.1,0.1,0.0,0.0,51,Light Drizzle,100,,5.6,12.2,Rain,75.92
2025-08-13T21:00,2025-08-13,21,24.2,90,0.0,0.0,0.0,0.0,3,Overcast,100,,5.6,13.0,Cloudy,75.56
2025-08-13T22:00,2025-08-13,22,23.9,92,0.0,0.0,0.0,0.0,3,Overcast,100,,4.0,12.2,Cloudy,75.02
2025-08-13T23:00,2025-08-13,23,23.7,92,0.0,0.0,0.0,0.0,3,Overcast,100,,4.2,9.4,Cloudy,74.66
2025-08-14T00:00,2025-08-14,0,23.5,94,0.0,0.0,0.0,0.0,3,Overcast,100,,6.5,13.7,Cloudy,74.3
2025-08-14T01:00,2025-08-14,1,23.3,95,0.0,0.0,0.0,0.0,3,Overcast,99,,4.1,13.7,Cloudy,73.94
2025-08-14T02:00,2025-08-14,2,23.2,95,0.0,0.0,0.0,0.0,3,Overcast,83,,4.0,10.4,Cloudy,73.75999999999999
2025-08-14T03:00,2025-08-14,3,23.0,96,0.0,0.0,0.0,0.0,3,Overcast,83,,3.1,7.9,Cloudy,73.4
2025-08-14T04:00,2025-08-14,4,22.9,96,0.0,0.0,0.0,0.0,3,Overcast,99,,2.1,7.2,Cloudy,73.22
2025-08-14T05:00,2025-08-14,5,22.6,97,0.0,0.0,0.0,0.0,3,Overcast,96,,3.1,7.6,Cloudy,72.68
2025-08-14T06:00,2025-08-14,6,23.0,95,0.0,0.0,0.0,0.0,1,Mainly Clear,26,,2.9,7.6,Clear,73.4
2025-08-14T07:00,2025-08-14,7,24.2,89,0.0,0.0,0.0,0.0,2,Partly Cloudy,59,,1.9,9.4,Cloudy,75.56
2025-08-14T08:00,2025-08-14,8,23.4,90,0.7,0.7,0.0,0.0,53,Moderate Drizzle,100,,6.1,15.5,Rain,74.12
2025-08-14T09:00,2025-08-14,9,24.0,88,0.1,0.1,0.0,0.0,51,Light Drizzle,82,,2.4,16.6,Rain,75.2
2025-08-14T10:00,2025-08-14,10,26.1,80,0.1,0.1,0.0,0.0,51,Light Drizzle,25,,4.2,16.9,Rain,78.98
2025-08-14T11:00,2025-08-14,11,28.1,72,0.0,0.0,0.0,0.0,1,Mainly Clear,35,,4.7,18.4,Clear,82.58
2025-08-14T12:00,2025-08-14,12,29.4,66,0.1,0.1,0.0,0.0,51,Light Drizzle,31,,5.9,22.7,Rain,84.91999999999999
2025-08-14T13:00,2025-08-14,13,30.2,61,0.0,0.0,0.0,0.0,3,Overcast,96,,5.3,22.7,Cloudy,86.36
2025-08-14T14:00,2025-08-14,14,31.0,58,0.0,0.0,0.0,0.0,3,Overcast,98,,5.7,21.6,Cloudy,87.8
2025-08-14T15:00,2025-08-14,15,31.3,57,0.0,0.0,0.0,0.0,3,Overcast,99,,5.6,21.2,Cloudy,88.34
2025-08-14T16:00,2025-08-14,16,31.1,56,0.0,0.0,0.0,0.0,1,Mainly Clear,41,,6.2,20.5,Clear,87.98
2025-08-14T17:00,2025-08-14,17,31.1,52,0.0,0.0,0.0,0.0,2,Partly Cloudy,55,,5.8,19.4,Cloudy,87.98
2025-08-14T18:00,2025-08-14,18,30.5,53,0.0,0.0,0.0,0.0,3,Overcast,92,,6.2,16.2,Cloudy,86.9
2025-08-14T19:00,2025-08-14,19,28.4,65,0.0,0.0,0.0,0.0,1,Mainly Clear,23,,5.0,15.1,Clear,83.12
2025-08-14T20:00,2025-08-14,20,26.8,79,0.0,0.0,0.0,0.0,0,Clear,18,,2.9,16.2,Clear,80.24000000000001
2025-08-14T21:00,2025-08-14,21,26.4,83,0.0,0.0,0.0,0.0,0,Clear,5,,2.0,6.5,Clear,79.52
2025-08-14T22:00,2025-08-14,22,26.2,81,0.0,0.0,0.0,0.0,0,Clear,1,,4.8,10.4,Clear,79.16
2025-08-14T23:00,2025-08-14,23,25.9,76,0.0,0.0,0.0,0.0,0,Clear,8,,6.0,12.6,Clear,78.62
2025-08-15T00:00,2025-08-15,0,25.3,74,0.0,0.0,0.0,0.0,0,Clear,0,,6.8,15.5,Clear,77.54
2025-08-15T01:00,2025-08-15,1,24.6,78,0.0,0.0,0.0,0.0,0,Clear,1,,7.9,16.9,Clear,76.28
2025-08-15T02:00,2025-08-15,2,24.1,80,0.0,0.0,0.0,0.0,0,Clear,2,,9.3,20.2,Clear,75.38
2025-08-15T03:00,2025-08-15,3,23.7,79,0.0,0.0,0.0,0.0,0,Clear,0,,9.8,21.6,Clear,74.66
2025-08-15T04:00,2025-08-15,4,23.2,79,0.0,0.0,0.0,0.0,0,Clear,1,,10.3,22.3,Clear,73.75999999999999
2025-08-15T05:00,2025-08-15,5,22.9,79,0.0,0.0,0.0,0.0,0,Clear,5,,9.4,22.3,Clear,73.22
2025-08-15T06:00,2025-08-15,6,23.1,76,0.0,0.0,0.0,0.0,0,Clear,0,,9.9,21.6,Clear,73.58
2025-08-15T07:00,2025-08-15,7,24.1,71,0.0,0.0,0.0,0.0,0,Clear,0,,10.3,24.5,Clear,75.38
2025-08-15T08:00,2025-08-15,8,25.9,59,0.0,0.0,0.0,0.0,0,Clear,0,,10.4,26.6,Clear,78.62
2025-08-15T09:00,2025-08-15,9,27.4,52,0.0,0.0,0.0,0.0,0,Clear,1,,10.8,28.8,Clear,81.32
2025-08-15T10:00,2025-08-15,10,28.9,47,0.0,0.0,0.0,0.0,0,Clear,0,,10.5,29.9,Clear,84.02
2025-08-15T11:00,2025-08-15,11,30.1,44,0.0,0.0,0.0,0.0,0,Clear,0,,9.3,29.2,Clear,86.18
2025-08-15T12:00,2025-08-15,12,31.4,41,0.0,0.0,0.0,0.0,0,Clear,0,,7.4,27.7,Clear,88.52
2025-08-15T13:00,2025-08-15,13,32.3,38,0.0,0.0,0.0,0.0,0,Clear,2,,4.2,24.1,Clear,90.14
2025-08-15T14:00,2025-08-15,14,32.4,39,0.0,0.0,0.0,0.0,1,Mainly Clear,29,,5.8,20.5,Clear,90.32
2025-08-15T15:00,2025-08-15,15,31.0,45,0.0,0.0,0.0,0.0,2,Partly Cloudy,52,,11.7,32.8,Cloudy,87.8
2025-08-15T16:00,2025-08-15,16,29.2,50,0.0,0.0,0.0,0.0,0,Clear,15,,13.1,34.9,Clear,84.56
2025-08-15T17:00,2025-08-15,17,28.0,57,0.0,0.0,0.0,0.0,0,Clear,19,,12.5,34.6,Clear,82.4
2025-08-15T18:00,2025-08-15,18,26.5,66,0.0,0.0,0.0,0.0,0,Clear,15,,11.3,32.0,Clear,79.7
2025-08-15T19:00,2025-08-15,19,25.3,75,0.0,0.0,0.0,0.0,0,Clear,6,,8.8,27.7,Clear,77.54
2025-08-15T20:00,2025-08-15,20,24.2,81,0.0,0.0,0.0,0.0,0,Clear,11,,6.4,20.2,Clear,75.56
2025-08-15T21:00,2025-08-15,21,23.9,84,0.0,0.0,0.0,0.0,0,Clear,10,,5.2,15.1,Clear,75.02
2025-08-15T22:00,2025-08-15,22,23.5,88,0.0,0.0,0.0,0.0,2,Partly Cloudy,56,,4.2,12.2,Cloudy,74.3
2025-08-15T23:00,2025-08-15,23,23.2,90,0.0,0.0,0.0,0.0,2,Partly Cloudy,79,,4.1,9.7,Cloudy,73.75999999999999
2025-08-16T00:00,2025-08-16,0,23.1,92,0.0,0.0,0.0,0.0,2,Partly Cloudy,59,,4.0,10.1,Cloudy,73.58
2025-08-16T01:00,2025-08-16,1,22.9,94,0.0,0.0,0.0,0.0,2,Partly Cloudy,50,,1.0,8.6,Cloudy,73.22
2025-08-16T02:00,2025-08-16,2,22.8,94,0.0,0.0,0.0,0.0,1,Mainly Clear,48,,1.6,5.0,Clear,73.04
2025-08-16T03:00,2025-08-16,3,22.7,94,0.0,0.0,0.0,0.0,1,Mainly Clear,26,,1.3,4.3,Clear,72.86
2025-08-16T04:00,2025-08-16,4,22.6,94,0.0,0.0,0.0,0.0,0,Clear,15,,1.5,4.0,Clear,72.68
2025-08-16T05:00,2025-08-16,5,22.5,94,0.0,0.0,0.0,0.0,1,Mainly Clear,37,,2.2,6.1,Clear,72.5
2025-08-16T06:00,2025-08-16,6,23.0,89,0.0,0.0,0.0,0.0,3,Overcast,98,,2.6,7.2,Cloudy,73.4
2025-08-16T07:00,2025-08-16,7,23.8,82,0.0,0.0,0.0,0.0,3,Overcast,100,,2.9,10.8,Cloudy,74.84
2025-08-16T08:00,2025-08-16,8,25.5,72,0.0,0.0,0.0,0.0,1,Mainly Clear,41,,5.1,17.6,Clear,77.9
2025-08-16T09:00,2025-08-16,9,27.6,61,0.0,0.0,0.0,0.0,1,Mainly Clear,34,,5.8,21.2,Clear,81.68
2025-08-16T10:00,2025-08-16,10,29.1,55,0.0,0.0,0.0,0.0,1,Mainly Clear,32,,6.6,25.6,Clear,84.38000000000001
2025-08-16T11:00,2025-08-16,11,30.3,50,0.0,0.0,0.0,0.0,1,Mainly Clear,39,,7.9,28.1,Clear,86.53999999999999
2025-08-16T12:00,2025-08-16,12,30.5,51,0.0,0.0,0.0,0.0,1,Mainly Clear,33,,7.7,28.8,Clear,86.9
2025-08-16T13:00,2025-08-16,13,30.5,49,0.0,0.0,0.0,0.0,1,Mainly Clear,35,,8.3,27.7,Clear,86.9
2025-08-16T14:00,2025-08-16,14,30.1,51,0.1,0.1,0.0,0.0,51,Light Drizzle,30,,10.5,31.7,Rain,86.18
2025-08-16T15:00,2025-08-16,15,29.5,53,0.5,0.5,0.0,0.0,53,Moderate Drizzle,52,,10.5,31.7,Rain,85.1
2025-08-16T16:00,2025-08-16,16,27.5,61,1.4,1.4,0.0,0.0,61,Slight Rain,80,,7.2,31.0,Rain,81.5
2025-08-16T17:00,2025-08-16,17,25.9,66,2.9,2.9,0.0,0.0,63,Moderate Rain,32,,10.2,26.6,Rain,78.62
2025-08-16T18:00,2025-08-16,18,25.8,64,0.0,0.0,0.0,0.0,1,Mainly Clear,21,,10.0,26.3,Clear,78.44
2025-08-16T19:00,2025-08-16,19,24.5,73,0.0,0.0,0.0,0.0,0,Clear,8,,9.4,25.2,Clear,76.1
2025-08-16T20:00,2025-08-16,20,24.2,77,0.0,0.0,0.0,0.0,1,Mainly Clear,31,,9.9,23.4,Clear,75.56
2025-08-16T21:00,2025-08-16,21,24.0,81,0.0,0.0,0.0,0.0,2,Partly Cloudy,79,,10.5,23.4,Cloudy,75.2
2025-08-16T22:00,2025-08-16,22,24.0,79,0.0,0.0,0.0,0.0,3,Overcast,83,,8.8,23.8,Cloudy,75.2
2025-08-16T23:00,2025-08-16,23,23.8,80,0.0,0.0,0.0,0.0,1,Mainly Clear,41,,7.0,19.1,Clear,74.84
2025-08-17T00:00,2025-08-17,0,23.5,81,0.0,0.0,0.0,0.0,0,Clear,1,,6.9,15.8,Clear,74.3
2025-08-17T01:00,2025-08-17,1,23.1,82,0.0,0.0,0.0,0.0,0,Clear,5,,6.5,15.5,Clear,73.58
2025-08-17T02:00,2025-08-17,2,22.9,82,0.0,0.0,0.0,0.0,0,Clear,4,,7.6,16.2,Clear,73.22
2025-08-17T03:00,2025-08-17,3,22.5,83,0.0,0.0,0.0,0.0,0,Clear,0,,7.6,17.3,Clear,72.5
2025-08-17T04:00,2025-08-17,4,22.2,85,0.0,0.0,0.0,0.0,2,Partly Cloudy,53,,7.2,16.6,Cloudy,71.96
2025-08-17T05:00,2025-08-17,5,22.0,88,0.0,0.0,0.0,0.0,2,Partly Cloudy,79,,7.2,15.8,Cloudy,71.6
2025-08-17T06:00,2025-08-17,6,22.3,88,0.0,0.0,0.0,0.0,3,Overcast,88,,5.7,15.5,Cloudy,72.14
2025-08-17T07:00,2025-08-17,7,23.8,82,0.0,0.0,0.0,0.0,1,Mainly Clear,45,,6.7,19.1,Clear,74.84
2025-08-17T08:00,2025-08-17,8,25.7,76,0.0,0.0,0.0,0.0,3,Overcast,97,,10.1,26.3,Cloudy,78.25999999999999
2025-08-17T09:00,2025-08-17,9,27.6,68,0.0,0.0,0.0,0.0,3,Overcast,80,,9.9,27.4,Cloudy,81.68
2025-08-17T10:00,2025-08-17,10,29.5,59,0.0,0.0,0.0,0.0,2,Partly Cloudy,71,,11.2,30.2,Cloudy,85.1
2025-08-17T11:00,2025-08-17,11,30.9,54,0.1,0.1,0.0,0.0,51,Light Drizzle,84,,11.7,33.8,Rain,87.61999999999999
2025-08-17T12:00,2025-08-17,12,32.7,47,0.0,0.0,0.0,0.0,3,Overcast,94,,11.4,36.0,Cloudy,90.86
2025-08-17T13:00,2025-08-17,13,34.1,41,0.0,0.0,0.0,0.0,3,Overcast,99,,11.0,35.3,Cloudy,93.38000000000001
2025-08-17T14:00,2025-08-17,14,35.0,36,0.0,0.0,0.0,0.0,3,Overcast,87,,9.6,32.8,Cloudy,95.0
2025-08-17T15:00,2025-08-17,15,35.3,34,0.0,0.0,0.0,0.0,3,Overcast,99,,8.0,29.2,Cloudy,95.53999999999999
2025-08-17T16:00,2025-08-17,16,34.5,35,0.0,0.0,0.0,0.0,3,Overcast,91,,3.8,26.3,Cloudy,94.1
2025-08-17T17:00,2025-08-17,17,33.3,37,0.0,0.0,0.0,0.0,3,Overcast,100,,6.3,20.9,Cloudy,91.94
2025-08-17T18:00,2025-08-17,18,26.5,71,1.1,1.1,0.0,0.0,55,Dense Drizzle,100,,14.6,46.1,Rain,79.7
2025-08-17T19:00,2025-08-17,19,26.0,76,1.6,1.6,0.0,0.0,61,Slight Rain,98,,2.3,29.5,Rain,78.8
2025-08-17T20:00,2025-08-17,20,25.6,82,0.6,0.6,0.0,0.0,53,Moderate Drizzle,91,,5.5,21.6,Rain,78.08
2025-08-17T21:00,2025-08-17,21,25.5,81,0.0,0.0,0.0,0.0,3,Overcast,100,,7.3,15.8,Cloudy,77.9
2025-08-17T22:00,2025-08-17,22,25.5,82,0.0,0.0,0.0,0.0,1,Mainly Clear,22,,7.1,15.1,Clear,77.9
2025-08-17T23:00,2025-08-17,23,25.0,83,0.2,0.2,0.0,0.0,51,Light Drizzle,34,,12.3,25.9,Rain,77.0
2025-08-18T00:00,2025-08-18,0,21.8,78,0.0,0.0,0.0,0.0,0,Clear,13,,14.8,34.9,Clear,71.24000000000001
2025-08-18T01:00,2025-08-18,1,19.9,77,0.0,0.0,0.0,0.0,0,Clear,18,,16.8,38.2,Clear,67.82
2025-08-18T02:00,2025-08-18,2,19.2,78,0.0,0.0,0.0,0.0,0,Clear,14,,15.5,38.5,Clear,66.56
2025-08-18T03:00,2025-08-18,3,18.9,77,0.0,0.0,0.0,0.0,2,Partly Cloudy,68,,16.1,35.6,Cloudy,66.02
2025-08-18T04:00,2025-08-18,4,18.6,75,0.0,0.0,0.0,0.0,3,Overcast,100,,15.1,35.6,Cloudy,65.48
2025-08-18T05:00,2025-08-18,5,18.6,73,0.0,0.0,0.0,0.0,3,Overcast,100,,14.2,33.8,Cloudy,65.48
2025-08-18T06:00,2025-08-18,6,18.7,69,0.0,0.0,0.0,0.0,3,Overcast,100,,14.2,33.5,Cloudy,65.66
2025-08-18T07:00,2025-08-18,7,19.2,65,0.0,0.0,0.0,0.0,3,Overcast,100,,15.2,36.0,Cloudy,66.56
2025-08-18T08:00,2025-08-18,8,19.4,64,0.0,0.0,0.0,0.0,3,Overcast,100,,16.5,40.7,Cloudy,66.92
2025-08-18T09:00,2025-08-18,9,20.0,63,0.0,0.0,0.0,0.0,3,Overcast,100,,15.1,40.0,Cloudy,68.0
2025-08-18T10:00,2025-08-18,10,20.9,59,0.0,0.0,0.0,0.0,3,Overcast,100,,13.5,37.4,Cloudy,69.62
2025-08-18T11:00,2025-08-18,11,21.5,57,0.0,0.0,0.0,0.0,3,Overcast,100,,12.2,35.3,Cloudy,70.7
2025-08-18T12:00,2025-08-18,12,22.4,54,0.0,0.0,0.0,0.0,3,Overcast,100,,11.1,32.8,Cloudy,72.32
2025-08-18T13:00,2025-08-18,13,22.5,55,0.0,0.0,0.0,0.0,3,Overcast,100,,9.8,31.0,Cloudy,72.5
2025-08-18T14:00,2025-08-18,14,23.6,55,0.0,0.0,0.0,0.0,3,Overcast,100,,8.3,28.1,Cloudy,74.48
2025-08-18T15:00,2025-08-18,15,23.8,54,0.0,0.0,0.0,0.0,3,Overcast,100,,8.0,24.5,Cloudy,74.84
2025-08-18T16:00,2025-08-18,16,23.8,54,0.0,0.0,0.0,0.0,3,Overcast,100,,4.2,23.4,Cloudy,74.84
2025-08-18T17:00,2025-08-18,17,24.0,54,0.0,0.0,0.0,0.0,3,Overcast,99,,3.1,14.4,Cloudy,75.2
2025-08-18T18:00,2025-08-18,18,23.8,55,0.0,0.0,0.0,0.0,1,Mainly Clear,26,,1.4,11.9,Clear,74.84
2025-08-18T19:00,2025-08-18,19,22.8,60,0.0,0.0,0.0,0.0,1,Mainly Clear,26,,2.2,7.2,Clear,73.04
2025-08-18T20:00,2025-08-18,20,21.3,68,0.0,0.0,0.0,0.0,0,Clear,0,,8.3,19.8,Clear,70.34
2025-08-18T21:00,2025-08-18,21,20.5,69,0.0,0.0,0.0,0.0,0,Clear,1,,6.9,19.8,Clear,68.9
2025-08-18T22:00,2025-08-18,22,20.1,69,0.0,0.0,0.0,0.0,1,Mainly Clear,28,,4.4,15.8,Clear,68.18
2025-08-18T23:00,2025-08-18,23,19.8,72,0.0,0.0,0.0,0.0,3,Overcast,100,,3.3,10.4,Cloudy,67.64
2025-08-19T00:00,2025-08-19,0,19.5,74,0.0,0.0,0.0,0.0,2,Partly Cloudy,54,,3.6,8.6,Cloudy,67.1
2025-08-19T01:00,2025-08-19,1,19.0,79,0.0,0.0,0.0,0.0,3,Overcast,84,,4.0,9.0,Cloudy,66.2
2025-08-19T02:00,2025-08-19,2,18.5,82,0.0,0.0,0.0,0.0,1,Mainly Clear,49,,4.8,10.1,Clear,65.3
2025-08-19T03:00,2025-08-19,3,18.0,85,0.0,0.0,0.0,0.0,0,Clear,4,,6.3,12.6,Clear,64.4
2025-08-19T04:00,2025-08-19,4,17.7,84,0.0,0.0,0.0,0.0,0,Clear,13,,6.8,13.3,Clear,63.86
2025-08-19T05:00,2025-08-19,5,17.5,83,0.0,0.0,0.0,0.0,0,Clear,10,,6.4,13.0,Clear,63.5
2025-08-19T06:00,2025-08-19,6,17.9,73,0.0,0.0,0.0,0.0,0,Clear,3,,7.6,15.8,Clear,64.22
2025-08-19T07:00,2025-08-19,7,19.4,58,0.0,0.0,0.0,0.0,1,Mainly Clear,32,,7.3,19.4,Clear,66.92
2025-08-19T08:00,2025-08-19,8,20.5,48,0.0,0.0,0.0,0.0,3,Overcast,92,,10.8,28.1,Cloudy,68.9
2025-08-19T09:00,2025-08-19,9,21.9,40,0.0,0.0,0.0,0.0,3,Overcast,89,,10.4,29.9,Cloudy,71.42
2025-08-19T10:00,2025-08-19,10,23.2,38,0.0,0.0,0.0,0.0,2,Partly Cloudy,78,,8.9,29.5,Cloudy,73.75999999999999
2025-08-19T11:00,2025-08-19,11,23.5,44,0.0,0.0,0.0,0.0,3,Overcast,90,,8.3,28.1,Cloudy,74.3
2025-08-19T12:00,2025-08-19,12,23.5,43,0.0,0.0,0.0,0.0,3,Overcast,100,,10.4,30.2,Cloudy,74.3
2025-08-19T13:00,2025-08-19,13,23.9,39,0.0,0.0,0.0,0.0,3,Overcast,94,,12.5,34.9,Cloudy,75.02
2025-08-19T14:00,2025-08-19,14,24.2,37,0.0,0.0,0.0,0.0,0,Clear,14,,12.2,36.4,Clear,75.56
2025-08-19T15:00,2025-08-19,15,24.1,38,0.0,0.0,0.0,0.0,1,Mainly Clear,34,,11.6,34.9,Clear,75.38
2025-08-19T16:00,2025-08-19,16,23.6,40,0.0,0.0,0.0,0.0,1,Mainly Clear,38,,11.8,33.1,Clear,74.48
2025-08-19T17:00,2025-08-19,17,22.5,47,0.0,0.0,0.0,0.0,0,Clear,18,,13.1,33.8,Clear,72.5
2025-08-19T18:00,2025-08-19,18,21.5,51,0.0,0.0,0.0,0.0,3,Overcast,100,,12.3,33.8,Cloudy,70.7
2025-08-19T19:00,2025-08-19,19,20.6,54,0.0,0.0,0.0,0.0,3,Overcast,100,,11.6,30.2,Cloudy,69.08
2025-08-19T20:00,2025-08-19,20,20.2,57,0.0,0.0,0.0,0.0,1,Mainly Clear,32,,10.4,25.6,Clear,68.36
2025-08-19T21:00,2025-08-19,21,20.0,60,0.0,0.0,0.0,0.0,1,Mainly Clear,40,,8.0,23.8,Clear,68.0
2025-08-19T22:00,2025-08-19,22,19.8,63,0.0,0.0,0.0,0.0,3,Overcast,100,,7.6,20.2,Cloudy,67.64
2025-08-19T23:00,2025-08-19,23,19.6,64,0.0,0.0,0.0,0.0,0,Clear,14,,6.2,17.3,Clear,67.28
2025-08-20T00:00,2025-08-20,0,19.1,67,0.0,0.0,0.0,0.0,0,Clear,15,,7.9,16.6,Clear,66.38
2025-08-20T01:00,2025-08-20,1,18.7,69,0.0,0.0,0.0,0.0,1,Mainly Clear,40,,9.3,19.1,Clear,65.66
2025-08-20T02:00,2025-08-20,2,18.6,70,0.0,0.0,0.0,0.0,2,Partly Cloudy,67,,9.6,19.8,Cloudy,65.48
2025-08-20T03:00,2025-08-20,3,18.6,70,0.0,0.0,0.0,0.0,3,Overcast,100,,9.7,19.8,Cloudy,65.48
2025-08-20T04:00,2025-08-20,4,18.8,70,0.0,0.0,0.0,0.0,3,Overcast,100,,8.8,20.9,Cloudy,65.84
2025-08-20T05:00,2025-08-20,5,18.8,70,0.0,0.0,0.0,0.0,3,Overcast,100,,8.8,18.4,Cloudy,65.84
2025-08-20T06:00,2025-08-20,6,19.1,69,0.0,0.0,0.0,0.0,3,Overcast,99,,9.1,18.4,Cloudy,66.38
2025-08-20T07:00,2025-08-20,7,19.7,67,0.0,0.0,0.0,0.0,3,Overcast,100,,8.4,20.9,Cloudy,67.46
2025-08-20T08:00,2025-08-20,8,19.7,74,0.2,0.2,0.0,0.0,51,Light Drizzle,100,,6.8,18.4,Rain,67.46
2025-08-20T09:00,2025-08-20,9,20.4,73,0.1,0.1,0.0,0.0,51,Light Drizzle,100,,6.8,18.7,Rain,68.72
2025-08-20T10:00,2025-08-20,10,22.4,69,0.0,0.0,0.0,0.0,3,Overcast,100,,11.4,27.4,Cloudy,72.32
2025-08-20T11:00,2025-08-20,11,22.7,70,0.1,0.1,0.0,0.0,51,Light Drizzle,100,,14.6,34.6,Rain,72.86
2025-08-20T12:00,2025-08-20,12,22.2,74,0.2,0.2,0.0,0.0,51,Light Drizzle,100,,14.8,34.9,Rain,71.96
2025-08-20T13:00,2025-08-20,13,22.4,74,0.3,0.3,0.0,0.0,51,Light Drizzle,100,,12.1,34.9,Rain,72.32
2025-08-20T14:00,2025-08-20,14,22.3,74,0.5,0.5,0.0,0.0,53,Moderate Drizzle,100,,12.9,29.9,Rain,72.14
2025-08-20T15:00,2025-08-20,15,22.3,74,0.3,0.3,0.0,0.0,51,Light Drizzle,100,,14.6,34.6,Rain,72.14
2025-08-20T16:00,2025-08-20,16,21.8,77,0.2,0.2,0.0,0.0,51,Light Drizzle,100,,10.8,33.1,Rain,71.24000000000001
2025-08-20T17:00,2025-08-20,17,21.0,80,0.3,0.3,0.0,0.0,51,Light Drizzle,100,,11.6,29.2,Rain,69.8
2025-08-20T18:00,2025-08-20,18,20.5,83,0.3,0.3,0.0,0.0,51,Light Drizzle,100,,12.6,30.2,Rain,68.9
2025-08-20T19:00,2025-08-20,19,20.0,84,0.0,0.0,0.0,0.0,3,Overcast,100,,15.1,35.6,Cloudy,68.0
2025-08-20T20:00,2025-08-20,20,16.5,90,0.1,0.1,0.0,0.0,51,Light Drizzle,100,,14.2,38.5,Rain,61.7
2025-08-20T21:00,2025-08-20,21,16.1,89,0.0,0.0,0.0,0.0,3,Overcast,100,,13.6,33.8,Cloudy,60.980000000000004
2025-08-20T22:00,2025-08-20,22,15.9,88,0.0,0.0,0.0,0.0,3,Overcast,100,,12.9,30.6,Cloudy,60.62
2025-08-20T23:00,2025-08-20,23,16.1,88,0.0,0.0,0.0,0.0,3,Overcast,100,,13.3,31.3,Cloudy,60.980000000000004
2025-08-21T00:00,2025-08-21,0,15.9,88,0.0,0.0,0.0,0.0,3,Overcast,100,,12.4,30.6,Cloudy,60.62
2025-08-21T01:00,2025-08-21,1,15.8,90,0.0,0.0,0.0,0.0,3,Overcast,100,,12.0,27.7,Cloudy,60.440000000000005
2025-08-21T02:00,2025-08-21,2,15.9,90,0.0,0.0,0.0,0.0,3,Overcast,100,,12.0,28.1,Cloudy,60.62
2025-08-21T03:00,2025-08-21,3,16.0,89,0.0,0.0,0.0,0.0,3,Overcast,100,,12.1,27.0,Cloudy,60.8
2025-08-21T04:00,2025-08-21,4,16.4,89,0.0,0.0,0.0,0.0,3,Overcast,100,,14.4,34.9,Cloudy,61.519999999999996
2025-08-21T05:00,2025-08-21,5,16.1,89,0.0,0.0,0.0,0.0,3,Overcast,100,,13.8,31.7,Cloudy,60.980000000000004
2025-08-21T06:00,2025-08-21,6,16.1,87,0.0,0.0,0.0,0.0,3,Overcast,100,,13.4,30.2,Cloudy,60.980000000000004
2025-08-21T07:00,2025-08-21,7,16.2,86,0.0,0.0,0.0,0.0,3,Overcast,100,,14.2,32.0,Cloudy,61.16
2025-08-21T08:00,2025-08-21,8,15.8,87,0.0,0.0,0.0,0.0,3,Overcast,84,,19.4,43.2,Cloudy,60.440000000000005
2025-08-21T09:00,2025-08-21,9,17.8,75,0.0,0.0,0.0,0.0,1,Mainly Clear,39,,21.8,53.6,Clear,64.04
2025-08-21T10:00,2025-08-21,10,19.5,71,0.0,0.0,0.0,0.0,3,Overcast,100,,22.6,52.9,Cloudy,67.1
2025-08-21T11:00,2025-08-21,11,19.8,70,0.0,0.0,0.0,0.0,3,Overcast,100,,19.8,52.6,Cloudy,67.64
2025-08-21T12:00,2025-08-21,12,20.7,67,0.0,0.0,0.0,0.0,3,Overcast,99,,20.6,50.4,Cloudy,69.25999999999999
2025-08-21T13:00,2025-08-21,13,21.0,66,0.0,0.0,0.0,0.0,3,Overcast,100,,20.4,49.3,Cloudy,69.8
2025-08-21T14:00,2025-08-21,14,21.5,65,0.0,0.0,0.0,0.0,3,Overcast,96,,20.0,47.9,Cloudy,70.7
2025-08-21T15:00,2025-08-21,15,21.9,64,0.0,0.0,0.0,0.0,2,Partly Cloudy,79,,18.9,47.9,Cloudy,71.42
2025-08-21T16:00,2025-08-21,16,21.3,64,0.0,0.0,0.0,0.0,3,Overcast,93,,18.4,47.9,Cloudy,70.34
2025-08-21T17:00,2025-08-21,17,21.1,64,0.0,0.0,0.0,0.0,1,Mainly Clear,39,,16.3,47.9,Clear,69.98
2025-08-21T18:00,2025-08-21,18,20.8,66,0.0,0.0,0.0,0.0,3,Overcast,93,,12.5,37.1,Cloudy,69.44
2025-08-21T19:00,2025-08-21,19,19.5,71,0.0,0.0,0.0,0.0,3,Overcast,100,,12.9,28.8,Cloudy,67.1
2025-08-21T20:00,2025-08-21,20,18.9,72,0.0,0.0,0.0,0.0,0,Clear,0,,11.3,26.6,Clear,66.02
2025-08-21T21:00,2025-08-21,21,18.3,74,0.0,0.0,0.0,0.0,0,Clear,0,,9.1,24.8,Clear,64.94
2025-08-21T22:00,2025-08-21,22,17.9,74,0.0,0.0,0.0,0.0,0,Clear,0,,11.0,23.8,Clear,64.22
2025-08-21T23:00,2025-08-21,23,17.5,73,0.0,0.0,0.0,0.0,0,Clear,0,,11.8,25.6,Clear,63.5
2025-08-22T00:00,2025-08-22,0,17.0,72,0.0,0.0,0.0,0.0,0,Clear,0,,13.3,28.1,Clear,62.6
2025-08-22T01:00,2025-08-22,1,16.5,72,0.0,0.0,0.0,0.0,0,Clear,0,,13.3,29.5,Clear,61.7
2025-08-22T02:00,2025-08-22,2,16.1,73,0.0,0.0,0.0,0.0,0,Clear,0,,12.1,28.4,Clear,60.980000000000004
2025-08-22T03:00,2025-08-22,3,15.8,74,0.0,0.0,0.0,0.0,0,Clear,0,,11.4,25.9,Clear,60.440000000000005
2025-08-22T04:00,2025-08-22,4,15.4,75,0.0,0.0,0.0,0.0,0,Clear,0,,8.7,24.1,Clear,59.72
2025-08-22T05:00,2025-08-22,5,14.9,78,0.0,0.0,0.0,0.0,0,Clear,0,,9.3,19.1,Clear,58.82
2025-08-22T06:00,2025-08-22,6,15.3,78,0.0,0.0,0.0,0.0,0,Clear,0,,9.7,20.2,Clear,59.540000000000006
2025-08-22T07:00,2025-08-22,7,16.9,77,0.0,0.0,0.0,0.0,0,Clear,0,,8.7,20.2,Clear,62.42
2025-08-22T08:00,2025-08-22,8,19.1,66,0.0,0.0,0.0,0.0,0,Clear,0,,7.7,20.2,Clear,66.38
2025-08-22T09:00,2025-08-22,9,21.0,59,0.0,0.0,0.0,0.0,0,Clear,0,,7.8,22.0,Clear,69.8
2025-08-22T10:00,2025-08-22,10,23.0,50,0.0,0.0,0.0,0.0,0,Clear,0,,7.6,22.3,Clear,73.4
2025-08-22T11:00,2025-08-22,11,24.5,43,0.0,0.0,0.0,0.0,0,Clear,0,,7.6,22.7,Clear,76.1
2025-08-22T12:00,2025-08-22,12,25.5,41,0.0,0.0,0.0,0.0,0,Clear,0,,7.2,23.0,Clear,77.9
2025-08-22T13:00,2025-08-22,13,26.2,39,0.0,0.0,0.0,0.0,0,Clear,0,,6.9,22.0,Clear,79.16
2025-08-22T14:00,2025-08-22,14,26.6,37,0.0,0.0,0.0,0.0,0,Clear,0,,6.6,21.2,Clear,79.88
2025-08-22T15:00,2025-08-22,15,26.9,37,0.0,0.0,0.0,0.0,0,Clear,0,,6.6,20.2,Clear,80.42
2025-08-22T16:00,2025-08-22,16,26.8,38,0.0,0.0,0.0,0.0,0,Clear,0,,5.9,19.1,Clear,80.24000000000001
2025-08-22T17:00,2025-08-22,17,26.4,40,0.0,0.0,0.0,0.0,0,Clear,0,,3.9,16.2,Clear,79.52
2025-08-22T18:00,2025-08-22,18,25.3,54,0.0,0.0,0.0,0.0,0,Clear,0,,0.4,9.4,Clear,77.54
2025-08-22T19:00,2025-08-22,19,23.0,60,0.0,0.0,0.0,0.0,0,Clear,0,,3.9,6.5,Clear,73.4
2025-08-22T20:00,2025-08-22,20,22.0,53,0.0,0.0,0.0,0.0,0,Clear,0,,10.7,22.3,Clear,71.6
2025-08-22T21:00,2025-08-22,21,20.9,53,0.0,0.0,0.0,0.0,0,Clear,1,,8.3,22.7,Clear,69.62
2025-08-22T22:00,2025-08-22,22,20.4,54,0.0,0.0,0.0,0.0,0,Clear,0,,9.6,19.8,Clear,68.72
2025-08-22T23:00,2025-08-22,23,19.6,59,0.0,0.0,0.0,0.0,0,Clear,0,,8.7,19.8,Clear,67.28
2025-08-23T00:00,2025-08-23,0,19.2,63,0.0,0.0,0.0,0.0,0,Clear,0,,8.5,18.0,Clear,66.56
2025-08-23T01:00,2025-08-23,1,18.7,68,0.0,0.0,0.0,0.0,0,Clear,0,,8.2,17.6,Clear,65.66
2025-08-23T02:00,2025-08-23,2,18.3,72,0.0,0.0,0.0,0.0,0,Clear,0,,7.7,17.3,Clear,64.94
2025-08-23T03:00,2025-08-23,3,17.9,75,0.0,0.0,0.0,0.0,0,Clear,0,,6.9,15.8,Clear,64.22
2025-08-23T04:00,2025-08-23,4,17.5,77,0.0,0.0,0.0,0.0,0,Clear,9,,6.4,14.0,Clear,63.5
2025-08-23T05:00,2025-08-23,5,17.2,79,0.0,0.0,0.0,0.0,3,Overcast,98,,6.0,13.3,Cloudy,62.959999999999994
2025-08-23T06:00,2025-08-23,6,17.6,77,0.0,0.0,0.0,0.0,0,Clear,5,,5.9,12.6,Clear,63.68
2025-08-23T07:00,2025-08-23,7,19.1,73,0.0,0.0,0.0,0.0,0,Clear,0,,5.0,12.6,Clear,66.38
2025-08-23T08:00,2025-08-23,8,21.0,64,0.0,0.0,0.0,0.0,0,Clear,0,,5.0,15.5,Clear,69.8
2025-08-23T09:00,2025-08-23,9,23.2,56,0.0,0.0,0.0,0.0,0,Clear,0,,5.9,19.1,Clear,73.75999999999999
2025-08-23T10:00,2025-08-23,10,25.1,46,0.0,0.0,0.0,0.0,2,Partly Cloudy,64,,7.9,23.4,Cloudy,77.18
2025-08-23T11:00,2025-08-23,11,26.5,37,0.0,0.0,0.0,0.0,1,Mainly Clear,31,,10.9,29.5,Clear,79.7
2025-08-23T12:00,2025-08-23,12,27.6,32,0.0,0.0,0.0,0.0,1,Mainly Clear,22,,12.9,34.2,Clear,81.68
2025-08-23T13:00,2025-08-23,13,28.0,34,0.0,0.0,0.0,0.0,0,Clear,0,,14.1,37.1,Clear,82.4
2025-08-23T14:00,2025-08-23,14,27.8,39,0.0,0.0,0.0,0.0,0,Clear,17,,14.3,37.8,Clear,82.04
2025-08-23T15:00,2025-08-23,15,27.0,41,0.0,0.0,0.0,0.0,0,Clear,16,,18.5,45.0,Clear,80.6
2025-08-23T16:00,2025-08-23,16,25.9,40,0.0,0.0,0.0,0.0,0,Clear,2,,21.6,50.4,Clear,78.62
2025-08-23T17:00,2025-08-23,17,24.4,47,0.0,0.0,0.0,0.0,0,Clear,0,,20.2,50.8,Clear,75.92
2025-08-23T18:00,2025-08-23,18,22.7,60,0.0,0.0,0.0,0.0,0,Clear,8,,17.3,46.1,Clear,72.86
2025-08-23T19:00,2025-08-23,19,21.5,65,0.0,0.0,0.0,0.0,0,Clear,0,,15.3,40.0,Clear,70.7
2025-08-23T20:00,2025-08-23,20,21.3,73,0.0,0.0,0.0,0.0,0,Clear,0,,14.7,36.4,Clear,70.34
2025-08-23T21:00,2025-08-23,21,21.0,75,0.0,0.0,0.0,0.0,0,Clear,0,,12.3,32.8,Clear,69.8
2025-08-23T22:00,2025-08-23,22,20.7,73,0.0,0.0,0.0,0.0,0,Clear,12,,10.3,27.4,Clear,69.25999999999999
2025-08-23T23:00,2025-08-23,23,20.3,73,0.0,0.0,0.0,0.0,0,Clear,0,,9.0,23.0,Clear,68.54
2025-08-24T00:00,2025-08-24,0,19.8,73,0.0,0.0,0.0,0.0,0,Clear,0,,8.2,20.2,Clear,67.64
2025-08-24T01:00,2025-08-24,1,19.2,76,0.0,0.0,0.0,0.0,0,Clear,0,,7.2,18.4,Clear,66.56
2025-08-24T02:00,2025-08-24,2,18.4,81,0.0,0.0,0.0,0.0,0,Clear,0,,5.2,15.5,Clear,65.12
2025-08-24T03:00,2025-08-24,3,18.0,83,0.0,0.0,0.0,0.0,0,Clear,1,,5.4,11.2,Clear,64.4
2025-08-24T04:00,2025-08-24,4,17.9,85,0.0,0.0,0.0,0.0,0,Clear,3,,5.4,12.2,Clear,64.22
2025-08-24T05:00,2025-08-24,5,17.5,88,0.0,0.0,0.0,0.0,0,Clear,0,,5.1,11.5,Clear,63.5
2025-08-24T06:00,2025-08-24,6,18.4,88,0.0,0.0,0.0,0.0,0,Clear,0,,6.5,12.6,Clear,65.12
2025-08-24T07:00,2025-08-24,7,20.2,81,0.0,0.0,0.0,0.0,0,Clear,5,,5.1,13.7,Clear,68.36
2025-08-24T08:00,2025-08-24,8,22.1,79,0.0,0.0,0.0,0.0,0,Clear,8,,5.6,16.6,Clear,71.78
2025-08-24T09:00,2025-08-24,9,24.2,69,0.1,0.1,0.0,0.0,51,Light Drizzle,59,,12.4,31.7,Rain,75.56
2025-08-24T10:00,2025-08-24,10,25.1,62,0.0,0.0,0.0,0.0,2,Partly Cloudy,50,,13.1,32.4,Cloudy,77.18
2025-08-24T11:00,2025-08-24,11,26.0,58,0.0,0.0,0.0,0.0,2,Partly Cloudy,72,,15.1,38.9,Cloudy,78.8
2025-08-24T12:00,2025-08-24,12,26.2,57,0.1,0.1,0.0,0.0,51,Light Drizzle,92,,15.8,40.0,Rain,79.16
2025-08-24T13:00,2025-08-24,13,25.5,58,0.0,0.0,0.0,0.0,3,Overcast,100,,16.7,42.5,Cloudy,77.9
2025-08-24T14:00,2025-08-24,14,25.5,58,0.0,0.0,0.0,0.0,3,Overcast,93,,18.6,46.1,Cloudy,77.9
2025-08-24T15:00,2025-08-24,15,25.1,60,0.0,0.0,0.0,0.0,3,Overcast,96,,17.7,45.7,Cloudy,77.18
2025-08-24T16:00,2025-08-24,16,24.8,63,0.0,0.0,0.0,0.0,1,Mainly Clear,43,,17.1,43.9,Clear,76.64
2025-08-24T17:00,2025-08-24,17,24.2,66,0.0,0.0,0.0,0.0,2,Partly Cloudy,66,,16.8,42.1,Cloudy,75.56
2025-08-24T18:00,2025-08-24,18,23.3,71,0.0,0.0,0.0,0.0,1,Mainly Clear,30,,14.7,39.6,Clear,73.94
2025-08-24T19:00,2025-08-24,19,22.5,77,0.0,0.0,0.0,0.0,1,Mainly Clear,43,,12.3,33.1,Clear,72.5
2025-08-24T20:00,2025-08-24,20,22.2,83,0.0,0.0,0.0,0.0,2,Partly Cloudy,74,,9.7,24.5,Cloudy,71.96
2025-08-24T21:00,2025-08-24,21,21.9,85,0.0,0.0,0.0,0.0,3,Overcast,87,,10.1,23.0,Cloudy,71.42
2025-08-24T22:00,2025-08-24,22,21.5,88,0.0,0.0,0.0,0.0,3,Overcast,100,,6.9,22.3,Cloudy,70.7
2025-08-24T23:00,2025-08-24,23,21.1,91,0.0,0.0,0.0,0.0,3,Overcast,100,,5.4,14.8,Cloudy,69.98
2025-08-25T00:00,2025-08-25,0,20.9,94,0.0,0.0,0.0,0.0,3,Overcast,100,,3.3,11.5,Cloudy,69.62
2025-08-25T01:00,2025-08-25,1,20.4,96,0.0,0.0,0.0,0.0,2,Partly Cloudy,77,,2.9,6.8,Cloudy,68.72
2025-08-25T02:00,2025-08-25,2,20.1,97,0.0,0.0,0.0,0.0,1,Mainly Clear,38,,2.3,5.0,Clear,68.18
2025-08-25T03:00,2025-08-25,3,19.7,98,0.0,0.0,0.0,0.0,2,Partly Cloudy,50,,2.7,5.4,Cloudy,67.46
2025-08-25T04:00,2025-08-25,4,19.4,98,0.0,0.0,0.0,0.0,2,Partly Cloudy,65,,2.8,5.8,Cloudy,66.92
2025-08-25T05:00,2025-08-25,5,19.1,96,0.0,0.0,0.0,0.0,0,Clear,15,,3.3,6.1,Clear,66.38
2025-08-25T06:00,2025-08-25,6,19.6,92,0.0,0.0,0.0,0.0,0,Clear,0,,4.5,7.2,Clear,67.28
2025-08-25T07:00,2025-08-25,7,21.3,83,0.0,0.0,0.0,0.0,0,Clear,1,,4.2,12.6,Clear,70.34
2025-08-25T08:00,2025-08-25,8,24.0,70,0.0,0.0,0.0,0.0,1,Mainly Clear,37,,10.1,24.5,Clear,75.2
2025-08-25T09:00,2025-08-25,9,25.4,63,0.0,0.0,0.0,0.0,1,Mainly Clear,35,,10.2,30.2,Clear,77.72
2025-08-25T10:00,2025-08-25,10,26.9,53,0.0,0.0,0.0,0.0,0,Clear,12,,6.4,29.9,Clear,80.42
2025-08-25T11:00,2025-08-25,11,28.8,43,0.0,0.0,0.0,0.0,1,Mainly Clear,24,,8.4,29.9,Clear,83.84
2025-08-25T12:00,2025-08-25,12,30.4,34,0.0,0.0,0.0,0.0,0,Clear,11,,10.2,29.9,Clear,86.72
2025-08-25T13:00,2025-08-25,13,31.6,25,0.0,0.0,0.0,0.0,0,Clear,1,,13.9,37.1,Clear,88.88000000000001
2025-08-25T14:00,2025-08-25,14,31.4,24,0.0,0.0,0.0,0.0,0,Clear,10,,18.9,46.8,Clear,88.52
2025-08-25T15:00,2025-08-25,15,30.2,26,0.0,0.0,0.0,0.0,0,Clear,11,,18.7,50.0,Clear,86.36
2025-08-25T16:00,2025-08-25,16,30.1,26,0.0,0.0,0.0,0.0,1,Mainly Clear,49,,17.3,46.1,Clear,86.18
2025-08-25T17:00,2025-08-25,17,29.2,26,0.0,0.0,0.0,0.0,1,Mainly Clear,44,,19.4,44.6,Clear,84.56
2025-08-25T18:00,2025-08-25,18,27.3,30,0.0,0.0,0.0,0.0,0,Clear,3,,18.6,47.2,Clear,81.14
2025-08-25T19:00,2025-08-25,19,26.1,34,0.0,0.0,0.0,0.0,0,Clear,1,,14.1,42.5,Clear,78.98
2025-08-25T20:00,2025-08-25,20,25.8,38,0.0,0.0,0.0,0.0,1,Mainly Clear,25,,13.2,32.4,Clear,78.44
2025-08-25T21:00,2025-08-25,21,24.8,42,0.0,0.0,0.0,0.0,1,Mainly Clear,37,,11.1,29.2,Clear,76.64
2025-08-25T22:00,2025-08-25,22,24.0,45,0.0,0.0,0.0,0.0,0,Clear,13,,12.0,27.0,Clear,75.2
2025-08-25T23:00,2025-08-25,23,22.9,47,0.0,0.0,0.0,0.0,0,Clear,10,,10.8,27.0,Clear,73.22
2025-08-26T00:00,2025-08-26,0,22.0,49,0.0,0.0,0.0,0.0,0,Clear,0,,9.0,24.1,Clear,71.6
2025-08-26T01:00,2025-08-26,1,21.1,51,0.0,0.0,0.0,0.0,0,Clear,0,,9.3,20.2,Clear,69.98
2025-08-26T02:00,2025-08-26,2,20.2,54,0.0,0.0,0.0,0.0,0,Clear,0,,8.4,20.9,Clear,68.36
2025-08-26T03:00,2025-08-26,3,19.4,57,0.0,0.0,0.0,0.0,0,Clear,0,,6.8,18.7,Clear,66.92
2025-08-26T04:00,2025-08-26,4,18.5,59,0.0,0.0,0.0,0.0,0,Clear,0,,6.1,15.1,Clear,65.3
2025-08-26T05:00,2025-08-26,5,17.8,62,0.0,0.0,0.0,0.0,0,Clear,0,,5.6,14.0,Clear,64.04
2025-08-26T06:00,2025-08-26,6,17.6,63,0.0,0.0,0.0,0.0,0,Clear,0,,5.2,12.6,Clear,63.68
2025-08-26T07:00,2025-08-26,7,18.9,56,0.0,0.0,0.0,0.0,0,Clear,0,,5.9,16.6,Clear,66.02
2025-08-26T08:00,2025-08-26,8,20.6,51,0.0,0.0,0.0,0.0,0,Clear,0,,4.9,17.6,Clear,69.08
2025-08-26T09:00,2025-08-26,9,22.6,39,0.0,0.0,0.0,0.0,0,Clear,0,,6.3,22.0,Clear,72.68
2025-08-26T10:00,2025-08-26,10,24.3,33,0.0,0.0,0.0,0.0,0,Clear,0,,6.9,24.1,Clear,75.74000000000001
2025-08-26T11:00,2025-08-26,11,25.8,29,0.0,0.0,0.0,0.0,1,Mainly Clear,27,,8.3,27.0,Clear,78.44
2025-08-26T12:00,2025-08-26,12,27.4,24,0.0,0.0,0.0,0.0,3,Overcast,89,,10.6,31.3,Cloudy,81.32
2025-08-26T13:00,2025-08-26,13,27.5,24,0.0,0.0,0.0,0.0,3,Overcast,100,,13.2,35.3,Cloudy,81.5
2025-08-26T14:00,2025-08-26,14,26.9,26,0.0,0.0,0.0,0.0,3,Overcast,93,,16.6,41.4,Cloudy,80.42
2025-08-26T15:00,2025-08-26,15,27.4,25,0.0,0.0,0.0,0.0,3,Overcast,85,,15.2,41.4,Cloudy,81.32
2025-08-26T16:00,2025-08-26,16,27.0,25,0.0,0.0,0.0,0.0,3,Overcast,99,,12.9,37.4,Cloudy,80.6
2025-08-26T17:00,2025-08-26,17,25.5,30,0.0,0.0,0.0,0.0,2,Partly Cloudy,50,,12.7,33.1,Cloudy,77.9
2025-08-26T18:00,2025-08-26,18,24.9,32,0.0,0.0,0.0,0.0,1,Mainly Clear,23,,10.0,31.7,Clear,76.82
2025-08-26T19:00,2025-08-26,19,24.1,35,0.0,0.0,0.0,0.0,1,Mainly Clear,23,,11.2,24.5,Clear,75.38
2025-08-26T20:00,2025-08-26,20,23.5,34,0.0,0.0,0.0,0.0,1,Mainly Clear,29,,3.7,10.1,Clear,74.3
2025-08-26T21:00,2025-08-26,21,22.5,40,0.0,0.0,0.0,0.0,1,Mainly Clear,20,,9.8,21.6,Clear,72.5
2025-08-26T22:00,2025-08-26,22,20.7,51,0.0,0.0,0.0,0.0,1,Mainly Clear,20,,8.7,25.2,Clear,69.25999999999999
2025-08-26T23:00,2025-08-26,23,19.7,55,0.0,0.0,0.0,0.0,0,Clear,5,,4.7,19.1,Clear,67.46
2025-08-27T00:00,2025-08-27,0,19.0,57,0.0,0.0,0.0,0.0,0,Clear,0,,6.9,14.8,Clear,66.2
2025-08-27T01:00,2025-08-27,1,18.2,60,0.0,0.0,0.0,0.0,0,Clear,0,,5.9,16.9,Clear,64.75999999999999
2025-08-27T02:00,2025-08-27,2,17.4,65,0.0,0.0,0.0,0.0,0,Clear,17,,4.0,13.0,Clear,63.32
2025-08-27T03:00,2025-08-27,3,17.2,66,0.0,0.0,0.0,0.0,1,Mainly Clear,44,,6.6,13.3,Clear,62.959999999999994
2025-08-27T04:00,2025-08-27,4,16.9,66,0.0,0.0,0.0,0.0,3,Overcast,99,,7.3,16.9,Cloudy,62.42
2025-08-27T05:00,2025-08-27,5,16.5,67,0.0,0.0,0.0,0.0,3,Overcast,80,,7.5,16.9,Cloudy,61.7
2025-08-27T06:00,2025-08-27,6,16.6,67,0.0,0.0,0.0,0.0,0,Clear,0,,7.3,16.9,Clear,61.88
2025-08-27T07:00,2025-08-27,7,17.6,61,0.0,0.0,0.0,0.0,0,Clear,0,,9.0,22.7,Clear,63.68
2025-08-27T08:00,2025-08-27,8,19.0,55,0.0,0.0,0.0,0.0,0,Clear,0,,10.2,27.4,Clear,66.2
2025-08-27T09:00,2025-08-27,9,20.8,46,0.0,0.0,0.0,0.0,0,Clear,0,,11.0,31.0,Clear,69.44
2025-08-27T10:00,2025-08-27,10,22.1,41,0.0,0.0,0.0,0.0,0,Clear,2,,12.0,35.6,Clear,71.78
2025-08-27T11:00,2025-08-27,11,23.2,37,0.0,0.0,0.0,0.0,0,Clear,13,,13.2,37.4,Clear,73.75999999999999
2025-08-27T12:00,2025-08-27,12,24.2,36,0.0,0.0,0.0,0.0,1,Mainly Clear,20,,12.8,38.2,Clear,75.56
2025-08-27T13:00,2025-08-27,13,24.5,33,0.0,0.0,0.0,0.0,1,Mainly Clear,26,,13.9,38.2,Clear,76.1
2025-08-27T14:00,2025-08-27,14,25.0,32,0.0,0.0,0.0,0.0,1,Mainly Clear,34,,13.7,38.2,Clear,77.0
2025-08-27T15:00,2025-08-27,15,24.9,32,0.0,0.0,0.0,0.0,2,Partly Cloudy,50,,15.6,39.6,Cloudy,76.82
2025-08-27T16:00,2025-08-27,16,24.3,34,0.1,0.1,0.0,0.0,51,Light Drizzle,38,,15.2,40.0,Rain,75.74000000000001
2025-08-27T17:00,2025-08-27,17,23.8,36,0.0,0.0,0.0,0.0,1,Mainly Clear,24,,15.5,37.8,Clear,74.84
2025-08-27T18:00,2025-08-27,18,22.8,39,0.0,0.0,0.0,0.0,0,Clear,15,,14.8,37.1,Clear,73.04
2025-08-27T19:00,2025-08-27,19,22.0,43,0.0,0.0,0.0,0.0,0,Clear,12,,11.5,34.2,Clear,71.6
2025-08-27T20:00,2025-08-27,20,21.4,43,0.0,0.0,0.0,0.0,0,Clear,1,,7.5,21.6,Clear,70.52
2025-08-27T21:00,2025-08-27,21,20.6,46,0.0,0.0,0.0,0.0,0,Clear,0,,5.2,16.9,Clear,69.08
2025-08-27T22:00,2025-08-27,22,19.6,51,0.0,0.0,0.0,0.0,0,Clear,0,,4.5,11.5,Clear,67.28
2025-08-27T23:00,2025-08-27,23,18.6,56,0.0,0.0,0.0,0.0,0,Clear,0,,3.9,10.4,Clear,65.48
2025-08-28T00:00,2025-08-28,0,17.9,62,0.0,0.0,0.0,0.0,0,Clear,0,,3.2,8.6,Clear,64.22
2025-08-28T01:00,2025-08-28,1,17.5,67,0.0,0.0,0.0,0.0,0,Clear,0,,0.9,6.5,Clear,63.5
2025-08-28T02:00,2025-08-28,2,16.5,72,0.0,0.0,0.0,0.0,0,Clear,0,,2.0,4.7,Clear,61.7
2025-08-28T03:00,2025-08-28,3,16.0,77,0.0,0.0,0.0,0.0,0,Clear,10,,1.4,5.8,Clear,60.8
2025-08-28T04:00,2025-08-28,4,15.4,83,0.0,0.0,0.0,0.0,3,Overcast,96,,2.3,4.7,Cloudy,59.72
2025-08-28T05:00,2025-08-28,5,15.1,82,0.0,0.0,0.0,0.0,2,Partly Cloudy,65,,2.1,6.5,Cloudy,59.18
2025-08-28T06:00,2025-08-28,6,15.6,80,0.0,0.0,0.0,0.0,3,Overcast,100,,3.1,6.1,Cloudy,60.08
2025-08-28T07:00,2025-08-28,7,17.8,66,0.0,0.0,0.0,0.0,3,Overcast,96,,3.4,11.2,Cloudy,64.04
2025-08-28T08:00,2025-08-28,8,19.1,55,0.0,0.0,0.0,0.0,3,Overcast,99,,3.1,14.0,Cloudy,66.38
2025-08-28T09:00,2025-08-28,9,21.5,45,0.0,0.0,0.0,0.0,3,Overcast,100,,5.9,20.5,Cloudy,70.7
2025-08-28T10:00,2025-08-28,10,23.8,37,0.0,0.0,0.0,0.0,2,Partly Cloudy,77,,8.7,26.6,Cloudy,74.84
2025-08-28T11:00,2025-08-28,11,25.5,31,0.0,0.0,0.0,0.0,2,Partly Cloudy,79,,12.9,35.3,Cloudy,77.9
2025-08-28T12:00,2025-08-28,12,26.5,26,0.0,0.0,0.0,0.0,3,Overcast,96,,13.6,37.4,Cloudy,79.7
2025-08-28T13:00,2025-08-28,13,27.1,24,0.0,0.0,0.0,0.0,3,Overcast,100,,14.1,38.2,Cloudy,80.78
2025-08-28T14:00,2025-08-28,14,26.9,23,0.0,0.0,0.0,0.0,3,Overcast,100,,14.0,38.2,Cloudy,80.42
2025-08-28T15:00,2025-08-28,15,26.4,22,0.0,0.0,0.0,0.0,3,Overcast,100,,13.0,37.1,Cloudy,79.52
2025-08-28T16:00,2025-08-28,16,26.4,23,0.0,0.0,0.0,0.0,3,Overcast,100,,13.6,35.6,Cloudy,79.52
2025-08-28T17:00,2025-08-28,17,25.9,24,0.0,0.0,0.0,0.0,3,Overcast,97,,11.5,34.9,Cloudy,78.62
2025-08-28T18:00,2025-08-28,18,25.0,26,0.0,0.0,0.0,0.0,3,Overcast,95,,10.5,28.1,Cloudy,77.0
2025-08-28T19:00,2025-08-28,19,24.2,30,0.0,0.0,0.0,0.0,3,Overcast,100,,12.6,27.7,Cloudy,75.56
2025-08-28T20:00,2025-08-28,20,22.9,42,0.0,0.0,0.0,0.0,1,Mainly Clear,49,,9.6,25.9,Clear,73.22
2025-08-28T21:00,2025-08-28,21,22.0,49,0.0,0.0,0.0,0.0,3,Overcast,94,,12.0,27.0,Cloudy,71.6
2025-08-28T22:00,2025-08-28,22,21.2,55,0.0,0.0,0.0,0.0,3,Overcast,100,,12.2,27.4,Cloudy,70.16
2025-08-28T23:00,2025-08-28,23,20.8,56,0.0,0.0,0.0,0.0,3,Overcast,100,,11.3,27.4,Cloudy,69.44
2025-08-29T00:00,2025-08-29,0,20.4,57,0.0,0.0,0.0,0.0,3,Overcast,100,,11.8,25.6,Cloudy,68.72
2025-08-29T01:00,2025-08-29,1,20.1,59,0.0,0.0,0.0,0.0,3,Overcast,100,,11.3,25.9,Cloudy,68.18
2025-08-29T02:00,2025-08-29,2,19.6,62,0.0,0.0,0.0,0.0,3,Overcast,100,,9.4,24.1,Cloudy,67.28
2025-08-29T03:00,2025-08-29,3,19.1,65,0.0,0.0,0.0,0.0,3,Overcast,100,,8.5,20.2,Cloudy,66.38
2025-08-29T04:00,2025-08-29,4,18.6,68,0.0,0.0,0.0,0.0,3,Overcast,100,,8.0,18.0,Cloudy,65.48
2025-08-29T05:00,2025-08-29,5,18.1,70,0.0,0.0,0.0,0.0,2,Partly Cloudy,62,,5.9,17.6,Cloudy,64.58
2025-08-29T06:00,2025-08-29,6,18.0,72,0.0,0.0,0.0,0.0,1,Mainly Clear,42,,6.8,13.7,Clear,64.4
2025-08-29T07:00,2025-08-29,7,19.0,66,0.0,0.0,0.0,0.0,1,Mainly Clear,34,,3.6,13.3,Clear,66.2
2025-08-29T08:00,2025-08-29,8,21.0,62,0.0,0.0,0.0,0.0,0,Clear,17,,4.7,17.3,Clear,69.8
2025-08-29T09:00,2025-08-29,9,22.8,52,0.0,0.0,0.0,0.0,0,Clear,15,,3.2,18.0,Clear,73.04
2025-08-29T10:00,2025-08-29,10,24.6,42,0.0,0.0,0.0,0.0,1,Mainly Clear,41,,3.4,24.1,Clear,76.28
2025-08-29T11:00,2025-08-29,11,26.0,37,0.0,0.0,0.0,0.0,0,Clear,4,,4.3,24.1,Clear,78.8
2025-08-29T12:00,2025-08-29,12,27.3,33,0.0,0.0,0.0,0.0,2,Partly Cloudy,55,,7.8,27.0,Cloudy,81.14
2025-08-29T13:00,2025-08-29,13,27.4,33,0.0,0.0,0.0,0.0,1,Mainly Clear,39,,13.0,35.6,Clear,81.32
2025-08-29T14:00,2025-08-29,14,26.1,37,0.0,0.0,0.0,0.0,1,Mainly Clear,25,,14.4,38.2,Clear,78.98
2025-08-29T15:00,2025-08-29,15,26.2,36,0.0,0.0,0.0,0.0,1,Mainly Clear,26,,14.2,38.2,Clear,79.16
2025-08-29T16:00,2025-08-29,16,25.9,37,0.0,0.0,0.0,0.0,0,Clear,11,,12.4,37.1,Clear,78.62
2025-08-29T17:00,2025-08-29,17,25.3,38,0.0,0.0,0.0,0.0,1,Mainly Clear,23,,12.6,32.4,Clear,77.54
2025-08-29T18:00,2025-08-29,18,24.1,42,0.0,0.0,0.0,0.0,1,Mainly Clear,20,,13.1,32.0,Clear,75.38
2025-08-29T19:00,2025-08-29,19,22.7,47,0.0,0.0,0.0,0.0,1,Mainly Clear,23,,14.6,33.5,Clear,72.86
2025-08-29T20:00,2025-08-29,20,22.4,44,0.0,0.0,0.0,0.0,2,Partly Cloudy,52,,13.2,29.5,Cloudy,72.32
2025-08-29T21:00,2025-08-29,21,21.4,44,0.0,0.0,0.0,0.0,0,Clear,3,,16.0,36.4,Clear,70.52
2025-08-29T22:00,2025-08-29,22,19.7,49,0.0,0.0,0.0,0.0,0,Clear,2,,15.4,37.8,Clear,67.46
2025-08-29T23:00,2025-08-29,23,18.5,53,0.0,0.0,0.0,0.0,0,Clear,14,,14.0,35.3,Clear,65.3
2025-08-30T00:00,2025-08-30,0,17.8,54,0.0,0.0,0.0,0.0,0,Clear,9,,12.7,31.7,Clear,64.04
2025-08-30T01:00,2025-08-30,1,17.0,55,0.0,0.0,0.0,0.0,0,Clear,10,,10.9,28.8,Clear,62.6
2025-08-30T02:00,2025-08-30,2,16.2,55,0.0,0.0,0.0,0.0,0,Clear,1,,10.0,24.8,Clear,61.16
2025-08-30T03:00,2025-08-30,3,15.6,58,0.0,0.0,0.0,0.0,0,Clear,0,,7.6,22.7,Clear,60.08
2025-08-30T04:00,2025-08-30,4,15.1,61,0.0,0.0,0.0,0.0,0,Clear,0,,7.0,17.3,Clear,59.18
2025-08-30T05:00,2025-08-30,5,14.4,64,0.0,0.0,0.0,0.0,0,Clear,0,,7.1,16.9,Clear,57.92
2025-08-30T06:00,2025-08-30,6,14.3,65,0.0,0.0,0.0,0.0,0,Clear,3,,6.6,16.6,Clear,57.74
2025-08-30T07:00,2025-08-30,7,15.4,60,0.0,0.0,0.0,0.0,0,Clear,9,,7.3,19.8,Clear,59.72
2025-08-30T08:00,2025-08-30,8,17.3,52,0.0,0.0,0.0,0.0,0,Clear,0,,7.9,23.4,Clear,63.14
2025-08-30T09:00,2025-08-30,9,19.5,43,0.0,0.0,0.0,0.0,0,Clear,0,,8.2,25.6,Clear,67.1
2025-08-30T10:00,2025-08-30,10,21.1,37,0.0,0.0,0.0,0.0,0,Clear,0,,7.8,25.9,Clear,69.98
2025-08-30T11:00,2025-08-30,11,22.5,33,0.0,0.0,0.0,0.0,0,Clear,0,,8.2,27.4,Clear,72.5
2025-08-30T12:00,2025-08-30,12,23.7,29,0.0,0.0,0.0,0.0,0,Clear,15,,9.9,31.0,Clear,74.66
2025-08-30T13:00,2025-08-30,13,24.9,25,0.0,0.0,0.0,0.0,1,Mainly Clear,46,,9.8,32.0,Clear,76.82
2025-08-30T14:00,2025-08-30,14,25.4,24,0.0,0.0,0.0,0.0,1,Mainly Clear,24,,11.2,32.0,Clear,77.72
2025-08-30T15:00,2025-08-30,15,25.8,22,0.0,0.0,0.0,0.0,2,Partly Cloudy,54,,12.0,33.1,Cloudy,78.44
2025-08-30T16:00,2025-08-30,16,25.4,23,0.0,0.0,0.0,0.0,1,Mainly Clear,44,,12.7,33.8,Clear,77.72
2025-08-30T17:00,2025-08-30,17,24.5,26,0.0,0.0,0.0,0.0,0,Clear,2,,11.3,33.8,Clear,76.1
2025-08-30T18:00,2025-08-30,18,24.1,25,0.0,0.0,0.0,0.0,0,Clear,16,,5.9,29.2,Clear,75.38
2025-08-30T19:00,2025-08-30,19,23.3,27,0.0,0.0,0.0,0.0,0,Clear,13,,12.0,24.8,Clear,73.94
2025-08-30T20:00,2025-08-30,20,21.6,35,0.0,0.0,0.0,0.0,0,Clear,3,,7.4,15.8,Clear,70.88
2025-08-30T21:00,2025-08-30,21,20.9,37,0.0,0.0,0.0,0.0,0,Clear,1,,9.1,19.1,Clear,69.62
2025-08-30T22:00,2025-08-30,22,19.9,43,0.0,0.0,0.0,0.0,0,Clear,0,,10.3,23.8,Clear,67.82
2025-08-30T23:00,2025-08-30,23,18.9,48,0.0,0.0,0.0,0.0,0,Clear,0,,8.3,23.0,Clear,66.02
2025-08-31T00:00,2025-08-31,0,18.2,51,0.0,0.0,0.0,0.0,0,Clear,0,,7.0,18.0,Clear,64.75999999999999
2025-08-31T01:00,2025-08-31,1,17.5,54,0.0,0.0,0.0,0.0,0,Clear,0,,6.2,15.5,Clear,63.5
2025-08-31T02:00,2025-08-31,2,16.9,57,0.0,0.0,0.0,0.0,0,Clear,0,,6.0,13.7,Clear,62.42
2025-08-31T03:00,2025-08-31,3,16.2,60,0.0,0.0,0.0,0.0,0,Clear,0,,5.9,14.4,Clear,61.16
2025-08-31T04:00,2025-08-31,4,15.6,62,0.0,0.0,0.0,0.0,0,Clear,0,,5.2,13.3,Clear,60.08
2025-08-31T05:00,2025-08-31,5,14.9,65,0.0,0.0,0.0,0.0,0,Clear,0,,4.2,11.9,Clear,58.82
2025-08-31T06:00,2025-08-31,6,15.2,64,0.0,0.0,0.0,0.0,0,Clear,0,,5.1,10.1,Clear,59.36
2025-08-31T07:00,2025-08-31,7,16.9,56,0.0,0.0,0.0,0.0,0,Clear,0,,4.7,13.7,Clear,62.42
2025-08-31T08:00,2025-08-31,8,19.0,46,0.0,0.0,0.0,0.0,0,Clear,0,,6.0,19.1,Clear,66.2
2025-08-31T09:00,2025-08-31,9,21.6,38,0.0,0.0,0.0,0.0,0,Clear,0,,7.8,24.1,Clear,70.88
2025-08-31T10:00,2025-08-31,10,23.3,34,0.0,0.0,0.0,0.0,1,Mainly Clear,33,,9.8,29.5,Clear,73.94
2025-08-31T11:00,2025-08-31,11,24.6,31,0.0,0.0,0.0,0.0,0,Clear,4,,9.0,29.9,Clear,76.28
2025-08-31T12:00,2025-08-31,12,25.9,28,0.0,0.0,0.0,0.0,0,Clear,13,,9.9,29.9,Clear,78.62
2025-08-31T13:00,2025-08-31,13,26.8,26,0.0,0.0,0.0,0.0,0,Clear,5,,14.3,37.8,Clear,80.24000000000001
2025-08-31T14:00,2025-08-31,14,27.3,25,0.0,0.0,0.0,0.0,2,Partly Cloudy,72,,15.1,39.6,Cloudy,81.14
2025-08-31T15:00,2025-08-31,15,27.5,24,0.0,0.0,0.0,0.0,3,Overcast,100,,10.4,39.6,Cloudy,81.5
2025-08-31T16:00,2025-08-31,16,26.0,26,0.0,0.0,0.0,0.0,3,Overcast,100,,6.7,29.5,Cloudy,78.8
2025-08-31T17:00,2025-08-31,17,24.8,37,0.0,0.0,0.0,0.0,3,Overcast,100,,7.6,23.0,Cloudy,76.64
2025-08-31T18:00,2025-08-31,18,23.2,45,0.0,0.0,0.0,0.0,3,Overcast,100,,9.2,24.1,Cloudy,73.75999999999999
2025-08-31T19:00,2025-08-31,19,21.9,51,0.0,0.0,0.0,0.0,3,Overcast,100,,7.1,24.1,Cloudy,71.42
2025-08-31T20:00,2025-08-31,20,20.4,57,0.0,0.0,0.0,0.0,3,Overcast,100,,4.8,17.3,Cloudy,68.72
2025-08-31T21:00,2025-08-31,21,19.6,64,0.0,0.0,0.0,0.0,3,Overcast,100,,2.2,11.2,Cloudy,67.28
2025-08-31T22:00,2025-08-31,22,19.3,68,0.0,0.0,0.0,0.0,3,Overcast,100,,1.3,5.4,Cloudy,66.74000000000001
2025-08-31T23:00,2025-08-31,23,19.0,70,0.0,0.0,0.0,0.0,3,Overcast,100,,1.4,4.3,Cloudy,66.2
2025-09-01T00:00,2025-09-01,0,18.8,71,0.0,0.0,0.0,0.0,3,Overcast,100,,0.2,3.2,Cloudy,65.84
2025-09-01T01:00,2025-09-01,1,18.0,75,0.0,0.0,0.0,0.0,3,Overcast,100,,1.7,4.0,Cloudy,64.4
2025-09-01T02:00,2025-09-01,2,17.8,77,0.0,0.0,0.0,0.0,3,Overcast,100,,2.5,5.0,Cloudy,64.04
2025-09-01T03:00,2025-09-01,3,17.6,75,0.0,0.0,0.0,0.0,3,Overcast,96,,4.2,9.0,Cloudy,63.68
2025-09-01T04:00,2025-09-01,4,17.2,75,0.0,0.0,0.0,0.0,1,Mainly Clear,45,,4.5,9.4,Clear,62.959999999999994
2025-09-01T05:00,2025-09-01,5,16.9,73,0.0,0.0,0.0,0.0,1,Mainly Clear,34,,6.6,14.0,Clear,62.42
2025-09-01T06:00,2025-09-01,6,16.6,74,0.0,0.0,0.0,0.0,2,Partly Cloudy,66,,8.5,17.3,Cloudy,61.88
2025-09-01T07:00,2025-09-01,7,18.0,67,0.0,0.0,0.0,0.0,1,Mainly Clear,40,,7.1,18.4,Clear,64.4
2025-09-01T08:00,2025-09-01,8,19.6,60,0.0,0.0,0.0,0.0,1,Mainly Clear,32,,7.7,22.3,Clear,67.28
2025-09-01T09:00,2025-09-01,9,22.3,49,0.0,0.0,0.0,0.0,2,Partly Cloudy,72,,7.4,23.8,Cloudy,72.14
2025-09-01T10:00,2025-09-01,10,24.4,41,0.0,0.0,0.0,0.0,3,Overcast,80,,9.0,27.7,Cloudy,75.92
2025-09-01T11:00,2025-09-01,11,25.7,36,0.0,0.0,0.0,0.0,3,Overcast,95,,13.0,35.3,Cloudy,78.25999999999999
2025-09-01T12:00,2025-09-01,12,26.5,34,0.0,0.0,0.0,0.0,2,Partly Cloudy,53,,14.9,39.6,Cloudy,79.7
2025-09-01T13:00,2025-09-01,13,26.6,32,0.0,0.0,0.0,0.0,0,Clear,8,,16.7,43.2,Clear,79.88
2025-09-01T14:00,2025-09-01,14,26.6,31,0.0,0.0,0.0,0.0,0,Clear,0,,16.7,44.6,Clear,79.88
2025-09-01T15:00,2025-09-01,15,26.2,32,0.0,0.0,0.0,0.0,0,Clear,0,,16.8,43.9,Clear,79.16
2025-09-01T16:00,2025-09-01,16,25.6,33,0.0,0.0,0.0,0.0,0,Clear,0,,16.7,43.2,Clear,78.08
2025-09-01T17:00,2025-09-01,17,24.7,37,0.0,0.0,0.0,0.0,0,Clear,0,,15.6,42.1,Clear,76.46
2025-09-01T18:00,2025-09-01,18,23.5,44,0.0,0.0,0.0,0.0,0,Clear,1,,12.9,37.8,Clear,74.3
2025-09-01T19:00,2025-09-01,19,22.6,50,0.0,0.0,0.0,0.0,0,Clear,0,,10.4,30.2,Clear,72.68
2025-09-01T20:00,2025-09-01,20,21.6,54,0.0,0.0,0.0,0.0,0,Clear,8,,5.7,19.8,Clear,70.88
2025-09-01T21:00,2025-09-01,21,21.0,57,0.0,0.0,0.0,0.0,0,Clear,17,,3.2,13.0,Clear,69.8
2025-09-01T22:00,2025-09-01,22,20.5,60,0.0,0.0,0.0,0.0,1,Mainly Clear,40,,2.7,7.6,Clear,68.9
2025-09-01T23:00,2025-09-01,23,20.2,61,0.0,0.0,0.0,0.0,3,Overcast,92,,3.4,7.9,Cloudy,68.36
2025-09-02T00:00,2025-09-02,0,19.9,62,0.0,0.0,0.0,0.0,1,Mainly Clear,47,,4.0,9.4,Clear,67.82
2025-09-02T01:00,2025-09-02,1,19.0,66,0.0,0.0,0.0,0.0,0,Clear,1,,3.8,9.4,Clear,66.2
2025-09-02T02:00,2025-09-02,2,18.2,68,0.0,0.0,0.0,0.0,0,Clear,0,,4.2,9.0,Clear,64.75999999999999
2025-09-02T03:00,2025-09-02,3,17.5,71,0.0,0.0,0.0,0.0,0,Clear,0,,4.8,10.4,Clear,63.5
2025-09-02T04:00,2025-09-02,4,17.0,73,0.0,0.0,0.0,0.0,0,Clear,0,,4.8,10.8,Clear,62.6
2025-09-02T05:00,2025-09-02,5,16.5,77,0.0,0.0,0.0,0.0,0,Clear,0,,4.8,10.8,Clear,61.7
2025-09-02T06:00,2025-09-02,6,16.6,81,0.0,0.0,0.0,0.0,0,Clear,0,,5.5,11.5,Clear,61.88
2025-09-02T07:00,2025-09-02,7,17.9,79,0.0,0.0,0.0,0.0,0,Clear,0,,5.6,15.8,Clear,64.22
2025-09-02T08:00,2025-09-02,8,19.6,71,0.0,0.0,0.0,0.0,0,Clear,0,,6.4,20.2,Clear,67.28
2025-09-02T09:00,2025-09-02,9,21.8,56,0.0,0.0,0.0,0.0,0,Clear,0,,7.7,24.5,Clear,71.24000000000001
2025-09-02T10:00,2025-09-02,10,23.5,44,0.0,0.0,0.0,0.0,1,Mainly Clear,29,,7.6,25.9,Clear,74.3
2025-09-02T11:00,2025-09-02,11,24.9,37,0.0,0.0,0.0,0.0,1,Mainly Clear,23,,7.3,25.9,Clear,76.82
2025-09-02T12:00,2025-09-02,12,26.0,33,0.0,0.0,0.0,0.0,0,Clear,0,,7.3,26.3,Clear,78.8
2025-09-02T13:00,2025-09-02,13,26.8,32,0.0,0.0,0.0,0.0,1,Mainly Clear,32,,6.7,26.3,Clear,80.24000000000001
2025-09-02T14:00,2025-09-02,14,26.9,32,0.0,0.0,0.0,0.0,2,Partly Cloudy,53,,8.1,27.0,Cloudy,80.42
2025-09-02T15:00,2025-09-02,15,25.6,40,0.0,0.0,0.0,0.0,2,Partly Cloudy,64,,12.7,35.6,Cloudy,78.08
2025-09-02T16:00,2025-09-02,16,24.1,44,0.0,0.0,0.0,0.0,0,Clear,5,,13.9,37.8,Clear,75.38
2025-09-02T17:00,2025-09-02,17,22.9,51,0.0,0.0,0.0,0.0,0,Clear,3,,13.0,36.7,Clear,73.22
2025-09-02T18:00,2025-09-02,18,21.3,63,0.0,0.0,0.0,0.0,0,Clear,3,,10.8,33.1,Clear,70.34
2025-09-02T19:00,2025-09-02,19,20.3,71,0.0,0.0,0.0,0.0,0,Clear,5,,9.7,26.6,Clear,68.54
2025-09-02T20:00,2025-09-02,20,19.7,71,0.0,0.0,0.0,0.0,0,Clear,4,,7.6,22.0,Clear,67.46
2025-09-02T21:00,2025-09-02,21,19.4,75,0.0,0.0,0.0,0.0,0,Clear,12,,5.2,17.3,Clear,66.92
2025-09-02T22:00,2025-09-02,22,19.0,77,0.0,0.0,0.0,0.0,0,Clear,6,,3.1,11.9,Clear,66.2
2025-09-02T23:00,2025-09-02,23,18.5,83,0.0,0.0,0.0,0.0,0,Clear,2,,0.4,7.6,Clear,65.3
2025-09-03T00:00,2025-09-03,0,17.9,83,0.0,0.0,0.0,0.0,0,Clear,2,,1.6,4.7,Clear,64.22
2025-09-03T01:00,2025-09-03,1,17.1,89,0.0,0.0,0.0,0.0,0,Clear,2,,2.6,6.1,Clear,62.78
2025-09-03T02:00,2025-09-03,2,16.8,91,0.0,0.0,0.0,0.0,0,Clear,3,,1.8,5.4,Clear,62.24
2025-09-03T03:00,2025-09-03,3,16.5,92,0.0,0.0,0.0,0.0,0,Clear,4,,1.0,4.0,Clear,61.7
2025-09-03T04:00,2025-09-03,4,16.0,94,0.0,0.0,0.0,0.0,0,Clear,2,,1.7,3.6,Clear,60.8
2025-09-03T05:00,2025-09-03,5,15.5,95,0.0,0.0,0.0,0.0,0,Clear,2,,2.8,5.8,Clear,59.9
2025-09-03T06:00,2025-09-03,6,15.7,96,0.0,0.0,0.0,0.0,0,Clear,2,,2.9,6.1,Clear,60.26
2025-09-03T07:00,2025-09-03,7,17.6,84,0.0,0.0,0.0,0.0,0,Clear,2,,2.8,10.4,Clear,63.68
2025-09-03T08:00,2025-09-03,8,19.5,70,0.0,0.0,0.0,0.0,0,Clear,1,,1.5,12.2,Clear,67.1
2025-09-03T09:00,2025-09-03,9,21.9,55,0.0,0.0,0.0,0.0,0,Clear,1,,1.0,13.3,Clear,71.42
2025-09-03T10:00,2025-09-03,10,23.8,43,0.0,0.0,0.0,0.0,0,Clear,2,,1.7,15.5,Clear,74.84
2025-09-03T11:00,2025-09-03,11,25.2,37,0.0,0.0,0.0,0.0,0,Clear,13,,2.3,17.6,Clear,77.36
2025-09-03T12:00,2025-09-03,12,26.1,34,0.0,0.0,0.0,0.0,1,Mainly Clear,27,,4.0,20.5,Clear,78.98
2025-09-03T13:00,2025-09-03,13,26.4,36,0.0,0.0,0.0,0.0,0,Clear,10,,8.3,28.1,Clear,79.52
2025-09-03T14:00,2025-09-03,14,26.0,38,0.0,0.0,0.0,0.0,0,Clear,4,,11.2,33.5,Clear,78.8
2025-09-03T15:00,2025-09-03,15,24.5,42,0.0,0.0,0.0,0.0,1,Mainly Clear,21,,13.8,37.8,Clear,76.1
2025-09-03T16:00,2025-09-03,16,24.0,46,0.0,0.0,0.0,0.0,1,Mainly Clear,43,,11.4,37.8,Clear,75.2
2025-09-03T17:00,2025-09-03,17,23.1,45,0.0,0.0,0.0,0.0,0,Clear,6,,11.5,30.6,Clear,73.58
2025-09-03T18:00,2025-09-03,18,21.5,55,0.0,0.0,0.0,0.0,0,Clear,1,,10.7,29.9,Clear,70.7
2025-09-03T19:00,2025-09-03,19,20.5,63,0.0,0.0,0.0,0.0,0,Clear,0,,9.3,26.3,Clear,68.9
2025-09-03T20:00,2025-09-03,20,20.0,70,0.0,0.0,0.0,0.0,0,Clear,0,,9.1,23.4,Clear,68.0
2025-09-03T21:00,2025-09-03,21,19.5,74,0.0,0.0,0.0,0.0,0,Clear,2,,8.3,20.5,Clear,67.1
2025-09-03T22:00,2025-09-03,22,19.1,76,0.0,0.0,0.0,0.0,0,Clear,5,,7.2,18.7,Clear,66.38
2025-09-03T23:00,2025-09-03,23,18.7,79,0.0,0.0,0.0,0.0,0,Clear,7,,5.1,15.8,Clear,65.66
2025-09-04T00:00,2025-09-04,0,18.1,82,0.0,0.0,0.0,0.0,0,Clear,0,,4.1,11.2,Clear,64.58
2025-09-04T01:00,2025-09-04,1,17.7,84,0.0,0.0,0.0,0.0,0,Clear,1,,4.1,9.4,Clear,63.86
2025-09-04T02:00,2025-09-04,2,17.4,85,0.0,0.0,0.0,0.0,0,Clear,0,,4.1,9.4,Clear,63.32
2025-09-04T03:00,2025-09-04,3,17.0,87,0.0,0.0,0.0,0.0,0,Clear,0,,4.2,10.1,Clear,62.6
2025-09-04T04:00,2025-09-04,4,16.4,92,0.0,0.0,0.0,0.0,0,Clear,0,,3.6,9.4,Clear,61.519999999999996
2025-09-04T05:00,2025-09-04,5,16.0,94,0.0,0.0,0.0,0.0,0,Clear,0,,3.5,7.6,Clear,60.8
2025-09-04T06:00,2025-09-04,6,16.4,95,0.0,0.0,0.0,0.0,0,Clear,0,,3.4,7.2,Clear,61.519999999999996
2025-09-04T07:00,2025-09-04,7,18.1,85,0.0,0.0,0.0,0.0,0,Clear,0,,4.1,13.0,Clear,64.58
2025-09-04T08:00,2025-09-04,8,20.3,73,0.0,0.0,0.0,0.0,1,Mainly Clear,20,,5.8,18.7,Clear,68.54
2025-09-04T09:00,2025-09-04,9,22.7,62,0.0,0.0,0.0,0.0,0,Clear,7,,9.9,27.7,Clear,72.86
2025-09-04T10:00,2025-09-04,10,24.5,54,0.0,0.0,0.0,0.0,0,Clear,3,,13.0,35.3,Clear,76.1
2025-09-04T11:00,2025-09-04,11,25.2,50,0.6,0.6,0.0,0.0,53,Moderate Drizzle,18,,16.7,43.9,Rain,77.36
2025-09-04T12:00,2025-09-04,12,24.9,58,0.7,0.7,0.0,0.0,53,Moderate Drizzle,35,,18.0,45.7,Rain,76.82
2025-09-04T13:00,2025-09-04,13,24.2,62,1.1,1.1,0.0,0.0,55,Dense Drizzle,80,,19.7,47.9,Rain,75.56
2025-09-04T14:00,2025-09-04,14,23.9,64,0.3,0.3,0.0,0.0,51,Light Drizzle,47,,19.1,47.5,Rain,75.02
2025-09-04T15:00,2025-09-04,15,24.5,61,0.1,0.1,0.0,0.0,51,Light Drizzle,32,,20.4,49.3,Rain,76.1
2025-09-04T16:00,2025-09-04,16,23.9,65,0.0,0.0,0.0,0.0,1,Mainly Clear,27,,19.4,50.0,Clear,75.02
2025-09-04T17:00,2025-09-04,17,23.2,68,0.0,0.0,0.0,0.0,1,Mainly Clear,35,,17.5,46.1,Clear,73.75999999999999
2025-09-04T18:00,2025-09-04,18,22.2,74,0.0,0.0,0.0,0.0,3,Overcast,94,,15.7,40.7,Cloudy,71.96
2025-09-04T19:00,2025-09-04,19,21.8,76,0.0,0.0,0.0,0.0,3,Overcast,100,,15.4,36.4,Cloudy,71.24000000000001
2025-09-04T20:00,2025-09-04,20,22.0,77,0.4,0.4,0.0,0.0,51,Light Drizzle,100,,12.3,33.1,Rain,71.6
2025-09-04T21:00,2025-09-04,21,21.5,78,0.6,0.6,0.0,0.0,53,Moderate Drizzle,100,,11.1,27.0,Rain,70.7
2025-09-04T22:00,2025-09-04,22,20.5,82,0.4,0.4,0.0,0.0,51,Light Drizzle,100,,13.0,29.2,Rain,68.9
2025-09-04T23:00,2025-09-04,23,19.8,88,1.9,1.9,0.0,0.0,61,Slight Rain,100,,9.4,35.3,Rain,67.64
2025-09-05T00:00,2025-09-05,0,19.2,92,2.0,2.0,0.0,0.0,61,Slight Rain,100,,13.7,31.0,Rain,66.56
2025-09-05T01:00,2025-09-05,1,19.2,91,1.0,1.0,0.0,0.0,55,Dense Drizzle,78,,12.4,28.1,Rain,66.56
2025-09-05T02:00,2025-09-05,2,19.2,91,0.2,0.2,0.0,0.0,51,Light Drizzle,17,,9.8,23.8,Rain,66.56
2025-09-05T03:00,2025-09-05,3,18.9,94,0.0,0.0,0.0,0.0,0,Clear,19,,6.8,19.8,Clear,66.02
2025-09-05T04:00,2025-09-05,4,18.4,95,0.0,0.0,0.0,0.0,0,Clear,3,,4.9,13.7,Clear,65.12
2025-09-05T05:00,2025-09-05,5,18.1,97,0.0,0.0,0.0,0.0,0,Clear,0,,4.5,10.8,Clear,64.58
2025-09-05T06:00,2025-09-05,6,18.5,97,0.0,0.0,0.0,0.0,0,Clear,1,,4.3,9.7,Clear,65.3
2025-09-05T07:00,2025-09-05,7,20.0,90,0.0,0.0,0.0,0.0,3,Overcast,100,,9.4,19.8,Cloudy,68.0
2025-09-05T08:00,2025-09-05,8,22.2,83,0.0,0.0,0.0,0.0,2,Partly Cloudy,55,,7.3,20.2,Cloudy,71.96
2025-09-05T09:00,2025-09-05,9,23.7,74,0.0,0.0,0.0,0.0,1,Mainly Clear,35,,7.2,20.9,Clear,74.66
2025-09-05T10:00,2025-09-05,10,25.0,66,0.0,0.0,0.0,0.0,0,Clear,12,,7.4,22.7,Clear,77.0
2025-09-05T11:00,2025-09-05,11,26.0,62,0.0,0.0,0.0,0.0,0,Clear,10,,10.2,28.4,Clear,78.8
2025-09-05T12:00,2025-09-05,12,27.0,57,0.0,0.0,0.0,0.0,1,Mainly Clear,22,,13.0,33.8,Clear,80.6
2025-09-05T13:00,2025-09-05,13,28.1,51,0.0,0.0,0.0,0.0,1,Mainly Clear,37,,15.7,38.5,Clear,82.58
2025-09-05T14:00,2025-09-05,14,28.2,54,0.0,0.0,0.0,0.0,1,Mainly Clear,31,,13.9,39.6,Clear,82.75999999999999
2025-09-05T15:00,2025-09-05,15,28.5,54,0.0,0.0,0.0,0.0,2,Partly Cloudy,62,,12.7,35.6,Cloudy,83.3
2025-09-05T16:00,2025-09-05,16,28.0,58,0.0,0.0,0.0,0.0,1,Mainly Clear,40,,10.5,32.4,Clear,82.4
2025-09-05T17:00,2025-09-05,17,28.1,57,0.0,0.0,0.0,0.0,3,Overcast,82,,8.1,26.3,Cloudy,82.58
2025-09-05T18:00,2025-09-05,18,27.1,54,0.0,0.0,0.0,0.0,0,Clear,5,,11.2,25.9,Clear,80.78
2025-09-05T19:00,2025-09-05,19,25.5,61,0.0,0.0,0.0,0.0,0,Clear,7,,7.9,25.2,Clear,77.9
2025-09-05T20:00,2025-09-05,20,24.8,72,0.0,0.0,0.0,0.0,0,Clear,7,,9.9,23.8,Clear,76.64
2025-09-05T21:00,2025-09-05,21,24.4,77,0.0,0.0,0.0,0.0,0,Clear,3,,10.8,23.4,Clear,75.92
2025-09-05T22:00,2025-09-05,22,23.9,79,0.0,0.0,0.0,0.0,0,Clear,3,,11.6,24.8,Clear,75.02
2025-09-05T23:00,2025-09-05,23,23.5,81,0.0,0.0,0.0,0.0,0,Clear,2,,11.8,26.6,Clear,74.3
2025-09-06T00:00,2025-09-06,0,23.4,81,0.0,0.0,0.0,0.0,0,Clear,5,,11.6,25.9,Clear,74.12
2025-09-06T01:00,2025-09-06,1,23.1,82,0.0,0.0,0.0,0.0,0,Clear,1,,11.0,24.8,Clear,73.58
2025-09-06T02:00,2025-09-06,2,22.9,82,0.0,0.0,0.0,0.0,3,Overcast,98,,10.1,23.8,Cloudy,73.22
2025-09-06T03:00,2025-09-06,3,22.6,82,0.0,0.0,0.0,0.0,3,Overcast,97,,8.1,21.6,Cloudy,72.68
2025-09-06T04:00,2025-09-06,4,22.3,84,0.0,0.0,0.0,0.0,3,Overcast,96,,6.5,16.6,Cloudy,72.14
2025-09-06T05:00,2025-09-06,5,22.0,85,0.0,0.0,0.0,0.0,0,Clear,16,,6.5,13.7,Clear,71.6
2025-09-06T06:00,2025-09-06,6,21.9,86,0.0,0.0,0.0,0.0,0,Clear,18,,5.8,13.7,Clear,71.42
2025-09-06T07:00,2025-09-06,7,23.2,81,0.0,0.0,0.0,0.0,3,Overcast,91,,5.2,13.3,Cloudy,73.75999999999999
2025-09-06T08:00,2025-09-06,8,24.5,78,0.1,0.1,0.0,0.0,51,Light Drizzle,97,,7.5,20.2,Rain,76.1
2025-09-06T09:00,2025-09-06,9,26.0,73,0.0,0.0,0.0,0.0,0,Clear,18,,9.0,24.8,Clear,78.8
2025-09-06T10:00,2025-09-06,10,27.9,66,0.0,0.0,0.0,0.0,3,Overcast,100,,10.7,28.8,Cloudy,82.22
2025-09-06T11:00,2025-09-06,11,29.2,62,0.0,0.0,0.0,0.0,3,Overcast,100,,12.2,32.8,Cloudy,84.56
2025-09-06T12:00,2025-09-06,12,30.1,59,0.0,0.0,0.0,0.0,3,Overcast,100,,14.7,45.0,Cloudy,86.18
2025-09-06T13:00,2025-09-06,13,24.3,83,5.1,5.1,0.0,0.0,63,Moderate Rain,99,,19.0,50.8,Rain,75.74000000000001
2025-09-06T14:00,2025-09-06,14,26.0,75,0.3,0.3,0.0,0.0,51,Light Drizzle,86,,10.5,43.2,Rain,78.8
2025-09-06T15:00,2025-09-06,15,26.9,73,0.1,0.1,0.0,0.0,51,Light Drizzle,100,,9.4,30.6,Rain,80.42
2025-09-06T16:00,2025-09-06,16,23.3,88,1.7,1.7,0.0,0.0,61,Slight Rain,100,,8.7,31.0,Rain,73.94
2025-09-06T17:00,2025-09-06,17,22.0,93,7.8,7.8,0.0,0.0,65,Heavy Rain,100,,9.3,23.4,Rain,71.6
2025-09-06T18:00,2025-09-06,18,21.8,94,0.7,0.7,0.0,0.0,53,Moderate Drizzle,100,,5.2,22.0,Rain,71.24000000000001
2025-09-06T19:00,2025-09-06,19,21.6,95,0.0,0.0,0.0,0.0,3,Overcast,100,,3.7,10.4,Cloudy,70.88
2025-09-06T20:00,2025-09-06,20,21.4,93,1.2,1.2,0.0,0.0,55,Dense Drizzle,100,,9.9,20.5,Rain,70.52
2025-09-06T21:00,2025-09-06,21,19.9,94,2.4,2.4,0.0,0.0,61,Slight Rain,100,,9.6,22.0,Rain,67.82
2025-09-06T22:00,2025-09-06,22,19.1,91,1.0,1.0,0.0,0.0,55,Dense Drizzle,100,,8.3,19.4,Rain,66.38
2025-09-06T23:00,2025-09-06,23,18.8,92,0.4,0.4,0.0,0.0,51,Light Drizzle,100,,6.9,16.6,Rain,65.84
2025-09-07T00:00,2025-09-07,0,18.5,93,0.6,0.6,0.0,0.0,53,Moderate Drizzle,100,,6.4,14.8,Rain,65.3
2025-09-07T01:00,2025-09-07,1,18.1,95,2.0,2.0,0.0,0.0,61,Slight Rain,100,,6.6,13.7,Rain,64.58
2025-09-07T02:00,2025-09-07,2,17.9,94,0.5,0.5,0.0,0.0,53,Moderate Drizzle,100,,5.4,13.0,Rain,64.22
2025-09-07T03:00,2025-09-07,3,17.6,95,0.5,0.5,0.0,0.0,53,Moderate Drizzle,100,,5.1,10.8,Rain,63.68
2025-09-07T04:00,2025-09-07,4,17.5,94,0.2,0.2,0.0,0.0,51,Light Drizzle,100,,6.0,12.2,Rain,63.5
2025-09-07T05:00,2025-09-07,5,17.4,93,0.2,0.2,0.0,0.0,51,Light Drizzle,100,,6.2,13.0,Rain,63.32
2025-09-07T06:00,2025-09-07,6,17.2,94,2.0,2.0,0.0,0.0,61,Slight Rain,100,,4.7,16.2,Rain,62.959999999999994
2025-09-07T07:00,2025-09-07,7,17.0,94,5.3,5.3,0.0,0.0,63,Moderate Rain,100,,6.1,15.5,Rain,62.6
2025-09-07T08:00,2025-09-07,8,16.8,92,3.4,3.4,0.0,0.0,63,Moderate Rain,100,,2.0,9.4,Rain,62.24
2025-09-07T09:00,2025-09-07,9,17.1,88,0.4,0.4,0.0,0.0,51,Light Drizzle,100,,2.1,8.3,Rain,62.78
2025-09-07T10:00,2025-09-07,10,18.5,81,0.5,0.5,0.0,0.0,53,Moderate Drizzle,100,,5.1,15.8,Rain,65.3
2025-09-07T11:00,2025-09-07,11,18.4,82,1.0,1.0,0.0,0.0,55,Dense Drizzle,100,,6.9,17.6,Rain,65.12
2025-09-07T12:00,2025-09-07,12,19.0,79,0.6,0.6,0.0,0.0,53,Moderate Drizzle,100,,5.6,17.6,Rain,66.2
2025-09-07T13:00,2025-09-07,13,19.2,76,0.1,0.1,0.0,0.0,51,Light Drizzle,100,,5.2,15.8,Rain,66.56
2025-09-07T14:00,2025-09-07,14,19.6,70,0.0,0.0,0.0,0.0,3,Overcast,100,,2.9,14.8,Cloudy,67.28
2025-09-07T15:00,2025-09-07,15,20.0,67,0.0,0.0,0.0,0.0,3,Overcast,99,,3.0,10.8,Cloudy,68.0
2025-09-07T16:00,2025-09-07,16,20.8,66,0.0,0.0,0.0,0.0,3,Overcast,99,,4.0,13.0,Cloudy,69.44
2025-09-07T17:00,2025-09-07,17,20.5,68,0.0,0.0,0.0,0.0,3,Overcast,85,,5.9,15.1,Cloudy,68.9
2025-09-07T18:00,2025-09-07,18,19.5,75,0.0,0.0,0.0,0.0,2,Partly Cloudy,73,,4.7,14.4,Cloudy,67.1
2025-09-07T19:00,2025-09-07,19,18.4,80,0.0,0.0,0.0,0.0,3,Overcast,99,,4.5,10.4,Cloudy,65.12
2025-09-07T20:00,2025-09-07,20,18.2,83,0.0,0.0,0.0,0.0,0,Clear,15,,3.0,7.9,Clear,64.75999999999999
2025-09-07T21:00,2025-09-07,21,18.4,83,0.1,0.1,0.0,0.0,51,Light Drizzle,36,,6.3,11.9,Rain,65.12
2025-09-07T22:00,2025-09-07,22,17.8,69,0.0,0.0,0.0,0.0,1,Mainly Clear,40,,9.4,20.5,Clear,64.04
2025-09-07T23:00,2025-09-07,23,17.0,68,0.0,0.0,0.0,0.0,2,Partly Cloudy,58,,7.1,20.2,Cloudy,62.6
2025-09-08T00:00,2025-09-08,0,16.6,69,0.0,0.0,0.0,0.0,3,Overcast,100,,7.7,17.6,Cloudy,61.88
2025-09-08T01:00,2025-09-08,1,16.0,73,0.0,0.0,0.0,0.0,0,Clear,5,,6.0,17.3,Clear,60.8
2025-09-08T02:00,2025-09-08,2,15.3,77,0.0,0.0,0.0,0.0,0,Clear,7,,5.5,13.0,Clear,59.540000000000006
2025-09-08T03:00,2025-09-08,3,14.6,78,0.0,0.0,0.0,0.0,0,Clear,19,,6.7,14.4,Clear,58.28
2025-09-08T04:00,2025-09-08,4,13.8,77,0.0,0.0,0.0,0.0,1,Mainly Clear,25,,6.6,14.8,Clear,56.84
2025-09-08T05:00,2025-09-08,5,13.1,76,0.0,0.0,0.0,0.0,0,Clear,2,,5.9,14.8,Clear,55.58
2025-09-08T06:00,2025-09-08,6,13.1,76,0.0,0.0,0.0,0.0,0,Clear,0,,5.9,13.0,Clear,55.58
2025-09-08T07:00,2025-09-08,7,14.4,74,0.0,0.0,0.0,0.0,0,Clear,0,,7.1,15.8,Clear,57.92
2025-09-08T08:00,2025-09-08,8,15.9,68,0.0,0.0,0.0,0.0,0,Clear,0,,6.6,18.4,Clear,60.62
2025-09-08T09:00,2025-09-08,9,17.9,60,0.0,0.0,0.0,0.0,0,Clear,12,,7.6,21.6,Clear,64.22
2025-09-08T10:00,2025-09-08,10,19.2,53,0.0,0.0,0.0,0.0,2,Partly Cloudy,58,,9.2,25.9,Cloudy,66.56
2025-09-08T11:00,2025-09-08,11,20.1,49,0.0,0.0,0.0,0.0,0,Clear,0,,8.6,26.6,Clear,68.18
2025-09-08T12:00,2025-09-08,12,20.9,47,0.0,0.0,0.0,0.0,0,Clear,0,,7.3,25.2,Clear,69.62
2025-09-08T13:00,2025-09-08,13,21.4,45,0.0,0.0,0.0,0.0,0,Clear,0,,7.3,23.0,Clear,70.52
2025-09-08T14:00,2025-09-08,14,21.6,44,0.0,0.0,0.0,0.0,0,Clear,0,,7.6,23.4,Clear,70.88
2025-09-08T15:00,2025-09-08,15,21.6,43,0.0,0.0,0.0,0.0,0,Clear,0,,7.9,23.0,Clear,70.88
2025-09-08T16:00,2025-09-08,16,21.2,44,0.0,0.0,0.0,0.0,0,Clear,6,,7.3,22.3,Clear,70.16
2025-09-08T17:00,2025-09-08,17,20.7,47,0.0,0.0,0.0,0.0,0,Clear,0,,5.7,19.4,Clear,69.25999999999999
2025-09-08T18:00,2025-09-08,18,18.9,62,0.0,0.0,0.0,0.0,0,Clear,0,,4.3,14.0,Clear,66.02
2025-09-08T19:00,2025-09-08,19,17.8,66,0.0,0.0,0.0,0.0,0,Clear,0,,4.9,10.4,Clear,64.04
2025-09-08T20:00,2025-09-08,20,17.5,70,0.0,0.0,0.0,0.0,0,Clear,0,,1.1,3.6,Clear,63.5
2025-09-08T21:00,2025-09-08,21,16.5,77,0.0,0.0,0.0,0.0,0,Clear,0,,2.7,5.0,Clear,61.7
2025-09-08T22:00,2025-09-08,22,16.0,82,0.0,0.0,0.0,0.0,0,Clear,0,,3.6,8.3,Clear,60.8
2025-09-08T23:00,2025-09-08,23,15.4,84,0.0,0.0,0.0,0.0,0,Clear,0,,3.9,7.9,Clear,59.72
2025-09-09T00:00,2025-09-09,0,15.1,83,0.0,0.0,0.0,0.0,0,Clear,0,,4.5,9.7,Clear,59.18
2025-09-09T01:00,2025-09-09,1,14.6,84,0.0,0.0,0.0,0.0,0,Clear,0,,4.5,9.7,Clear,58.28
2025-09-09T02:00,2025-09-09,2,14.1,89,0.0,0.0,0.0,0.0,0,Clear,0,,4.6,9.7,Clear,57.379999999999995
2025-09-09T03:00,2025-09-09,3,13.8,92,0.0,0.0,0.0,0.0,0,Clear,0,,4.8,10.4,Clear,56.84
2025-09-09T04:00,2025-09-09,4,13.5,93,0.0,0.0,0.0,0.0,0,Clear,0,,4.7,10.4,Clear,56.3
2025-09-09T05:00,2025-09-09,5,13.2,93,0.0,0.0,0.0,0.0,0,Clear,0,,5.9,12.6,Clear,55.76
2025-09-09T06:00,2025-09-09,6,13.2,91,0.0,0.0,0.0,0.0,0,Clear,1,,6.4,13.7,Clear,55.76
2025-09-09T07:00,2025-09-09,7,14.6,85,0.0,0.0,0.0,0.0,0,Clear,2,,6.3,15.5,Clear,58.28
2025-09-09T08:00,2025-09-09,8,15.9,76,0.0,0.0,0.0,0.0,0,Clear,0,,7.1,19.1,Clear,60.62
2025-09-09T09:00,2025-09-09,9,18.1,68,0.0,0.0,0.0,0.0,0,Clear,0,,8.2,23.4,Clear,64.58
2025-09-09T10:00,2025-09-09,10,19.9,57,0.0,0.0,0.0,0.0,0,Clear,0,,11.2,29.5,Clear,67.82
2025-09-09T11:00,2025-09-09,11,20.9,46,0.0,0.0,0.0,0.0,0,Clear,0,,12.8,33.8,Clear,69.62
2025-09-09T12:00,2025-09-09,12,21.4,48,0.0,0.0,0.0,0.0,0,Clear,1,,11.5,33.8,Clear,70.52
2025-09-09T13:00,2025-09-09,13,21.9,50,0.0,0.0,0.0,0.0,0,Clear,19,,9.5,31.3,Clear,71.42
2025-09-09T14:00,2025-09-09,14,22.2,50,0.0,0.0,0.0,0.0,3,Overcast,90,,8.2,27.7,Cloudy,71.96
2025-09-09T15:00,2025-09-09,15,22.2,50,0.0,0.0,0.0,0.0,3,Overcast,97,,8.1,24.8,Cloudy,71.96
2025-09-09T16:00,2025-09-09,16,21.8,52,0.0,0.0,0.0,0.0,3,Overcast,100,,9.9,25.6,Cloudy,71.24000000000001
2025-09-09T17:00,2025-09-09,17,20.8,58,0.0,0.0,0.0,0.0,1,Mainly Clear,44,,11.3,26.3,Clear,69.44
2025-09-09T18:00,2025-09-09,18,19.2,64,0.0,0.0,0.0,0.0,0,Clear,1,,10.5,27.0,Clear,66.56
2025-09-09T19:00,2025-09-09,19,18.1,65,0.0,0.0,0.0,0.0,0,Clear,0,,8.1,24.1,Clear,64.58
2025-09-09T20:00,2025-09-09,20,17.7,71,0.0,0.0,0.0,0.0,0,Clear,3,,5.3,17.6,Clear,63.86
2025-09-09T21:00,2025-09-09,21,17.2,71,0.0,0.0,0.0,0.0,3,Overcast,100,,6.2,14.0,Cloudy,62.959999999999994
2025-09-09T22:00,2025-09-09,22,16.8,73,0.0,0.0,0.0,0.0,3,Overcast,100,,7.4,16.2,Cloudy,62.24
2025-09-09T23:00,2025-09-09,23,16.5,76,0.0,0.0,0.0,0.0,3,Overcast,100,,7.7,17.3,Cloudy,61.7
2025-09-10T00:00,2025-09-10,0,16.5,80,0.0,0.0,0.0,0.0,3,Overcast,100,,7.3,16.9,Cloudy,61.7
2025-09-10T01:00,2025-09-10,1,16.5,82,0.0,0.0,0.0,0.0,3,Overcast,100,,8.1,18.0,Cloudy,61.7
2025-09-10T02:00,2025-09-10,2,16.1,81,0.0,0.0,0.0,0.0,3,Overcast,100,,9.6,21.2,Cloudy,60.980000000000004
2025-09-10T03:00,2025-09-10,3,15.8,79,0.0,0.0,0.0,0.0,3,Overcast,100,,10.4,23.0,Cloudy,60.440000000000005
2025-09-10T04:00,2025-09-10,4,15.6,77,0.0,0.0,0.0,0.0,3,Overcast,100,,10.0,23.8,Cloudy,60.08
2025-09-10T05:00,2025-09-10,5,15.6,76,0.0,0.0,0.0,0.0,3,Overcast,100,,10.8,24.5,Cloudy,60.08
2025-09-10T06:00,2025-09-10,6,15.6,75,0.0,0.0,0.0,0.0,3,Overcast,100,,11.7,27.4,Cloudy,60.08
2025-09-10T07:00,2025-09-10,7,15.8,76,0.0,0.0,0.0,0.0,3,Overcast,100,,9.9,27.4,Cloudy,60.440000000000005
2025-09-10T08:00,2025-09-10,8,15.2,92,1.4,1.4,0.0,0.0,61,Slight Rain,100,,13.8,28.8,Rain,59.36
2025-09-10T09:00,2025-09-10,9,15.7,92,1.5,1.5,0.0,0.0,61,Slight Rain,100,,12.9,29.5,Rain,60.26
2025-09-10T10:00,2025-09-10,10,16.4,89,1.0,1.0,0.0,0.0,55,Dense Drizzle,100,,10.3,25.2,Rain,61.519999999999996
2025-09-10T11:00,2025-09-10,11,16.9,88,0.8,0.8,0.0,0.0,53,Moderate Drizzle,100,,11.3,25.6,Rain,62.42
2025-09-10T12:00,2025-09-10,12,18.0,83,0.3,0.3,0.0,0.0,51,Light Drizzle,99,,12.2,30.2,Rain,64.4
2025-09-10T13:00,2025-09-10,13,19.5,75,0.0,0.0,0.0,0.0,3,Overcast,99,,11.7,29.9,Cloudy,67.1
2025-09-10T14:00,2025-09-10,14,20.4,71,0.0,0.0,0.0,0.0,3,Overcast,100,,11.2,29.2,Cloudy,68.72
2025-09-10T15:00,2025-09-10,15,20.4,70,0.0,0.0,0.0,0.0,3,Overcast,100,,10.4,27.7,Cloudy,68.72
2025-09-10T16:00,2025-09-10,16,20.6,68,0.0,0.0,0.0,0.0,3,Overcast,100,,9.4,25.6,Cloudy,69.08
2025-09-10T17:00,2025-09-10,17,20.4,69,0.0,0.0,0.0,0.0,0,Clear,4,,9.0,23.0,Clear,68.72
2025-09-10T18:00,2025-09-10,18,19.6,72,0.0,0.0,0.0,0.0,1,Mainly Clear,26,,7.3,20.2,Clear,67.28
2025-09-10T19:00,2025-09-10,19,18.9,75,0.0,0.0,0.0,0.0,0,Clear,2,,6.7,15.8,Clear,66.02
2025-09-10T20:00,2025-09-10,20,20.6,69,0.0,0.0,0.0,0.0,3,Overcast,91,,3.5,10.1,Cloudy,69.08
2025-09-10T21:00,2025-09-10,21,20.3,67,0.0,0.0,0.0,0.0,3,Overcast,97,,5.5,11.2,Cloudy,68.54
2025-09-10T22:00,2025-09-10,22,19.8,70,0.0,0.0,0.0,0.0,0,Clear,2,,4.9,11.5,Clear,67.64
2025-09-10T23:00,2025-09-10,23,19.1,73,0.0,0.0,0.0,0.0,0,Clear,0,,5.8,11.9,Clear,66.38
2025-09-11T00:00,2025-09-11,0,18.1,77,0.0,0.0,0.0,0.0,0,Clear,0,,6.7,14.0,Clear,64.58
2025-09-11T01:00,2025-09-11,1,17.5,79,0.0,0.0,0.0,0.0,0,Clear,0,,6.6,14.0,Clear,63.5
2025-09-11T02:00,2025-09-11,2,16.9,78,0.0,0.0,0.0,0.0,0,Clear,4,,6.7,14.0,Clear,62.42
2025-09-11T03:00,2025-09-11,3,16.3,79,0.0,0.0,0.0,0.0,0,Clear,5,,6.0,14.0,Clear,61.34
2025-09-11T04:00,2025-09-11,4,15.9,79,0.0,0.0,0.0,0.0,0,Clear,0,,6.0,12.6,Clear,60.62
2025-09-11T05:00,2025-09-11,5,15.4,80,0.0,0.0,0.0,0.0,0,Clear,0,,5.4,12.2,Clear,59.72
2025-09-11T06:00,2025-09-11,6,15.4,80,0.0,0.0,0.0,0.0,0,Clear,0,,5.8,11.9,Clear,59.72
2025-09-11T07:00,2025-09-11,7,16.6,77,0.0,0.0,0.0,0.0,0,Clear,0,,5.8,13.3,Clear,61.88
2025-09-11T08:00,2025-09-11,8,18.7,70,0.0,0.0,0.0,0.0,0,Clear,0,,4.9,15.8,Clear,65.66
2025-09-11T09:00,2025-09-11,9,21.1,59,0.0,0.0,0.0,0.0,0,Clear,0,,5.0,17.6,Clear,69.98
2025-09-11T10:00,2025-09-11,10,23.5,47,0.0,0.0,0.0,0.0,0,Clear,15,,6.1,20.5,Clear,74.3
2025-09-11T11:00,2025-09-11,11,25.1,37,0.0,0.0,0.0,0.0,3,Overcast,93,,8.6,25.9,Cloudy,77.18
2025-09-11T12:00,2025-09-11,12,26.0,33,0.0,0.0,0.0,0.0,1,Mainly Clear,42,,9.2,27.4,Clear,78.8
2025-09-11T13:00,2025-09-11,13,26.6,31,0.0,0.0,0.0,0.0,0,Clear,2,,10.3,29.5,Clear,79.88
2025-09-11T14:00,2025-09-11,14,26.9,30,0.0,0.0,0.0,0.0,0,Clear,6,,12.1,32.8,Clear,80.42
2025-09-11T15:00,2025-09-11,15,26.6,29,0.0,0.0,0.0,0.0,1,Mainly Clear,43,,13.6,35.3,Clear,79.88
2025-09-11T16:00,2025-09-11,16,26.0,29,0.0,0.0,0.0,0.0,1,Mainly Clear,33,,13.2,35.3,Clear,78.8
2025-09-11T17:00,2025-09-11,17,25.2,32,0.0,0.0,0.0,0.0,0,Clear,4,,11.2,32.8,Clear,77.36
2025-09-11T18:00,2025-09-11,18,23.8,39,0.0,0.0,0.0,0.0,0,Clear,0,,5.8,26.3,Clear,74.84
2025-09-11T19:00,2025-09-11,19,22.2,48,0.0,0.0,0.0,0.0,0,Clear,0,,5.1,12.6,Clear,71.96
2025-09-11T20:00,2025-09-11,20,21.6,56,0.0,0.0,0.0,0.0,0,Clear,0,,2.6,5.0,Clear,70.88
2025-09-11T21:00,2025-09-11,21,21.2,57,0.0,0.0,0.0,0.0,0,Clear,0,,1.4,4.7,Clear,70.16
2025-09-11T22:00,2025-09-11,22,20.4,59,0.0,0.0,0.0,0.0,0,Clear,0,,0.9,2.2,Clear,68.72
2025-09-11T23:00,2025-09-11,23,19.1,65,0.0,0.0,0.0,0.0,0,Clear,0,,2.4,5.8,Clear,66.38
2025-09-12T00:00,2025-09-12,0,18.2,71,0.0,0.0,0.0,0.0,0,Clear,0,,3.6,7.2,Clear,64.75999999999999
2025-09-12T01:00,2025-09-12,1,17.8,75,0.0,0.0,0.0,0.0,0,Clear,0,,3.4,7.6,Clear,64.04
2025-09-12T02:00,2025-09-12,2,17.4,76,0.0,0.0,0.0,0.0,0,Clear,1,,4.9,9.7,Clear,63.32
2025-09-12T03:00,2025-09-12,3,17.4,72,0.0,0.0,0.0,0.0,0,Clear,0,,7.6,15.5,Clear,63.32
2025-09-12T04:00,2025-09-12,4,16.9,74,0.0,0.0,0.0,0.0,0,Clear,0,,7.4,15.8,Clear,62.42
2025-09-12T05:00,2025-09-12,5,16.5,77,0.0,0.0,0.0,0.0,0,Clear,0,,7.5,15.8,Clear,61.7
2025-09-12T06:00,2025-09-12,6,16.3,78,0.0,0.0,0.0,0.0,0,Clear,0,,8.0,16.6,Clear,61.34
2025-09-12T07:00,2025-09-12,7,17.6,71,0.0,0.0,0.0,0.0,0,Clear,2,,8.0,18.4,Clear,63.68
2025-09-12T08:00,2025-09-12,8,19.5,61,0.0,0.0,0.0,0.0,0,Clear,10,,8.5,22.7,Clear,67.1
2025-09-12T09:00,2025-09-12,9,21.5,52,0.0,0.0,0.0,0.0,1,Mainly Clear,49,,8.6,25.6,Clear,70.7
2025-09-12T10:00,2025-09-12,10,23.0,48,0.0,0.0,0.0,0.0,2,Partly Cloudy,66,,8.6,25.6,Cloudy,73.4
2025-09-12T11:00,2025-09-12,11,23.8,44,0.0,0.0,0.0,0.0,3,Overcast,92,,7.8,25.6,Cloudy,74.84
2025-09-12T12:00,2025-09-12,12,24.9,40,0.0,0.0,0.0,0.0,0,Clear,14,,6.5,23.8,Clear,76.82
2025-09-12T13:00,2025-09-12,13,26.0,38,0.0,0.0,0.0,0.0,0,Clear,7,,5.6,22.3,Clear,78.8
2025-09-12T14:00,2025-09-12,14,27.4,34,0.0,0.0,0.0,0.0,3,Overcast,99,,6.5,22.0,Cloudy,81.32
2025-09-12T15:00,2025-09-12,15,27.1,34,0.0,0.0,0.0,0.0,3,Overcast,86,,4.6,22.0,Cloudy,80.78
2025-09-12T16:00,2025-09-12,16,26.6,34,0.0,0.0,0.0,0.0,3,Overcast,100,,1.0,16.6,Cloudy,79.88
2025-09-12T17:00,2025-09-12,17,25.2,39,0.0,0.0,0.0,0.0,3,Overcast,93,,5.7,16.2,Cloudy,77.36
2025-09-12T18:00,2025-09-12,18,22.7,57,0.0,0.0,0.0,0.0,3,Overcast,90,,11.4,26.6,Cloudy,72.86
2025-09-12T19:00,2025-09-12,19,20.9,66,0.0,0.0,0.0,0.0,2,Partly Cloudy,58,,8.9,26.6,Cloudy,69.62
2025-09-12T20:00,2025-09-12,20,20.0,70,0.0,0.0,0.0,0.0,0,Clear,8,,6.1,23.0,Clear,68.0
2025-09-12T21:00,2025-09-12,21,19.9,72,0.0,0.0,0.0,0.0,1,Mainly Clear,21,,4.9,13.0,Clear,67.82
2025-09-12T22:00,2025-09-12,22,19.5,76,0.0,0.0,0.0,0.0,1,Mainly Clear,39,,5.2,11.9,Clear,67.1
2025-09-12T23:00,2025-09-12,23,19.1,81,0.0,0.0,0.0,0.0,1,Mainly Clear,27,,4.2,11.2,Clear,66.38
2025-09-13T00:00,2025-09-13,0,18.8,84,0.0,0.0,0.0,0.0,0,Clear,2,,4.0,10.4,Clear,65.84
2025-09-13T01:00,2025-09-13,1,18.2,88,0.0,0.0,0.0,0.0,0,Clear,8,,1.6,9.0,Clear,64.75999999999999
2025-09-13T02:00,2025-09-13,2,17.8,90,0.0,0.0,0.0,0.0,0,Clear,8,,0.3,3.2,Clear,64.04
2025-09-13T03:00,2025-09-13,3,17.2,92,0.0,0.0,0.0,0.0,0,Clear,3,,0.6,2.2,Clear,62.959999999999994
2025-09-13T04:00,2025-09-13,4,16.7,95,0.0,0.0,0.0,0.0,0,Clear,1,,0.6,1.8,Clear,62.059999999999995
2025-09-13T05:00,2025-09-13,5,16.3,97,0.0,0.0,0.0,0.0,0,Clear,2,,0.3,1.8,Clear,61.34
2025-09-13T06:00,2025-09-13,6,16.2,99,0.0,0.0,0.0,0.0,0,Clear,4,,1.0,2.2,Clear,61.16
2025-09-13T07:00,2025-09-13,7,17.9,89,0.0,0.0,0.0,0.0,0,Clear,5,,0.4,7.2,Clear,64.22
2025-09-13T08:00,2025-09-13,8,19.0,82,0.0,0.0,0.0,0.0,3,Overcast,88,,1.5,9.0,Cloudy,66.2
2025-09-13T09:00,2025-09-13,9,20.5,77,0.0,0.0,0.0,0.0,0,Clear,11,,4.0,15.1,Clear,68.9
2025-09-13T10:00,2025-09-13,10,23.4,57,0.0,0.0,0.0,0.0,0,Clear,2,,5.8,21.2,Clear,74.12
2025-09-13T11:00,2025-09-13,11,25.0,49,0.0,0.0,0.0,0.0,0,Clear,6,,7.4,25.6,Clear,77.0
2025-09-13T12:00,2025-09-13,12,25.9,46,0.1,0.1,0.0,0.0,51,Light Drizzle,28,,8.0,27.7,Rain,78.62
2025-09-13T13:00,2025-09-13,13,26.5,44,0.0,0.0,0.0,0.0,1,Mainly Clear,36,,6.9,27.4,Clear,79.7
2025-09-13T14:00,2025-09-13,14,26.0,47,0.1,0.1,0.0,0.0,51,Light Drizzle,65,,8.0,25.9,Rain,78.8
2025-09-13T15:00,2025-09-13,15,24.3,58,0.5,0.5,0.0,0.0,53,Moderate Drizzle,54,,12.4,34.9,Rain,75.74000000000001
2025-09-13T16:00,2025-09-13,16,23.0,60,0.0,0.0,0.0,0.0,1,Mainly Clear,37,,12.7,34.6,Clear,73.4
2025-09-13T17:00,2025-09-13,17,22.6,63,0.0,0.0,0.0,0.0,1,Mainly Clear,30,,9.5,32.0,Clear,72.68
2025-09-13T18:00,2025-09-13,18,21.6,70,0.0,0.0,0.0,0.0,1,Mainly Clear,43,,11.1,25.2,Clear,70.88
2025-09-13T19:00,2025-09-13,19,20.8,74,0.0,0.0,0.0,0.0,1,Mainly Clear,29,,12.2,29.2,Clear,69.44
2025-09-13T20:00,2025-09-13,20,20.5,76,0.0,0.0,0.0,0.0,3,Overcast,87,,9.7,27.0,Cloudy,68.9
2025-09-13T21:00,2025-09-13,21,20.5,76,0.0,0.0,0.0,0.0,3,Overcast,100,,8.8,21.6,Cloudy,68.9
2025-09-13T22:00,2025-09-13,22,20.4,76,0.0,0.0,0.0,0.0,2,Partly Cloudy,52,,7.8,19.8,Cloudy,68.72
2025-09-13T23:00,2025-09-13,23,19.9,77,0.0,0.0,0.0,0.0,2,Partly Cloudy,58,,6.1,16.9,Cloudy,67.82
2025-09-14T00:00,2025-09-14,0,19.5,79,0.0,0.0,0.0,0.0,0,Clear,8,,7.1,15.1,Clear,67.1
2025-09-14T01:00,2025-09-14,1,19.0,81,0.0,0.0,0.0,0.0,1,Mainly Clear,45,,7.4,15.8,Clear,66.2
2025-09-14T02:00,2025-09-14,2,18.5,83,0.0,0.0,0.0,0.0,1,Mainly Clear,25,,4.9,15.5,Clear,65.3
2025-09-14T03:00,2025-09-14,3,17.9,87,0.0,0.0,0.0,0.0,0,Clear,9,,3.2,10.4,Clear,64.22
2025-09-14T04:00,2025-09-14,4,17.5,89,0.0,0.0,0.0,0.0,0,Clear,0,,1.3,6.8,Clear,63.5
2025-09-14T05:00,2025-09-14,5,17.2,91,0.0,0.0,0.0,0.0,0,Clear,0,,0.6,2.5,Clear,62.959999999999994
2025-09-14T06:00,2025-09-14,6,17.0,93,0.0,0.0,0.0,0.0,0,Clear,3,,0.7,1.8,Clear,62.6
2025-09-14T07:00,2025-09-14,7,18.8,84,0.0,0.0,0.0,0.0,0,Clear,0,,2.8,9.4,Clear,65.84
2025-09-14T08:00,2025-09-14,8,21.0,70,0.0,0.0,0.0,0.0,0,Clear,0,,3.6,14.4,Clear,69.8
2025-09-14T09:00,2025-09-14,9,23.4,59,0.0,0.0,0.0,0.0,0,Clear,19,,4.3,18.0,Clear,74.12
2025-09-14T10:00,2025-09-14,10,25.5,49,0.0,0.0,0.0,0.0,0,Clear,0,,5.3,20.5,Clear,77.9
2025-09-14T11:00,2025-09-14,11,27.3,40,0.0,0.0,0.0,0.0,0,Clear,5,,6.4,23.4,Clear,81.14
2025-09-14T12:00,2025-09-14,12,28.9,34,0.1,0.1,0.0,0.0,51,Light Drizzle,35,,6.3,23.4,Rain,84.02
2025-09-14T13:00,2025-09-14,13,29.8,30,0.1,0.1,0.0,0.0,51,Light Drizzle,61,,5.4,23.4,Rain,85.64
2025-09-14T14:00,2025-09-14,14,28.7,33,0.0,0.0,0.0,0.0,2,Partly Cloudy,73,,6.4,23.4,Cloudy,83.66
2025-09-14T15:00,2025-09-14,15,27.4,43,0.2,0.2,0.0,0.0,51,Light Drizzle,54,,8.0,27.4,Rain,81.32
2025-09-14T16:00,2025-09-14,16,26.2,52,0.1,0.1,0.0,0.0,51,Light Drizzle,30,,8.5,27.0,Rain,79.16
2025-09-14T17:00,2025-09-14,17,25.2,56,0.0,0.0,0.0,0.0,1,Mainly Clear,37,,8.7,25.9,Clear,77.36
2025-09-14T18:00,2025-09-14,18,23.5,64,0.0,0.0,0.0,0.0,2,Partly Cloudy,62,,9.3,23.8,Cloudy,74.3
2025-09-14T19:00,2025-09-14,19,22.0,71,0.0,0.0,0.0,0.0,1,Mainly Clear,20,,6.6,22.7,Clear,71.6
2025-09-14T20:00,2025-09-14,20,21.5,76,0.0,0.0,0.0,0.0,3,Overcast,100,,4.0,14.0,Cloudy,70.7
2025-09-14T21:00,2025-09-14,21,21.0,84,0.0,0.0,0.0,0.0,3,Overcast,99,,2.4,9.4,Cloudy,69.8
2025-09-14T22:00,2025-09-14,22,20.4,89,0.0,0.0,0.0,0.0,1,Mainly Clear,31,,1.4,6.1,Clear,68.72
2025-09-14T23:00,2025-09-14,23,20.0,90,0.0,0.0,0.0,0.0,3,Overcast,84,,1.4,3.6,Cloudy,68.0
2025-09-15T00:00,2025-09-15,0,19.6,90,0.0,0.0,0.0,0.0,3,Overcast,86,,0.6,4.7,Cloudy,67.28
2025-09-15T01:00,2025-09-15,1,19.0,95,0.0,0.0,0.0,0.0,3,Overcast,81,,2.7,6.1,Cloudy,66.2
2025-09-15T02:00,2025-09-15,2,18.6,96,0.0,0.0,0.0,0.0,3,Overcast,95,,1.8,5.8,Cloudy,65.48
2025-09-15T03:00,2025-09-15,3,18.4,95,0.0,0.0,0.0,0.0,3,Overcast,100,,2.2,6.1,Cloudy,65.12
2025-09-15T04:00,2025-09-15,4,18.0,98,0.0,0.0,0.0,0.0,3,Overcast,100,,2.9,5.8,Cloudy,64.4
2025-09-15T05:00,2025-09-15,5,18.0,96,0.0,0.0,0.0,0.0,3,Overcast,83,,4.8,9.0,Cloudy,64.4
2025-09-15T06:00,2025-09-15,6,17.9,92,0.0,0.0,0.0,0.0,1,Mainly Clear,29,,7.4,15.1,Clear,64.22
2025-09-15T07:00,2025-09-15,7,19.1,88,0.0,0.0,0.0,0.0,1,Mainly Clear,45,,8.7,21.2,Clear,66.38
2025-09-15T08:00,2025-09-15,8,20.1,86,0.0,0.0,0.0,0.0,2,Partly Cloudy,66,,9.8,25.2,Cloudy,68.18
2025-09-15T09:00,2025-09-15,9,22.5,73,0.0,0.0,0.0,0.0,2,Partly Cloudy,52,,8.3,26.3,Cloudy,72.5
2025-09-15T10:00,2025-09-15,10,24.8,57,0.0,0.0,0.0,0.0,0,Clear,15,,8.8,26.3,Clear,76.64
2025-09-15T11:00,2025-09-15,11,26.5,44,0.0,0.0,0.0,0.0,1,Mainly Clear,46,,9.9,29.5,Clear,79.7
2025-09-15T12:00,2025-09-15,12,27.6,37,0.0,0.0,0.0,0.0,1,Mainly Clear,21,,11.7,32.8,Clear,81.68
2025-09-15T13:00,2025-09-15,13,28.4,33,0.0,0.0,0.0,0.0,1,Mainly Clear,30,,12.1,33.8,Clear,83.12
2025-09-15T14:00,2025-09-15,14,28.5,31,0.0,0.0,0.0,0.0,3,Overcast,84,,11.4,33.8,Cloudy,83.3
2025-09-15T15:00,2025-09-15,15,28.1,30,0.0,0.0,0.0,0.0,1,Mainly Clear,46,,9.4,32.0,Clear,82.58
2025-09-15T16:00,2025-09-15,16,27.2,32,0.0,0.0,0.0,0.0,2,Partly Cloudy,56,,9.2,27.4,Cloudy,80.96
2025-09-15T17:00,2025-09-15,17,25.5,42,0.0,0.0,0.0,0.0,3,Overcast,100,,10.4,27.0,Cloudy,77.9
2025-09-15T18:00,2025-09-15,18,23.1,55,0.0,0.0,0.0,0.0,3,Overcast,98,,10.1,27.0,Cloudy,73.58
2025-09-15T19:00,2025-09-15,19,22.0,58,0.0,0.0,0.0,0.0,3,Overcast,100,,7.0,22.7,Cloudy,71.6
2025-09-15T20:00,2025-09-15,20,20.9,65,0.0,0.0,0.0,0.0,3,Overcast,98,,4.1,12.2,Cloudy,69.62
2025-09-15T21:00,2025-09-15,21,20.4,65,0.0,0.0,0.0,0.0,3,Overcast,100,,4.5,10.8,Cloudy,68.72
2025-09-15T22:00,2025-09-15,22,19.8,69,0.0,0.0,0.0,0.0,3,Overcast,100,,3.6,10.1,Cloudy,67.64
2025-09-15T23:00,2025-09-15,23,19.5,68,0.0,0.0,0.0,0.0,3,Overcast,100,,4.5,10.1,Cloudy,67.1
2025-09-16T00:00,2025-09-16,0,19.4,69,0.0,0.0,0.0,0.0,3,Overcast,100,,5.5,12.6,Cloudy,66.92
2025-09-16T01:00,2025-09-16,1,19.0,73,0.0,0.0,0.0,0.0,3,Overcast,100,,6.2,13.3,Cloudy,66.2
2025-09-16T02:00,2025-09-16,2,18.5,77,0.0,0.0,0.0,0.0,3,Overcast,100,,5.8,13.3,Cloudy,65.3
2025-09-16T03:00,2025-09-16,3,18.3,80,0.0,0.0,0.0,0.0,3,Overcast,100,,5.8,12.6,Cloudy,64.94
2025-09-16T04:00,2025-09-16,4,18.2,83,0.0,0.0,0.0,0.0,3,Overcast,99,,7.6,16.2,Cloudy,64.75999999999999
2025-09-16T05:00,2025-09-16,5,17.9,88,0.0,0.0,0.0,0.0,3,Overcast,90,,8.2,17.6,Cloudy,64.22
2025-09-16T06:00,2025-09-16,6,17.5,91,0.0,0.0,0.0,0.0,1,Mainly Clear,39,,9.6,20.9,Clear,63.5
2025-09-16T07:00,2025-09-16,7,18.5,81,0.0,0.0,0.0,0.0,3,Overcast,87,,9.5,25.2,Cloudy,65.3
2025-09-16T08:00,2025-09-16,8,19.2,74,0.0,0.0,0.0,0.0,3,Overcast,100,,9.8,24.8,Cloudy,66.56
2025-09-16T09:00,2025-09-16,9,20.6,64,0.0,0.0,0.0,0.0,3,Overcast,100,,10.0,26.3,Cloudy,69.08
2025-09-16T10:00,2025-09-16,10,22.4,53,0.0,0.0,0.0,0.0,3,Overcast,100,,11.5,29.9,Cloudy,72.32
2025-09-16T11:00,2025-09-16,11,23.6,45,0.0,0.0,0.0,0.0,3,Overcast,100,,14.4,37.1,Cloudy,74.48
2025-09-16T12:00,2025-09-16,12,24.5,40,0.0,0.0,0.0,0.0,3,Overcast,100,,16.9,43.6,Cloudy,76.1
2025-09-16T13:00,2025-09-16,13,23.2,43,0.0,0.0,0.0,0.0,3,Overcast,100,,17.0,43.9,Cloudy,73.75999999999999
2025-09-16T14:00,2025-09-16,14,23.1,44,0.0,0.0,0.0,0.0,3,Overcast,100,,14.9,42.1,Cloudy,73.58
2025-09-16T15:00,2025-09-16,15,23.5,42,0.0,0.0,0.0,0.0,3,Overcast,100,,14.4,37.1,Cloudy,74.3
2025-09-16T16:00,2025-09-16,16,22.3,42,0.0,0.0,0.0,0.0,3,Overcast,94,,13.2,36.0,Cloudy,72.14
2025-09-16T17:00,2025-09-16,17,22.1,40,0.0,0.0,0.0,0.0,1,Mainly Clear,31,,13.0,32.0,Clear,71.78
2025-09-16T18:00,2025-09-16,18,20.8,45,0.0,0.0,0.0,0.0,3,Overcast,90,,11.3,30.2,Cloudy,69.44
2025-09-16T19:00,2025-09-16,19,20.0,51,0.0,0.0,0.0,0.0,3,Overcast,88,,10.3,26.3,Cloudy,68.0
2025-09-16T20:00,2025-09-16,20,19.6,59,0.0,0.0,0.0,0.0,3,Overcast,100,,11.2,25.6,Cloudy,67.28
2025-09-16T21:00,2025-09-16,21,19.3,59,0.0,0.0,0.0,0.0,3,Overcast,97,,11.1,27.0,Cloudy,66.74000000000001
2025-09-16T22:00,2025-09-16,22,18.8,58,0.0,0.0,0.0,0.0,3,Overcast,96,,9.9,24.8,Cloudy,65.84
2025-09-16T23:00,2025-09-16,23,18.4,60,0.0,0.0,0.0,0.0,3,Overcast,100,,11.0,26.3,Cloudy,65.12
2025-09-17T00:00,2025-09-17,0,18.4,64,0.0,0.0,0.0,0.0,3,Overcast,97,,9.7,24.5,Cloudy,65.12
2025-09-17T01:00,2025-09-17,1,18.0,69,0.0,0.0,0.0,0.0,3,Overcast,80,,10.6,23.8,Cloudy,64.4
2025-09-17T02:00,2025-09-17,2,17.8,74,0.0,0.0,0.0,0.0,3,Overcast,80,,11.7,25.6,Cloudy,64.04
2025-09-17T03:00,2025-09-17,3,17.6,77,0.0,0.0,0.0,0.0,2,Partly Cloudy,53,,12.5,29.9,Cloudy,63.68
2025-09-17T04:00,2025-09-17,4,17.5,78,0.2,0.2,0.0,0.0,51,Light Drizzle,51,,11.9,27.7,Rain,63.5
2025-09-17T05:00,2025-09-17,5,17.3,79,0.0,0.0,0.0,0.0,0,Clear,15,,10.0,26.6,Clear,63.14
2025-09-17T06:00,2025-09-17,6,17.2,79,0.0,0.0,0.0,0.0,3,Overcast,100,,11.6,25.2,Cloudy,62.959999999999994
2025-09-17T07:00,2025-09-17,7,18.0,75,0.0,0.0,0.0,0.0,3,Overcast,100,,10.5,25.9,Cloudy,64.4
2025-09-17T08:00,2025-09-17,8,18.5,66,0.0,0.0,0.0,0.0,3,Overcast,100,,12.8,32.4,Cloudy,65.3
2025-09-17T09:00,2025-09-17,9,19.9,62,0.0,0.0,0.0,0.0,3,Overcast,100,,12.7,32.4,Cloudy,67.82
2025-09-17T10:00,2025-09-17,10,20.0,64,0.0,0.0,0.0,0.0,3,Overcast,100,,12.0,32.8,Cloudy,68.0
2025-09-17T11:00,2025-09-17,11,20.1,72,5.4,5.4,0.0,0.0,63,Moderate Rain,100,,11.3,29.9,Rain,68.18
2025-09-17T12:00,2025-09-17,12,20.5,72,0.2,0.2,0.0,0.0,51,Light Drizzle,100,,13.7,33.1,Rain,68.9
2025-09-17T13:00,2025-09-17,13,21.1,72,0.3,0.3,0.0,0.0,51,Light Drizzle,100,,14.1,34.6,Rain,69.98
2025-09-17T14:00,2025-09-17,14,20.9,75,0.4,0.4,0.0,0.0,51,Light Drizzle,100,,14.4,35.6,Rain,69.62
2025-09-17T15:00,2025-09-17,15,20.8,75,0.1,0.1,0.0,0.0,51,Light Drizzle,100,,13.9,34.6,Rain,69.44
2025-09-17T16:00,2025-09-17,16,20.5,77,0.0,0.0,0.0,0.0,3,Overcast,100,,11.6,32.8,Cloudy,68.9
2025-09-17T17:00,2025-09-17,17,20.2,81,0.1,0.1,0.0,0.0,51,Light Drizzle,100,,11.3,27.0,Rain,68.36
2025-09-17T18:00,2025-09-17,18,19.9,81,0.1,0.1,0.0,0.0,51,Light Drizzle,100,,10.3,26.3,Rain,67.82
2025-09-17T19:00,2025-09-17,19,19.6,81,0.0,0.0,0.0,0.0,3,Overcast,100,,8.6,22.3,Cloudy,67.28
2025-09-17T20:00,2025-09-17,20,19.5,89,0.0,0.0,0.0,0.0,3,Overcast,100,,7.7,14.4,Cloudy,67.1
2025-09-17T21:00,2025-09-17,21,19.3,91,0.0,0.0,0.0,0.0,3,Overcast,100,,6.1,18.7,Cloudy,66.74000000000001
2025-09-17T22:00,2025-09-17,22,19.3,92,0.0,0.0,0.0,0.0,3,Overcast,100,,3.9,12.6,Cloudy,66.74000000000001
2025-09-17T23:00,2025-09-17,23,19.2,92,0.0,0.0,0.0,0.0,3,Overcast,100,,3.8,7.6,Cloudy,66.56
2025-09-18T00:00,2025-09-18,0,19.3,93,0.0,0.0,0.0,0.0,3,Overcast,100,,3.9,7.9,Cloudy,66.74000000000001
2025-09-18T01:00,2025-09-18,1,19.2,92,0.0,0.0,0.0,0.0,3,Overcast,100,,4.4,8.6,Cloudy,66.56
2025-09-18T02:00,2025-09-18,2,19.1,91,0.0,0.0,0.0,0.0,3,Overcast,100,,4.5,9.4,Cloudy,66.38
2025-09-18T03:00,2025-09-18,3,18.9,90,0.1,0.1,0.0,0.0,51,Light Drizzle,100,,6.1,12.6,Rain,66.02
2025-09-18T04:00,2025-09-18,4,18.6,90,0.0,0.0,0.0,0.0,3,Overcast,100,,6.7,14.4,Cloudy,65.48
2025-09-18T05:00,2025-09-18,5,18.5,90,0.0,0.0,0.0,0.0,2,Partly Cloudy,71,,4.8,14.0,Cloudy,65.3
2025-09-18T06:00,2025-09-18,6,18.2,90,0.0,0.0,0.0,0.0,2,Partly Cloudy,61,,3.1,9.7,Cloudy,64.75999999999999
2025-09-18T07:00,2025-09-18,7,18.9,86,0.0,0.0,0.0,0.0,1,Mainly Clear,30,,3.4,9.7,Clear,66.02
2025-09-18T08:00,2025-09-18,8,20.1,83,0.0,0.0,0.0,0.0,0,Clear,0,,1.5,10.1,Clear,68.18
2025-09-18T09:00,2025-09-18,9,21.7,75,0.0,0.0,0.0,0.0,0,Clear,1,,3.1,13.3,Clear,71.06
2025-09-18T10:00,2025-09-18,10,23.0,69,0.0,0.0,0.0,0.0,0,Clear,0,,4.6,16.9,Clear,73.4
2025-09-18T11:00,2025-09-18,11,24.2,64,0.0,0.0,0.0,0.0,0,Clear,0,,5.9,19.8,Clear,75.56
2025-09-18T12:00,2025-09-18,12,25.4,59,0.0,0.0,0.0,0.0,0,Clear,0,,4.8,19.8,Clear,77.72
2025-09-18T13:00,2025-09-18,13,26.2,55,0.0,0.0,0.0,0.0,0,Clear,0,,5.0,17.6,Clear,79.16
2025-09-18T14:00,2025-09-18,14,26.9,51,0.0,0.0,0.0,0.0,0,Clear,0,,5.8,18.4,Clear,80.42
2025-09-18T15:00,2025-09-18,15,27.2,48,0.0,0.0,0.0,0.0,0,Clear,0,,6.9,18.7,Clear,80.96
2025-09-18T16:00,2025-09-18,16,27.4,47,0.0,0.0,0.0,0.0,0,Clear,2,,7.7,19.1,Clear,81.32
2025-09-18T17:00,2025-09-18,17,26.8,54,0.0,0.0,0.0,0.0,0,Clear,4,,3.9,17.6,Clear,80.24000000000001
2025-09-18T18:00,2025-09-18,18,24.9,61,0.0,0.0,0.0,0.0,0,Clear,0,,3.1,8.6,Clear,76.82
2025-09-18T19:00,2025-09-18,19,23.4,64,0.0,0.0,0.0,0.0,0,Clear,0,,5.6,10.4,Clear,74.12
2025-09-18T20:00,2025-09-18,20,23.0,66,0.0,0.0,0.0,0.0,0,Clear,0,,1.2,4.0,Clear,73.4
2025-09-18T21:00,2025-09-18,21,22.0,62,0.0,0.0,0.0,0.0,0,Clear,0,,6.2,12.2,Clear,71.6
2025-09-18T22:00,2025-09-18,22,20.6,62,0.0,0.0,0.0,0.0,0,Clear,0,,6.2,14.4,Clear,69.08
2025-09-18T23:00,2025-09-18,23,19.5,67,0.0,0.0,0.0,0.0,0,Clear,0,,5.6,12.6,Clear,67.1
2025-09-19T00:00,2025-09-19,0,19.1,69,0.0,0.0,0.0,0.0,0,Clear,0,,5.8,11.9,Clear,66.38
2025-09-19T01:00,2025-09-19,1,18.8,72,0.0,0.0,0.0,0.0,0,Clear,0,,5.3,11.5,Clear,65.84
2025-09-19T02:00,2025-09-19,2,18.3,75,0.0,0.0,0.0,0.0,0,Clear,0,,5.1,10.1,Clear,64.94
2025-09-19T03:00,2025-09-19,3,18.4,76,0.0,0.0,0.0,0.0,0,Clear,0,,6.1,11.9,Clear,65.12
2025-09-19T04:00,2025-09-19,4,18.4,77,0.0,0.0,0.0,0.0,0,Clear,0,,6.1,12.2,Clear,65.12
2025-09-19T05:00,2025-09-19,5,18.2,79,0.0,0.0,0.0,0.0,0,Clear,0,,5.6,11.9,Clear,64.75999999999999
2025-09-19T06:00,2025-09-19,6,18.0,81,0.0,0.0,0.0,0.0,0,Clear,3,,5.4,11.5,Clear,64.4
2025-09-19T07:00,2025-09-19,7,19.9,75,0.0,0.0,0.0,0.0,0,Clear,7,,7.3,14.0,Clear,67.82
2025-09-19T08:00,2025-09-19,8,22.0,67,0.0,0.0,0.0,0.0,0,Clear,0,,5.8,14.8,Clear,71.6
2025-09-19T09:00,2025-09-19,9,23.5,61,0.0,0.0,0.0,0.0,0,Clear,0,,6.6,18.7,Clear,74.3
2025-09-19T10:00,2025-09-19,10,25.0,59,0.0,0.0,0.0,0.0,0,Clear,0,,7.5,21.6,Clear,77.0
2025-09-19T11:00,2025-09-19,11,26.4,56,0.0,0.0,0.0,0.0,0,Clear,0,,9.6,25.9,Clear,79.52
2025-09-19T12:00,2025-09-19,12,27.3,50,0.0,0.0,0.0,0.0,0,Clear,0,,10.8,28.4,Clear,81.14
2025-09-19T13:00,2025-09-19,13,27.7,48,0.0,0.0,0.0,0.0,0,Clear,1,,11.1,29.2,Clear,81.86
2025-09-19T14:00,2025-09-19,14,28.0,47,0.0,0.0,0.0,0.0,1,Mainly Clear,23,,11.0,29.2,Clear,82.4
2025-09-19T15:00,2025-09-19,15,28.0,47,0.0,0.0,0.0,0.0,0,Clear,1,,10.3,28.1,Clear,82.4
2025-09-19T16:00,2025-09-19,16,27.3,45,0.0,0.0,0.0,0.0,0,Clear,4,,10.2,25.6,Clear,81.14
2025-09-19T17:00,2025-09-19,17,26.0,51,0.0,0.0,0.0,0.0,0,Clear,0,,6.5,24.5,Clear,78.8
2025-09-19T18:00,2025-09-19,18,23.9,63,0.0,0.0,0.0,0.0,0,Clear,0,,3.9,14.4,Clear,75.02
2025-09-19T19:00,2025-09-19,19,23.1,58,0.0,0.0,0.0,0.0,0,Clear,0,,7.8,14.8,Clear,73.58
2025-09-19T20:00,2025-09-19,20,22.9,60,0.0,0.0,0.0,0.0,0,Clear,0,,5.9,11.2,Clear,73.22
2025-09-19T21:00,2025-09-19,21,21.5,59,0.0,0.0,0.0,0.0,0,Clear,0,,10.6,22.3,Clear,70.7
2025-09-19T22:00,2025-09-19,22,20.4,60,0.0,0.0,0.0,0.0,0,Clear,0,,9.2,22.7,Clear,68.72
2025-09-19T23:00,2025-09-19,23,19.5,61,0.0,0.0,0.0,0.0,0,Clear,2,,9.5,20.5,Clear,67.1
2025-09-20T00:00,2025-09-20,0,18.6,60,0.0,0.0,0.0,0.0,0,Clear,0,,10.3,22.3,Clear,65.48
2025-09-20T01:00,2025-09-20,1,17.7,60,0.0,0.0,0.0,0.0,0,Clear,0,,10.4,22.3,Clear,63.86
2025-09-20T02:00,2025-09-20,2,16.8,62,0.0,0.0,0.0,0.0,0,Clear,13,,10.5,23.8,Clear,62.24
2025-09-20T03:00,2025-09-20,3,16.1,64,0.0,0.0,0.0,0.0,0,Clear,0,,10.6,23.0,Clear,60.980000000000004
2025-09-20T04:00,2025-09-20,4,15.6,66,0.0,0.0,0.0,0.0,0,Clear,0,,10.1,23.0,Clear,60.08
2025-09-20T05:00,2025-09-20,5,15.0,66,0.0,0.0,0.0,0.0,0,Clear,0,,10.6,23.4,Clear,59.0
2025-09-20T06:00,2025-09-20,6,14.5,64,0.0,0.0,0.0,0.0,0,Clear,0,,11.4,24.8,Clear,58.1
2025-09-20T07:00,2025-09-20,7,15.2,61,0.0,0.0,0.0,0.0,0,Clear,0,,10.0,25.6,Clear,59.36
2025-09-20T08:00,2025-09-20,8,17.0,54,0.0,0.0,0.0,0.0,0,Clear,0,,11.4,28.1,Clear,62.6
2025-09-20T09:00,2025-09-20,9,18.7,49,0.0,0.0,0.0,0.0,0,Clear,0,,12.3,31.7,Clear,65.66
2025-09-20T10:00,2025-09-20,10,20.2,46,0.0,0.0,0.0,0.0,0,Clear,0,,11.8,32.4,Clear,68.36
2025-09-20T11:00,2025-09-20,11,21.5,44,0.0,0.0,0.0,0.0,0,Clear,0,,11.2,31.7,Clear,70.7
2025-09-20T12:00,2025-09-20,12,22.5,42,0.0,0.0,0.0,0.0,0,Clear,0,,10.4,31.3,Clear,72.5
2025-09-20T13:00,2025-09-20,13,23.2,40,0.0,0.0,0.0,0.0,0,Clear,0,,9.7,29.9,Clear,73.75999999999999
2025-09-20T14:00,2025-09-20,14,23.8,38,0.0,0.0,0.0,0.0,0,Clear,0,,7.6,28.4,Clear,74.84
2025-09-20T15:00,2025-09-20,15,23.8,38,0.0,0.0,0.0,0.0,0,Clear,0,,4.6,23.8,Clear,74.84
2025-09-20T16:00,2025-09-20,16,23.4,39,0.0,0.0,0.0,0.0,0,Clear,4,,3.9,17.3,Clear,74.12
2025-09-20T17:00,2025-09-20,17,21.6,49,0.0,0.0,0.0,0.0,0,Clear,0,,8.0,20.2,Clear,70.88
2025-09-20T18:00,2025-09-20,18,19.5,65,0.0,0.0,0.0,0.0,0,Clear,0,,8.3,21.6,Clear,67.1
2025-09-20T19:00,2025-09-20,19,18.6,69,0.0,0.0,0.0,0.0,0,Clear,12,,6.5,18.7,Clear,65.48
2025-09-20T20:00,2025-09-20,20,17.5,73,0.0,0.0,0.0,0.0,3,Overcast,97,,4.5,17.3,Cloudy,63.5
2025-09-20T21:00,2025-09-20,21,17.0,76,0.0,0.0,0.0,0.0,3,Overcast,97,,4.1,10.4,Cloudy,62.6
2025-09-20T22:00,2025-09-20,22,16.6,78,0.0,0.0,0.0,0.0,3,Overcast,95,,3.2,9.0,Cloudy,61.88
2025-09-20T23:00,2025-09-20,23,16.2,79,0.0,0.0,0.0,0.0,3,Overcast,98,,2.2,6.5,Cloudy,61.16
2025-09-21T00:00,2025-09-21,0,15.6,81,0.0,0.0,0.0,0.0,1,Mainly Clear,25,,3.7,7.9,Clear,60.08
2025-09-21T01:00,2025-09-21,1,15.2,82,0.0,0.0,0.0,0.0,2,Partly Cloudy,74,,4.3,9.7,Cloudy,59.36
2025-09-21T02:00,2025-09-21,2,14.8,84,0.0,0.0,0.0,0.0,3,Overcast,100,,4.4,10.1,Cloudy,58.64
2025-09-21T03:00,2025-09-21,3,14.5,85,0.0,0.0,0.0,0.0,3,Overcast,89,,4.9,11.2,Cloudy,58.1
2025-09-21T04:00,2025-09-21,4,14.2,86,0.0,0.0,0.0,0.0,3,Overcast,100,,5.2,11.5,Cloudy,57.56
2025-09-21T05:00,2025-09-21,5,13.9,87,0.0,0.0,0.0,0.0,3,Overcast,100,,5.5,12.2,Cloudy,57.02
2025-09-21T06:00,2025-09-21,6,13.8,88,0.0,0.0,0.0,0.0,3,Overcast,100,,5.4,13.0,Cloudy,56.84
2025-09-21T07:00,2025-09-21,7,15.0,85,0.0,0.0,0.0,0.0,3,Overcast,100,,7.1,12.6,Cloudy,59.0
2025-09-21T08:00,2025-09-21,8,16.3,75,0.0,0.0,0.0,0.0,3,Overcast,100,,5.5,15.8,Cloudy,61.34
2025-09-21T09:00,2025-09-21,9,18.3,60,0.0,0.0,0.0,0.0,3,Overcast,100,,7.8,21.2,Cloudy,64.94
2025-09-21T10:00,2025-09-21,10,19.8,46,0.0,0.0,0.0,0.0,3,Overcast,100,,7.4,23.8,Cloudy,67.64
2025-09-21T11:00,2025-09-21,11,20.9,40,0.0,0.0,0.0,0.0,3,Overcast,88,,6.3,22.7,Cloudy,69.62
2025-09-21T12:00,2025-09-21,12,21.8,39,0.0,0.0,0.0,0.0,3,Overcast,99,,6.4,22.7,Cloudy,71.24000000000001
2025-09-21T13:00,2025-09-21,13,22.1,42,0.0,0.0,0.0,0.0,3,Overcast,100,,6.5,22.7,Cloudy,71.78
2025-09-21T14:00,2025-09-21,14,22.0,44,0.0,0.0,0.0,0.0,3,Overcast,100,,7.7,24.5,Cloudy,71.6
2025-09-21T15:00,2025-09-21,15,21.0,47,0.0,0.0,0.0,0.0,3,Overcast,100,,10.0,28.4,Cloudy,69.8
2025-09-21T16:00,2025-09-21,16,19.9,51,0.0,0.0,0.0,0.0,3,Overcast,99,,11.2,29.9,Cloudy,67.82
2025-09-21T17:00,2025-09-21,17,19.0,54,0.0,0.0,0.0,0.0,0,Clear,8,,10.7,29.5,Clear,66.2
2025-09-21T18:00,2025-09-21,18,17.7,59,0.0,0.0,0.0,0.0,0,Clear,0,,6.7,26.3,Clear,63.86
2025-09-21T19:00,2025-09-21,19,17.0,63,0.0,0.0,0.0,0.0,0,Clear,0,,5.3,15.5,Clear,62.6
2025-09-21T20:00,2025-09-21,20,15.7,70,0.0,0.0,0.0,0.0,0,Clear,0,,3.6,13.3,Clear,60.26
2025-09-21T21:00,2025-09-21,21,15.2,73,0.0,0.0,0.0,0.0,0,Clear,0,,2.2,9.0,Clear,59.36
2025-09-21T22:00,2025-09-21,22,14.9,73,0.0,0.0,0.0,0.0,1,Mainly Clear,31,,0.9,5.0,Clear,58.82
2025-09-21T23:00,2025-09-21,23,14.2,78,0.0,0.0,0.0,0.0,2,Partly Cloudy,51,,2.7,5.4,Cloudy,57.56
2025-09-22T00:00,2025-09-22,0,13.6,82,0.0,0.0,0.0,0.0,0,Clear,6,,3.6,6.5,Clear,56.48
2025-09-22T01:00,2025-09-22,1,13.1,85,0.0,0.0,0.0,0.0,2,Partly Cloudy,67,,2.1,6.8,Cloudy,55.58
2025-09-22T02:00,2025-09-22,2,12.7,89,0.0,0.0,0.0,0.0,3,Overcast,95,,2.4,5.8,Cloudy,54.86
2025-09-22T03:00,2025-09-22,3,12.6,91,0.0,0.0,0.0,0.0,3,Overcast,94,,3.2,7.2,Cloudy,54.68
2025-09-22T04:00,2025-09-22,4,12.3,93,0.0,0.0,0.0,0.0,2,Partly Cloudy,79,,2.9,6.8,Cloudy,54.14
2025-09-22T05:00,2025-09-22,5,12.1,95,0.0,0.0,0.0,0.0,0,Clear,2,,3.1,6.5,Clear,53.78
2025-09-22T06:00,2025-09-22,6,12.0,96,0.0,0.0,0.0,0.0,0,Clear,1,,3.5,6.8,Clear,53.6
2025-09-22T07:00,2025-09-22,7,13.7,91,0.0,0.0,0.0,0.0,0,Clear,0,,4.7,10.8,Clear,56.66
2025-09-22T08:00,2025-09-22,8,15.9,75,0.0,0.0,0.0,0.0,0,Clear,7,,1.8,11.5,Clear,60.62
2025-09-22T09:00,2025-09-22,9,18.0,64,0.0,0.0,0.0,0.0,3,Overcast,100,,0.3,11.2,Cloudy,64.4
2025-09-22T10:00,2025-09-22,10,19.7,56,0.0,0.0,0.0,0.0,3,Overcast,100,,2.8,14.4,Cloudy,67.46
2025-09-22T11:00,2025-09-22,11,21.2,48,0.0,0.0,0.0,0.0,3,Overcast,100,,5.9,20.5,Cloudy,70.16
2025-09-22T12:00,2025-09-22,12,21.7,48,0.0,0.0,0.0,0.0,3,Overcast,100,,7.7,23.8,Cloudy,71.06
2025-09-22T13:00,2025-09-22,13,22.0,53,0.0,0.0,0.0,0.0,3,Overcast,100,,9.1,27.0,Cloudy,71.6
2025-09-22T14:00,2025-09-22,14,22.0,57,0.0,0.0,0.0,0.0,2,Partly Cloudy,66,,9.0,27.0,Cloudy,71.6
2025-09-22T15:00,2025-09-22,15,22.6,55,0.0,0.0,0.0,0.0,2,Partly Cloudy,61,,7.5,26.6,Cloudy,72.68
2025-09-22T16:00,2025-09-22,16,22.5,56,0.0,0.0,0.0,0.0,0,Clear,4,,6.7,22.7,Clear,72.5
2025-09-22T17:00,2025-09-22,17,21.2,62,0.0,0.0,0.0,0.0,0,Clear,0,,11.2,28.1,Clear,70.16
2025-09-22T18:00,2025-09-22,18,19.9,72,0.0,0.0,0.0,0.0,0,Clear,2,,8.1,27.4,Clear,67.82
2025-09-22T19:00,2025-09-22,19,19.5,78,0.0,0.0,0.0,0.0,0,Clear,1,,8.1,18.0,Clear,67.1
2025-09-22T20:00,2025-09-22,20,19.0,83,0.0,0.0,0.0,0.0,0,Clear,3,,7.5,17.3,Clear,66.2
2025-09-22T21:00,2025-09-22,21,18.6,85,0.0,0.0,0.0,0.0,1,Mainly Clear,31,,4.9,16.6,Clear,65.48
2025-09-22T22:00,2025-09-22,22,18.4,86,0.0,0.0,0.0,0.0,0,Clear,14,,5.8,11.9,Clear,65.12
2025-09-22T23:00,2025-09-22,23,18.2,86,0.0,0.0,0.0,0.0,1,Mainly Clear,22,,6.5,14.0,Clear,64.75999999999999
2025-09-23T00:00,2025-09-23,0,18.2,86,0.0,0.0,0.0,0.0,1,Mainly Clear,39,,8.0,16.9,Clear,64.75999999999999
2025-09-23T01:00,2025-09-23,1,18.0,86,0.0,0.0,0.0,0.0,3,Overcast,85,,7.1,16.9,Cloudy,64.4
2025-09-23T02:00,2025-09-23,2,17.5,87,0.0,0.0,0.0,0.0,1,Mainly Clear,37,,5.3,15.1,Clear,63.5
2025-09-23T03:00,2025-09-23,3,17.2,88,0.0,0.0,0.0,0.0,2,Partly Cloudy,79,,5.4,11.5,Cloudy,62.959999999999994
2025-09-23T04:00,2025-09-23,4,17.0,91,0.0,0.0,0.0,0.0,0,Clear,18,,5.2,13.0,Clear,62.6
2025-09-23T05:00,2025-09-23,5,16.6,94,0.0,0.0,0.0,0.0,0,Clear,7,,4.3,10.8,Clear,61.88
2025-09-23T06:00,2025-09-23,6,17.0,94,0.0,0.0,0.0,0.0,1,Mainly Clear,32,,6.2,12.2,Clear,62.6
2025-09-23T07:00,2025-09-23,7,18.4,90,0.0,0.0,0.0,0.0,2,Partly Cloudy,56,,7.7,18.7,Cloudy,65.12
2025-09-23T08:00,2025-09-23,8,20.5,81,0.0,0.0,0.0,0.0,3,Overcast,99,,9.0,23.0,Cloudy,68.9
2025-09-23T09:00,2025-09-23,9,22.4,72,0.0,0.0,0.0,0.0,2,Partly Cloudy,75,,9.9,26.6,Cloudy,72.32
2025-09-23T10:00,2025-09-23,10,25.5,59,0.0,0.0,0.0,0.0,3,Overcast,89,,14.9,36.0,Cloudy,77.9
2025-09-23T11:00,2025-09-23,11,28.1,49,0.0,0.0,0.0,0.0,1,Mainly Clear,27,,14.0,37.4,Clear,82.58
2025-09-23T12:00,2025-09-23,12,28.9,48,0.0,0.0,0.0,0.0,1,Mainly Clear,48,,11.6,35.3,Clear,84.02
2025-09-23T13:00,2025-09-23,13,28.8,49,0.0,0.0,0.0,0.0,2,Partly Cloudy,64,,11.4,36.0,Cloudy,83.84
2025-09-23T14:00,2025-09-23,14,29.4,46,0.0,0.0,0.0,0.0,1,Mainly Clear,44,,9.0,34.9,Clear,84.91999999999999
2025-09-23T15:00,2025-09-23,15,29.5,45,0.0,0.0,0.0,0.0,3,Overcast,99,,7.6,29.9,Cloudy,85.1
2025-09-23T16:00,2025-09-23,16,29.2,46,0.0,0.0,0.0,0.0,3,Overcast,100,,7.7,25.2,Cloudy,84.56
2025-09-23T17:00,2025-09-23,17,27.8,53,0.0,0.0,0.0,0.0,3,Overcast,100,,6.6,23.8,Cloudy,82.04
2025-09-23T18:00,2025-09-23,18,26.0,72,0.0,0.0,0.0,0.0,3,Overcast,100,,2.0,16.6,Cloudy,78.8
2025-09-23T19:00,2025-09-23,19,25.6,66,0.0,0.0,0.0,0.0,3,Overcast,100,,3.6,7.6,Cloudy,78.08
2025-09-23T20:00,2025-09-23,20,21.9,90,3.9,3.9,0.0,0.0,63,Moderate Rain,100,,2.3,9.4,Rain,71.42
2025-09-23T21:00,2025-09-23,21,20.9,93,2.2,2.2,0.0,0.0,61,Slight Rain,100,,2.7,16.9,Rain,69.62
2025-09-23T22:00,2025-09-23,22,20.9,94,0.5,0.5,0.0,0.0,53,Moderate Drizzle,98,,4.9,9.7,Rain,69.62
2025-09-23T23:00,2025-09-23,23,20.8,95,0.0,0.0,0.0,0.0,3,Overcast,96,,5.2,10.1,Cloudy,69.44
2025-09-24T00:00,2025-09-24,0,20.6,94,0.0,0.0,0.0,0.0,2,Partly Cloudy,65,,5.2,11.9,Cloudy,69.08
2025-09-24T01:00,2025-09-24,1,20.1,95,0.0,0.0,0.0,0.0,1,Mainly Clear,30,,3.3,9.7,Clear,68.18
2025-09-24T02:00,2025-09-24,2,19.5,96,0.0,0.0,0.0,0.0,1,Mainly Clear,35,,3.4,7.6,Clear,67.1
2025-09-24T03:00,2025-09-24,3,19.3,97,0.0,0.0,0.0,0.0,2,Partly Cloudy,53,,1.1,5.0,Cloudy,66.74000000000001
2025-09-24T04:00,2025-09-24,4,18.9,98,0.0,0.0,0.0,0.0,2,Partly Cloudy,59,,0.8,2.2,Cloudy,66.02
2025-09-24T05:00,2025-09-24,5,18.4,99,0.0,0.0,0.0,0.0,3,Overcast,100,,2.6,5.0,Cloudy,65.12
2025-09-24T06:00,2025-09-24,6,18.5,99,0.0,0.0,0.0,0.0,3,Overcast,100,,1.9,5.8,Cloudy,65.3
2025-09-24T07:00,2025-09-24,7,19.9,97,0.0,0.0,0.0,0.0,3,Overcast,100,,2.2,7.6,Cloudy,67.82
2025-09-24T08:00,2025-09-24,8,22.1,91,0.0,0.0,0.0,0.0,3,Overcast,100,,5.6,15.8,Cloudy,71.78
2025-09-24T09:00,2025-09-24,9,23.6,83,0.0,0.0,0.0,0.0,3,Overcast,100,,2.2,15.1,Cloudy,74.48
2025-09-24T10:00,2025-09-24,10,24.3,79,0.0,0.0,0.0,0.0,3,Overcast,100,,4.2,13.3,Cloudy,75.74000000000001
2025-09-24T11:00,2025-09-24,11,25.2,75,0.0,0.0,0.0,0.0,3,Overcast,100,,4.9,20.2,Cloudy,77.36
2025-09-24T12:00,2025-09-24,12,26.0,72,0.0,0.0,0.0,0.0,3,Overcast,100,,5.1,20.2,Cloudy,78.8
2025-09-24T13:00,2025-09-24,13,26.6,68,0.0,0.0,0.0,0.0,3,Overcast,100,,4.9,20.9,Cloudy,79.88
2025-09-24T14:00,2025-09-24,14,26.5,67,0.1,0.1,0.0,0.0,51,Light Drizzle,100,,6.5,19.1,Rain,79.7
2025-09-24T15:00,2025-09-24,15,25.9,70,0.1,0.1,0.0,0.0,51,Light Drizzle,100,,6.6,19.4,Rain,78.62
2025-09-24T16:00,2025-09-24,16,23.3,80,0.0,0.0,0.0,0.0,3,Overcast,100,,16.9,37.8,Cloudy,73.94
2025-09-24T17:00,2025-09-24,17,21.4,90,0.4,0.4,0.0,0.0,51,Light Drizzle,100,,6.3,42.1,Rain,70.52
2025-09-24T18:00,2025-09-24,18,21.5,91,0.1,0.1,0.0,0.0,51,Light Drizzle,100,,7.4,17.3,Rain,70.7
2025-09-24T19:00,2025-09-24,19,20.9,94,0.7,0.7,0.0,0.0,53,Moderate Drizzle,100,,2.4,15.8,Rain,69.62
2025-09-24T20:00,2025-09-24,20,21.2,95,0.0,0.0,0.0,0.0,3,Overcast,100,,7.9,17.6,Cloudy,70.16
2025-09-24T21:00,2025-09-24,21,20.9,96,0.7,0.7,0.0,0.0,53,Moderate Drizzle,100,,4.9,16.6,Rain,69.62
2025-09-24T22:00,2025-09-24,22,20.5,98,0.9,0.9,0.0,0.0,53,Moderate Drizzle,100,,7.0,18.7,Rain,68.9
2025-09-24T23:00,2025-09-24,23,20.5,98,1.7,1.7,0.0,0.0,61,Slight Rain,100,,4.9,22.0,Rain,68.9
2025-09-25T00:00,2025-09-25,0,20.3,98,0.6,0.6,0.0,0.0,53,Moderate Drizzle,100,,9.5,18.0,Rain,68.54
2025-09-25T01:00,2025-09-25,1,20.1,98,0.6,0.6,0.0,0.0,53,Moderate Drizzle,100,,8.7,19.1,Rain,68.18
2025-09-25T02:00,2025-09-25,2,19.9,97,5.3,5.3,0.0,0.0,63,Moderate Rain,100,,11.6,29.5,Rain,67.82
2025-09-25T03:00,2025-09-25,3,20.0,96,9.1,9.1,0.0,0.0,65,Heavy Rain,100,,11.7,27.7,Rain,68.0
2025-09-25T04:00,2025-09-25,4,20.0,97,17.1,17.1,0.0,0.0,65,Heavy Rain,100,,7.0,26.6,Rain,68.0
2025-09-25T05:00,2025-09-25,5,20.4,96,0.7,0.7,0.0,0.0,53,Moderate Drizzle,99,,7.7,16.6,Rain,68.72
2025-09-25T06:00,2025-09-25,6,20.6,95,0.0,0.0,0.0,0.0,3,Overcast,100,,7.2,14.8,Cloudy,69.08
2025-09-25T07:00,2025-09-25,7,20.6,96,0.1,0.1,0.0,0.0,51,Light Drizzle,100,,11.2,22.7,Rain,69.08
2025-09-25T08:00,2025-09-25,8,21.5,94,4.4,4.4,0.0,0.0,63,Moderate Rain,100,,9.5,21.2,Rain,70.7
2025-09-25T09:00,2025-09-25,9,21.7,94,1.7,1.7,0.0,0.0,61,Slight Rain,97,,9.1,19.8,Rain,71.06
2025-09-25T10:00,2025-09-25,10,23.5,86,0.1,0.1,0.0,0.0,51,Light Drizzle,100,,7.8,21.6,Rain,74.3
2025-09-25T11:00,2025-09-25,11,23.4,88,2.5,2.5,0.0,0.0,63,Moderate Rain,100,,5.7,28.1,Rain,74.12
2025-09-25T12:00,2025-09-25,12,22.8,93,1.2,1.2,0.0,0.0,55,Dense Drizzle,100,,8.4,26.3,Rain,73.04
2025-09-25T13:00,2025-09-25,13,24.9,86,0.3,0.3,0.0,0.0,51,Light Drizzle,100,,11.0,31.3,Rain,76.82
2025-09-25T14:00,2025-09-25,14,23.4,89,1.5,1.5,0.0,0.0,61,Slight Rain,99,,15.0,38.2,Rain,74.12
2025-09-25T15:00,2025-09-25,15,23.9,84,0.4,0.4,0.0,0.0,51,Light Drizzle,98,,13.5,41.4,Rain,75.02
2025-09-25T16:00,2025-09-25,16,23.6,87,0.8,0.8,0.0,0.0,53,Moderate Drizzle,100,,9.6,37.8,Rain,74.48
2025-09-25T17:00,2025-09-25,17,24.0,89,0.2,0.2,0.0,0.0,51,Light Drizzle,100,,13.3,31.0,Rain,75.2
2025-09-25T18:00,2025-09-25,18,23.5,89,0.1,0.1,0.0,0.0,51,Light Drizzle,91,,15.7,35.6,Rain,74.3
2025-09-25T19:00,2025-09-25,19,23.2,90,0.0,0.0,0.0,0.0,3,Overcast,99,,14.5,34.2,Cloudy,73.75999999999999
2025-09-25T20:00,2025-09-25,20,22.6,92,0.2,0.2,0.0,0.0,51,Light Drizzle,56,,12.7,26.6,Rain,72.68
2025-09-25T21:00,2025-09-25,21,22.1,94,0.0,0.0,0.0,0.0,3,Overcast,100,,13.3,27.4,Cloudy,71.78
2025-09-25T22:00,2025-09-25,22,22.0,94,0.0,0.0,0.0,0.0,3,Overcast,99,,11.0,28.4,Cloudy,71.6
2025-09-25T23:00,2025-09-25,23,21.5,93,0.0,0.0,0.0,0.0,1,Mainly Clear,25,,8.2,22.7,Clear,70.7
2025-09-26T00:00,2025-09-26,0,20.7,91,0.0,0.0,0.0,0.0,3,Overcast,86,,5.9,16.9,Cloudy,69.25999999999999
2025-09-26T01:00,2025-09-26,1,19.8,93,0.0,0.0,0.0,0.0,3,Overcast,100,,4.3,11.9,Cloudy,67.64
2025-09-26T02:00,2025-09-26,2,19.5,93,0.0,0.0,0.0,0.0,3,Overcast,100,,4.8,9.7,Cloudy,67.1
2025-09-26T03:00,2025-09-26,3,19.5,93,0.0,0.0,0.0,0.0,3,Overcast,100,,4.9,10.8,Cloudy,67.1
2025-09-26T04:00,2025-09-26,4,19.2,93,0.0,0.0,0.0,0.0,3,Overcast,99,,3.8,9.7,Cloudy,66.56
2025-09-26T05:00,2025-09-26,5,18.7,94,0.0,0.0,0.0,0.0,3,Overcast,100,,3.6,7.6,Cloudy,65.66
2025-09-26T06:00,2025-09-26,6,18.6,94,0.0,0.0,0.0,0.0,3,Overcast,100,,3.0,7.6,Cloudy,65.48
2025-09-26T07:00,2025-09-26,7,19.2,92,0.0,0.0,0.0,0.0,3,Overcast,93,,4.6,9.0,Cloudy,66.56
2025-09-26T08:00,2025-09-26,8,21.5,81,0.0,0.0,0.0,0.0,1,Mainly Clear,34,,5.3,14.0,Clear,70.7
2025-09-26T09:00,2025-09-26,9,22.9,73,0.0,0.0,0.0,0.0,2,Partly Cloudy,66,,5.7,16.9,Cloudy,73.22
2025-09-26T10:00,2025-09-26,10,24.1,70,0.0,0.0,0.0,0.0,0,Clear,14,,5.6,18.4,Clear,75.38
2025-09-26T11:00,2025-09-26,11,25.2,64,0.0,0.0,0.0,0.0,0,Clear,13,,4.8,18.4,Clear,77.36
2025-09-26T12:00,2025-09-26,12,26.1,57,0.0,0.0,0.0,0.0,0,Clear,17,,6.5,20.2,Clear,78.98
2025-09-26T13:00,2025-09-26,13,26.4,56,0.0,0.0,0.0,0.0,0,Clear,18,,7.9,22.0,Clear,79.52
2025-09-26T14:00,2025-09-26,14,26.5,54,0.0,0.0,0.0,0.0,1,Mainly Clear,22,,8.7,23.4,Clear,79.7
2025-09-26T15:00,2025-09-26,15,26.4,55,0.0,0.0,0.0,0.0,0,Clear,14,,8.4,25.6,Clear,79.52
2025-09-26T16:00,2025-09-26,16,26.0,57,0.0,0.0,0.0,0.0,1,Mainly Clear,20,,7.2,23.0,Clear,78.8
2025-09-26T17:00,2025-09-26,17,24.9,65,0.0,0.0,0.0,0.0,0,Clear,19,,4.8,17.3,Clear,76.82
2025-09-26T18:00,2025-09-26,18,23.2,73,0.0,0.0,0.0,0.0,0,Clear,10,,5.4,10.8,Clear,73.75999999999999
2025-09-26T19:00,2025-09-26,19,22.3,78,0.0,0.0,0.0,0.0,3,Overcast,96,,4.6,10.8,Cloudy,72.14
2025-09-26T20:00,2025-09-26,20,21.9,78,0.0,0.0,0.0,0.0,3,Overcast,100,,4.4,11.9,Cloudy,71.42
2025-09-26T21:00,2025-09-26,21,21.4,80,0.0,0.0,0.0,0.0,3,Overcast,96,,5.3,10.8,Cloudy,70.52
2025-09-26T22:00,2025-09-26,22,20.7,81,0.0,0.0,0.0,0.0,3,Overcast,100,,4.8,10.8,Cloudy,69.25999999999999
2025-09-26T23:00,2025-09-26,23,20.1,80,0.0,0.0,0.0,0.0,3,Overcast,100,,4.8,9.7,Cloudy,68.18
2025-09-27T00:00,2025-09-27,0,19.9,78,0.0,0.0,0.0,0.0,0,Clear,19,,5.2,10.4,Clear,67.82
2025-09-27T01:00,2025-09-27,1,19.0,81,0.0,0.0,0.0,0.0,3,Overcast,91,,4.7,10.4,Cloudy,66.2
2025-09-27T02:00,2025-09-27,2,18.4,85,0.0,0.0,0.0,0.0,3,Overcast,99,,4.0,9.0,Cloudy,65.12
2025-09-27T03:00,2025-09-27,3,18.1,86,0.0,0.0,0.0,0.0,2,Partly Cloudy,51,,4.7,9.7,Cloudy,64.58
2025-09-27T04:00,2025-09-27,4,17.8,88,0.0,0.0,0.0,0.0,2,Partly Cloudy,63,,5.4,11.5,Cloudy,64.04
2025-09-27T05:00,2025-09-27,5,17.2,89,0.0,0.0,0.0,0.0,0,Clear,15,,4.4,11.2,Clear,62.959999999999994
2025-09-27T06:00,2025-09-27,6,16.9,90,0.0,0.0,0.0,0.0,2,Partly Cloudy,72,,4.7,9.7,Cloudy,62.42
2025-09-27T07:00,2025-09-27,7,18.0,88,0.0,0.0,0.0,0.0,2,Partly Cloudy,71,,6.1,11.9,Cloudy,64.4
2025-09-27T08:00,2025-09-27,8,19.4,81,0.0,0.0,0.0,0.0,3,Overcast,100,,3.6,12.2,Cloudy,66.92
2025-09-27T09:00,2025-09-27,9,21.0,75,0.0,0.0,0.0,0.0,3,Overcast,100,,3.1,12.6,Cloudy,69.8
2025-09-27T10:00,2025-09-27,10,23.0,67,0.0,0.0,0.0,0.0,3,Overcast,100,,2.3,13.3,Cloudy,73.4
2025-09-27T11:00,2025-09-27,11,23.8,62,0.0,0.0,0.0,0.0,3,Overcast,100,,2.2,12.6,Cloudy,74.84
2025-09-27T12:00,2025-09-27,12,24.4,59,0.0,0.0,0.0,0.0,3,Overcast,100,,2.5,12.2,Cloudy,75.92
2025-09-27T13:00,2025-09-27,13,24.2,60,0.0,0.0,0.0,0.0,3,Overcast,100,,5.0,15.5,Cloudy,75.56
2025-09-27T14:00,2025-09-27,14,23.9,61,0.0,0.0,0.0,0.0,3,Overcast,100,,5.6,15.5,Cloudy,75.02
2025-09-27T15:00,2025-09-27,15,23.8,60,0.0,0.0,0.0,0.0,3,Overcast,100,,5.6,16.6,Cloudy,74.84
2025-09-27T16:00,2025-09-27,16,22.9,64,0.0,0.0,0.0,0.0,3,Overcast,100,,4.6,15.1,Cloudy,73.22
2025-09-27T17:00,2025-09-27,17,22.1,71,0.0,0.0,0.0,0.0,3,Overcast,100,,4.8,12.2,Cloudy,71.78
2025-09-27T18:00,2025-09-27,18,20.9,80,0.0,0.0,0.0,0.0,3,Overcast,100,,4.0,10.4,Cloudy,69.62
2025-09-27T19:00,2025-09-27,19,20.5,85,0.0,0.0,0.0,0.0,3,Overcast,100,,2.9,9.0,Cloudy,68.9
2025-09-27T20:00,2025-09-27,20,21.0,84,0.1,0.1,0.0,0.0,51,Light Drizzle,100,,2.1,12.2,Rain,69.8
2025-09-27T21:00,2025-09-27,21,21.0,84,0.0,0.0,0.0,0.0,3,Overcast,100,,1.6,4.0,Cloudy,69.8
2025-09-27T22:00,2025-09-27,22,20.6,84,0.0,0.0,0.0,0.0,3,Overcast,100,,4.5,8.3,Cloudy,69.08
2025-09-27T23:00,2025-09-27,23,20.3,82,0.0,0.0,0.0,0.0,3,Overcast,100,,5.3,12.6,Cloudy,68.54
2025-09-28T00:00,2025-09-28,0,19.8,82,0.5,0.5,0.0,0.0,53,Moderate Drizzle,100,,1.6,10.8,Rain,67.64
2025-09-28T01:00,2025-09-28,1,19.3,85,0.0,0.0,0.0,0.0,3,Overcast,100,,2.8,5.0,Cloudy,66.74000000000001
2025-09-28T02:00,2025-09-28,2,19.2,88,0.1,0.1,0.0,0.0,51,Light Drizzle,100,,1.9,5.8,Rain,66.56
2025-09-28T03:00,2025-09-28,3,19.0,89,0.0,0.0,0.0,0.0,3,Overcast,100,,1.6,4.7,Cloudy,66.2
2025-09-28T04:00,2025-09-28,4,18.5,93,0.0,0.0,0.0,0.0,3,Overcast,100,,1.8,5.0,Cloudy,65.3
2025-09-28T05:00,2025-09-28,5,18.1,94,0.0,0.0,0.0,0.0,3,Overcast,96,,1.5,4.3,Cloudy,64.58
2025-09-28T06:00,2025-09-28,6,17.7,96,0.0,0.0,0.0,0.0,0,Clear,5,,1.8,3.6,Clear,63.86
2025-09-28T07:00,2025-09-28,7,19.1,92,0.0,0.0,0.0,0.0,0,Clear,5,,3.7,9.7,Clear,66.38
2025-09-28T08:00,2025-09-28,8,20.6,87,0.0,0.0,0.0,0.0,0,Clear,0,,3.7,13.7,Clear,69.08
2025-09-28T09:00,2025-09-28,9,21.9,79,0.0,0.0,0.0,0.0,0,Clear,1,,4.5,16.2,Clear,71.42
2025-09-28T10:00,2025-09-28,10,23.2,71,0.0,0.0,0.0,0.0,0,Clear,0,,5.2,18.0,Clear,73.75999999999999
2025-09-28T11:00,2025-09-28,11,24.5,67,0.0,0.0,0.0,0.0,0,Clear,0,,6.1,19.8,Clear,76.1
2025-09-28T12:00,2025-09-28,12,25.5,64,0.0,0.0,0.0,0.0,0,Clear,0,,5.9,20.2,Clear,77.9
2025-09-28T13:00,2025-09-28,13,26.4,62,0.0,0.0,0.0,0.0,0,Clear,0,,6.0,19.4,Clear,79.52
2025-09-28T14:00,2025-09-28,14,27.2,58,0.0,0.0,0.0,0.0,0,Clear,0,,6.0,19.4,Clear,80.96
2025-09-28T15:00,2025-09-28,15,27.9,52,0.0,0.0,0.0,0.0,0,Clear,1,,5.2,18.0,Clear,82.22
2025-09-28T16:00,2025-09-28,16,28.0,50,0.0,0.0,0.0,0.0,0,Clear,5,,4.8,14.8,Clear,82.4
2025-09-28T17:00,2025-09-28,17,27.0,60,0.0,0.0,0.0,0.0,0,Clear,0,,2.1,11.2,Clear,80.6
2025-09-28T18:00,2025-09-28,18,24.2,69,0.0,0.0,0.0,0.0,0,Clear,0,,4.9,9.0,Clear,75.56
2025-09-28T19:00,2025-09-28,19,23.5,73,0.0,0.0,0.0,0.0,0,Clear,0,,6.5,13.0,Clear,74.3
2025-09-28T20:00,2025-09-28,20,22.6,76,0.0,0.0,0.0,0.0,0,Clear,0,,5.0,11.2,Clear,72.68
2025-09-28T21:00,2025-09-28,21,21.8,79,0.0,0.0,0.0,0.0,0,Clear,10,,4.6,9.7,Clear,71.24000000000001
2025-09-28T22:00,2025-09-28,22,21.1,82,0.0,0.0,0.0,0.0,1,Mainly Clear,33,,4.6,9.4,Clear,69.98
2025-09-28T23:00,2025-09-28,23,20.5,85,0.0,0.0,0.0,0.0,0,Clear,19,,2.4,9.0,Clear,68.9
2025-09-29T00:00,2025-09-29,0,20.0,85,0.0,0.0,0.0,0.0,3,Overcast,81,,4.5,7.9,Cloudy,68.0
2025-09-29T01:00,2025-09-29,1,20.2,81,0.0,0.0,0.0,0.0,3,Overcast,99,,5.8,11.5,Cloudy,68.36
2025-09-29T02:00,2025-09-29,2,19.6,83,0.0,0.0,0.0,0.0,3,Overcast,100,,7.1,14.8,Cloudy,67.28
2025-09-29T03:00,2025-09-29,3,19.1,83,0.0,0.0,0.0,0.0,3,Overcast,100,,8.9,18.0,Cloudy,66.38
2025-09-29T04:00,2025-09-29,4,18.5,80,0.0,0.0,0.0,0.0,3,Overcast,99,,10.3,21.6,Cloudy,65.3
2025-09-29T05:00,2025-09-29,5,17.8,78,0.0,0.0,0.0,0.0,3,Overcast,100,,10.7,23.0,Cloudy,64.04
2025-09-29T06:00,2025-09-29,6,17.2,78,0.0,0.0,0.0,0.0,3,Overcast,100,,9.8,22.7,Cloudy,62.959999999999994
2025-09-29T07:00,2025-09-29,7,17.7,78,0.0,0.0,0.0,0.0,3,Overcast,100,,9.6,21.6,Cloudy,63.86
2025-09-29T08:00,2025-09-29,8,18.7,77,0.0,0.0,0.0,0.0,3,Overcast,100,,8.5,18.7,Cloudy,65.66
2025-09-29T09:00,2025-09-29,9,20.2,68,0.0,0.0,0.0,0.0,3,Overcast,100,,8.7,22.3,Cloudy,68.36
2025-09-29T10:00,2025-09-29,10,21.5,60,0.0,0.0,0.0,0.0,3,Overcast,97,,8.2,22.7,Cloudy,70.7
2025-09-29T11:00,2025-09-29,11,22.9,56,0.0,0.0,0.0,0.0,3,Overcast,100,,7.1,22.7,Cloudy,73.22
2025-09-29T12:00,2025-09-29,12,24.0,51,0.0,0.0,0.0,0.0,3,Overcast,100,,6.2,20.9,Cloudy,75.2
2025-09-29T13:00,2025-09-29,13,24.1,50,0.0,0.0,0.0,0.0,3,Overcast,100,,5.0,19.4,Cloudy,75.38
2025-09-29T14:00,2025-09-29,14,24.0,51,0.0,0.0,0.0,0.0,3,Overcast,100,,5.6,16.2,Cloudy,75.2
2025-09-29T15:00,2025-09-29,15,23.6,52,0.0,0.0,0.0,0.0,3,Overcast,100,,5.3,15.8,Cloudy,74.48
2025-09-29T16:00,2025-09-29,16,23.1,56,0.0,0.0,0.0,0.0,3,Overcast,100,,3.4,13.7,Cloudy,73.58
2025-09-29T17:00,2025-09-29,17,22.5,69,0.0,0.0,0.0,0.0,3,Overcast,100,,1.3,7.9,Cloudy,72.5
2025-09-29T18:00,2025-09-29,18,21.2,69,0.0,0.0,0.0,0.0,3,Overcast,100,,1.4,2.5,Cloudy,70.16
2025-09-29T19:00,2025-09-29,19,20.1,77,0.0,0.0,0.0,0.0,3,Overcast,100,,2.9,4.7,Cloudy,68.18
2025-09-29T20:00,2025-09-29,20,19.4,83,0.0,0.0,0.0,0.0,3,Overcast,100,,4.3,9.7,Cloudy,66.92
2025-09-29T21:00,2025-09-29,21,19.0,86,0.0,0.0,0.0,0.0,3,Overcast,100,,3.6,9.0,Cloudy,66.2
2025-09-29T22:00,2025-09-29,22,18.6,87,0.0,0.0,0.0,0.0,3,Overcast,100,,3.1,7.2,Cloudy,65.48
2025-09-29T23:00,2025-09-29,23,18.4,88,0.0,0.0,0.0,0.0,3,Overcast,100,,3.0,5.8,Cloudy,65.12
2025-09-30T00:00,2025-09-30,0,18.1,88,0.0,0.0,0.0,0.0,3,Overcast,100,,3.2,5.8,Cloudy,64.58
2025-09-30T01:00,2025-09-30,1,17.9,88,0.0,0.0,0.0,0.0,3,Overcast,100,,3.3,6.1,Cloudy,64.22
2025-09-30T02:00,2025-09-30,2,17.6,86,0.0,0.0,0.0,0.0,3,Overcast,100,,3.7,7.6,Cloudy,63.68
2025-09-30T03:00,2025-09-30,3,17.4,86,0.0,0.0,0.0,0.0,3,Overcast,100,,4.0,8.3,Cloudy,63.32
2025-09-30T04:00,2025-09-30,4,17.1,87,0.0,0.0,0.0,0.0,3,Overcast,100,,4.2,8.3,Cloudy,62.78
2025-09-30T05:00,2025-09-30,5,17.0,86,0.0,0.0,0.0,0.0,3,Overcast,100,,6.0,12.2,Cloudy,62.6
2025-09-30T06:00,2025-09-30,6,17.0,81,0.0,0.0,0.0,0.0,3,Overcast,100,,6.8,14.4,Cloudy,62.6
2025-09-30T07:00,2025-09-30,7,17.5,76,0.0,0.0,0.0,0.0,3,Overcast,100,,6.5,14.4,Cloudy,63.5
2025-09-30T08:00,2025-09-30,8,18.6,72,0.0,0.0,0.0,0.0,3,Overcast,100,,7.1,14.8,Cloudy,65.48
2025-09-30T09:00,2025-09-30,9,20.2,63,0.0,0.0,0.0,0.0,3,Overcast,100,,8.3,19.8,Cloudy,68.36
2025-09-30T10:00,2025-09-30,10,21.6,56,0.0,0.0,0.0,0.0,3,Overcast,100,,9.3,23.4,Cloudy,70.88
2025-09-30T11:00,2025-09-30,11,22.9,53,0.0,0.0,0.0,0.0,3,Overcast,100,,9.0,24.5,Cloudy,73.22
2025-09-30T12:00,2025-09-30,12,24.4,48,0.0,0.0,0.0,0.0,3,Overcast,100,,10.7,27.7,Cloudy,75.92
2025-09-30T13:00,2025-09-30,13,25.1,46,0.0,0.0,0.0,0.0,3,Overcast,100,,10.4,28.1,Cloudy,77.18
2025-09-30T14:00,2025-09-30,14,25.3,46,0.0,0.0,0.0,0.0,3,Overcast,100,,10.4,26.6,Cloudy,77.54
2025-09-30T15:00,2025-09-30,15,25.4,47,0.0,0.0,0.0,0.0,3,Overcast,100,,10.0,25.6,Cloudy,77.72
2025-09-30T16:00,2025-09-30,16,24.6,51,0.0,0.0,0.0,0.0,3,Overcast,100,,7.6,23.0,Cloudy,76.28
2025-09-30T17:00,2025-09-30,17,23.2,59,0.0,0.0,0.0,0.0,3,Overcast,100,,5.4,17.3,Cloudy,73.75999999999999
2025-09-30T18:00,2025-09-30,18,21.6,65,0.0,0.0,0.0,0.0,3,Overcast,100,,11.2,22.7,Cloudy,70.88
2025-09-30T19:00,2025-09-30,19,21.2,65,0.0,0.0,0.0,0.0,3,Overcast,99,,12.8,29.5,Cloudy,70.16
2025-09-30T20:00,2025-09-30,20,20.3,62,0.0,0.0,0.0,0.0,3,Overcast,99,,12.1,27.4,Cloudy,68.54
2025-09-30T21:00,2025-09-30,21,19.6,49,0.0,0.0,0.0,0.0,3,Overcast,98,,14.1,30.2,Cloudy,67.28
2025-09-30T22:00,2025-09-30,22,18.8,48,0.0,0.0,0.0,0.0,1,Mainly Clear,49,,13.7,31.3,Clear,65.84
2025-09-30T23:00,2025-09-30,23,18.1,56,0.0,0.0,0.0,0.0,1,Mainly Clear,30,,12.5,29.2,Clear,64.58
2025-10-01T00:00,2025-10-01,0,17.2,60,0.0,0.0,0.0,0.0,1,Mainly Clear,43,,13.9,30.6,Clear,62.959999999999994
2025-10-01T01:00,2025-10-01,1,16.3,58,0.0,0.0,0.0,0.0,2,Partly Cloudy,57,,14.4,33.1,Cloudy,61.34
2025-10-01T02:00,2025-10-01,2,15.0,59,0.0,0.0,0.0,0.0,3,Overcast,96,,13.0,31.7,Cloudy,59.0
2025-10-01T03:00,2025-10-01,3,13.9,61,0.0,0.0,0.0,0.0,3,Overcast,91,,12.9,29.5,Cloudy,57.02
2025-10-01T04:00,2025-10-01,4,13.1,63,0.0,0.0,0.0,0.0,0,Clear,1,,13.7,31.3,Clear,55.58
2025-10-01T05:00,2025-10-01,5,12.6,63,0.0,0.0,0.0,0.0,0,Clear,0,,13.2,31.0,Clear,54.68
2025-10-01T06:00,2025-10-01,6,12.1,65,0.0,0.0,0.0,0.0,0,Clear,0,,12.6,29.9,Clear,53.78
2025-10-01T07:00,2025-10-01,7,12.6,66,0.0,0.0,0.0,0.0,0,Clear,0,,10.3,28.8,Clear,54.68
2025-10-01T08:00,2025-10-01,8,13.8,60,0.0,0.0,0.0,0.0,0,Clear,0,,12.6,30.2,Clear,56.84
2025-10-01T09:00,2025-10-01,9,15.4,54,0.0,0.0,0.0,0.0,0,Clear,0,,13.2,33.8,Clear,59.72
2025-10-01T10:00,2025-10-01,10,16.8,50,0.0,0.0,0.0,0.0,0,Clear,0,,12.7,34.6,Clear,62.24
2025-10-01T11:00,2025-10-01,11,18.0,44,0.0,0.0,0.0,0.0,0,Clear,0,,12.5,33.8,Clear,64.4
2025-10-01T12:00,2025-10-01,12,18.7,43,0.0,0.0,0.0,0.0,0,Clear,0,,12.4,34.2,Clear,65.66
2025-10-01T13:00,2025-10-01,13,19.9,37,0.0,0.0,0.0,0.0,0,Clear,0,,11.9,34.9,Clear,67.82
2025-10-01T14:00,2025-10-01,14,20.2,35,0.0,0.0,0.0,0.0,0,Clear,0,,12.2,32.4,Clear,68.36
2025-10-01T15:00,2025-10-01,15,20.3,34,0.0,0.0,0.0,0.0,0,Clear,0,,13.4,33.5,Clear,68.54
2025-10-01T16:00,2025-10-01,16,19.9,33,0.0,0.0,0.0,0.0,0,Clear,0,,13.1,33.5,Clear,67.82
2025-10-01T17:00,2025-10-01,17,18.7,37,0.0,0.0,0.0,0.0,0,Clear,0,,10.6,31.0,Clear,65.66
2025-10-01T18:00,2025-10-01,18,17.0,45,0.0,0.0,0.0,0.0,0,Clear,0,,9.0,24.1,Clear,62.6
2025-10-01T19:00,2025-10-01,19,16.6,50,0.0,0.0,0.0,0.0,0,Clear,0,,9.7,23.8,Clear,61.88
2025-10-01T20:00,2025-10-01,20,15.4,54,0.0,0.0,0.0,0.0,0,Clear,0,,8.3,20.5,Clear,59.72
2025-10-01T21:00,2025-10-01,21,14.6,56,0.0,0.0,0.0,0.0,0,Clear,0,,8.3,19.1,Clear,58.28
2025-10-01T22:00,2025-10-01,22,13.8,59,0.0,0.0,0.0,0.0,0,Clear,0,,8.1,18.4,Clear,56.84
2025-10-01T23:00,2025-10-01,23,13.2,61,0.0,0.0,0.0,0.0,0,Clear,0,,8.7,19.4,Clear,55.76
2025-10-02T00:00,2025-10-02,0,12.6,64,0.0,0.0,0.0,0.0,0,Clear,0,,8.6,19.1,Clear,54.68
2025-10-02T01:00,2025-10-02,1,11.5,69,0.0,0.0,0.0,0.0,0,Clear,0,,8.7,19.1,Clear,52.7
2025-10-02T02:00,2025-10-02,2,10.9,74,0.0,0.0,0.0,0.0,0,Clear,0,,7.9,18.4,Clear,51.620000000000005
2025-10-02T03:00,2025-10-02,3,10.6,76,0.0,0.0,0.0,0.0,0,Clear,0,,7.6,17.6,Clear,51.08
2025-10-02T04:00,2025-10-02,4,10.3,76,0.0,0.0,0.0,0.0,0,Clear,0,,8.0,18.0,Clear,50.54
2025-10-02T05:00,2025-10-02,5,9.9,77,0.0,0.0,0.0,0.0,0,Clear,0,,7.9,18.0,Clear,49.82
2025-10-02T06:00,2025-10-02,6,9.6,77,0.0,0.0,0.0,0.0,0,Clear,0,,8.2,18.4,Clear,49.28
2025-10-02T07:00,2025-10-02,7,10.8,78,0.0,0.0,0.0,0.0,0,Clear,0,,8.0,18.4,Clear,51.44
2025-10-02T08:00,2025-10-02,8,12.7,64,0.0,0.0,0.0,0.0,0,Clear,0,,6.7,18.7,Clear,54.86
2025-10-02T09:00,2025-10-02,9,14.8,58,0.0,0.0,0.0,0.0,0,Clear,16,,7.5,22.3,Clear,58.64
2025-10-02T10:00,2025-10-02,10,16.3,50,0.0,0.0,0.0,0.0,0,Clear,18,,7.3,23.4,Clear,61.34
2025-10-02T11:00,2025-10-02,11,17.4,44,0.0,0.0,0.0,0.0,1,Mainly Clear,42,,7.3,23.8,Clear,63.32
2025-10-02T12:00,2025-10-02,12,18.1,40,0.0,0.0,0.0,0.0,1,Mainly Clear,46,,6.6,23.8,Clear,64.58
2025-10-02T13:00,2025-10-02,13,18.5,38,0.0,0.0,0.0,0.0,3,Overcast,100,,5.4,23.0,Cloudy,65.3
2025-10-02T14:00,2025-10-02,14,19.0,36,0.0,0.0,0.0,0.0,3,Overcast,100,,4.7,20.2,Cloudy,66.2
2025-10-02T15:00,2025-10-02,15,19.0,35,0.0,0.0,0.0,0.0,3,Overcast,100,,4.4,18.7,Cloudy,66.2
2025-10-02T16:00,2025-10-02,16,18.5,36,0.0,0.0,0.0,0.0,3,Overcast,98,,5.0,16.6,Cloudy,65.3
2025-10-02T17:00,2025-10-02,17,17.6,40,0.0,0.0,0.0,0.0,3,Overcast,93,,5.4,15.5,Cloudy,63.68
2025-10-02T18:00,2025-10-02,18,16.0,52,0.0,0.0,0.0,0.0,1,Mainly Clear,40,,6.0,13.3,Clear,60.8
2025-10-02T19:00,2025-10-02,19,14.7,64,0.0,0.0,0.0,0.0,1,Mainly Clear,30,,5.6,15.1,Clear,58.459999999999994
2025-10-02T20:00,2025-10-02,20,13.4,76,0.0,0.0,0.0,0.0,2,Partly Cloudy,60,,5.0,11.9,Cloudy,56.120000000000005
2025-10-02T21:00,2025-10-02,21,13.1,76,0.0,0.0,0.0,0.0,0,Clear,7,,4.5,9.7,Clear,55.58
2025-10-02T22:00,2025-10-02,22,13.1,76,0.0,0.0,0.0,0.0,2,Partly Cloudy,63,,2.3,7.9,Cloudy,55.58
2025-10-02T23:00,2025-10-02,23,12.7,78,0.0,0.0,0.0,0.0,3,Overcast,89,,2.4,5.0,Cloudy,54.86
2025-10-03T00:00,2025-10-03,0,12.1,82,0.0,0.0,0.0,0.0,3,Overcast,99,,4.2,7.9,Cloudy,53.78
2025-10-03T01:00,2025-10-03,1,11.1,88,0.0,0.0,0.0,0.0,3,Overcast,87,,5.8,11.5,Cloudy,51.98
2025-10-03T02:00,2025-10-03,2,9.8,87,0.0,0.0,0.0,0.0,2,Partly Cloudy,77,,4.4,12.6,Cloudy,49.64
2025-10-03T03:00,2025-10-03,3,9.4,87,0.0,0.0,0.0,0.0,1,Mainly Clear,48,,3.8,7.9,Clear,48.92
2025-10-03T04:00,2025-10-03,4,9.4,88,0.0,0.0,0.0,0.0,3,Overcast,81,,2.1,6.8,Cloudy,48.92
2025-10-03T05:00,2025-10-03,5,9.1,90,0.0,0.0,0.0,0.0,0,Clear,0,,1.7,4.3,Clear,48.379999999999995
2025-10-03T06:00,2025-10-03,6,9.0,92,0.0,0.0,0.0,0.0,0,Clear,6,,1.8,4.0,Clear,48.2
2025-10-03T07:00,2025-10-03,7,10.6,87,0.0,0.0,0.0,0.0,3,Overcast,88,,5.0,7.6,Cloudy,51.08
2025-10-03T08:00,2025-10-03,8,12.8,75,0.0,0.0,0.0,0.0,3,Overcast,93,,2.7,10.8,Cloudy,55.04
2025-10-03T09:00,2025-10-03,9,15.4,60,0.0,0.0,0.0,0.0,3,Overcast,94,,4.0,15.1,Cloudy,59.72
2025-10-03T10:00,2025-10-03,10,17.6,52,0.0,0.0,0.0,0.0,1,Mainly Clear,28,,6.4,20.5,Clear,63.68
2025-10-03T11:00,2025-10-03,11,19.1,49,0.0,0.0,0.0,0.0,1,Mainly Clear,29,,8.4,25.2,Clear,66.38
2025-10-03T12:00,2025-10-03,12,20.3,46,0.0,0.0,0.0,0.0,0,Clear,8,,8.7,26.6,Clear,68.54
2025-10-03T13:00,2025-10-03,13,21.5,43,0.0,0.0,0.0,0.0,0,Clear,0,,8.3,26.6,Clear,70.7
2025-10-03T14:00,2025-10-03,14,22.0,41,0.0,0.0,0.0,0.0,0,Clear,0,,8.9,25.9,Clear,71.6
2025-10-03T15:00,2025-10-03,15,22.1,41,0.0,0.0,0.0,0.0,0,Clear,0,,8.5,25.9,Clear,71.78
2025-10-03T16:00,2025-10-03,16,21.6,43,0.0,0.0,0.0,0.0,0,Clear,0,,7.7,23.8,Clear,70.88
2025-10-03T17:00,2025-10-03,17,20.1,50,0.0,0.0,0.0,0.0,0,Clear,0,,6.3,20.5,Clear,68.18
2025-10-03T18:00,2025-10-03,18,18.1,61,0.0,0.0,0.0,0.0,0,Clear,0,,6.3,15.1,Clear,64.58
2025-10-03T19:00,2025-10-03,19,17.8,65,0.0,0.0,0.0,0.0,0,Clear,0,,6.0,14.4,Clear,64.04
2025-10-03T20:00,2025-10-03,20,17.0,67,0.0,0.0,0.0,0.0,0,Clear,0,,5.8,12.6,Clear,62.6
2025-10-03T21:00,2025-10-03,21,16.5,68,0.0,0.0,0.0,0.0,0,Clear,0,,6.5,14.0,Clear,61.7
2025-10-03T22:00,2025-10-03,22,15.9,69,0.0,0.0,0.0,0.0,0,Clear,0,,6.8,14.8,Clear,60.62
2025-10-03T23:00,2025-10-03,23,15.4,71,0.0,0.0,0.0,0.0,0,Clear,0,,7.1,15.1,Clear,59.72
2025-10-04T00:00,2025-10-04,0,15.0,75,0.0,0.0,0.0,0.0,0,Clear,0,,8.0,16.9,Clear,59.0
2025-10-04T01:00,2025-10-04,1,14.0,78,0.0,0.0,0.0,0.0,0,Clear,0,,9.4,18.4,Clear,57.2
2025-10-04T02:00,2025-10-04,2,13.5,80,0.0,0.0,0.0,0.0,0,Clear,0,,8.1,19.4,Clear,56.3
2025-10-04T03:00,2025-10-04,3,13.1,83,0.0,0.0,0.0,0.0,0,Clear,0,,6.9,17.3,Clear,55.58
2025-10-04T04:00,2025-10-04,4,12.5,86,0.0,0.0,0.0,0.0,0,Clear,0,,5.8,14.8,Clear,54.5
2025-10-04T05:00,2025-10-04,5,12.1,87,0.0,0.0,0.0,0.0,0,Clear,0,,5.1,12.2,Clear,53.78
2025-10-04T06:00,2025-10-04,6,11.8,88,0.0,0.0,0.0,0.0,0,Clear,0,,4.9,11.2,Clear,53.24
2025-10-04T07:00,2025-10-04,7,13.5,86,0.0,0.0,0.0,0.0,0,Clear,0,,7.4,11.2,Clear,56.3
2025-10-04T08:00,2025-10-04,8,15.7,75,0.0,0.0,0.0,0.0,0,Clear,0,,3.2,13.3,Clear,60.26
2025-10-04T09:00,2025-10-04,9,19.0,62,0.0,0.0,0.0,0.0,0,Clear,0,,1.9,12.2,Clear,66.2
2025-10-04T10:00,2025-10-04,10,21.8,52,0.0,0.0,0.0,0.0,0,Clear,2,,1.7,13.0,Clear,71.24000000000001
2025-10-04T11:00,2025-10-04,11,24.1,45,0.0,0.0,0.0,0.0,0,Clear,7,,1.8,13.7,Clear,75.38
2025-10-04T12:00,2025-10-04,12,25.9,39,0.0,0.0,0.0,0.0,0,Clear,15,,2.5,14.8,Clear,78.62
2025-10-04T13:00,2025-10-04,13,26.9,35,0.0,0.0,0.0,0.0,2,Partly Cloudy,52,,4.2,17.6,Cloudy,80.42
2025-10-04T14:00,2025-10-04,14,27.5,34,0.0,0.0,0.0,0.0,1,Mainly Clear,23,,5.0,18.7,Clear,81.5
2025-10-04T15:00,2025-10-04,15,27.8,33,0.0,0.0,0.0,0.0,0,Clear,17,,5.0,18.4,Clear,82.04
2025-10-04T16:00,2025-10-04,16,27.6,32,0.0,0.0,0.0,0.0,0,Clear,2,,3.8,16.6,Clear,81.68
2025-10-04T17:00,2025-10-04,17,25.4,45,0.0,0.0,0.0,0.0,0,Clear,1,,2.3,10.8,Clear,77.72
2025-10-04T18:00,2025-10-04,18,22.5,62,0.0,0.0,0.0,0.0,0,Clear,11,,7.5,15.5,Clear,72.5
2025-10-04T19:00,2025-10-04,19,21.8,68,0.0,0.0,0.0,0.0,2,Partly Cloudy,52,,6.2,15.8,Cloudy,71.24000000000001
2025-10-04T20:00,2025-10-04,20,20.5,77,0.0,0.0,0.0,0.0,3,Overcast,93,,3.0,12.2,Cloudy,68.9
2025-10-04T21:00,2025-10-04,21,20.3,77,0.0,0.0,0.0,0.0,3,Overcast,97,,2.2,5.0,Cloudy,68.54
2025-10-04T22:00,2025-10-04,22,19.9,75,0.0,0.0,0.0,0.0,2,Partly Cloudy,74,,3.0,4.7,Cloudy,67.82
2025-10-04T23:00,2025-10-04,23,19.2,70,0.0,0.0,0.0,0.0,2,Partly Cloudy,55,,4.9,9.0,Cloudy,66.56
2025-10-05T00:00,2025-10-05,0,18.5,69,0.0,0.0,0.0,0.0,0,Clear,0,,5.0,9.7,Clear,65.3
2025-10-05T01:00,2025-10-05,1,17.1,75,0.0,0.0,0.0,0.0,0,Clear,0,,4.2,9.7,Clear,62.78
2025-10-05T02:00,2025-10-05,2,16.2,78,0.0,0.0,0.0,0.0,0,Clear,0,,3.8,8.3,Clear,61.16
2025-10-05T03:00,2025-10-05,3,15.8,80,0.0,0.0,0.0,0.0,0,Clear,0,,2.2,6.5,Clear,60.440000000000005
2025-10-05T04:00,2025-10-05,4,15.3,83,0.0,0.0,0.0,0.0,0,Clear,0,,1.4,4.3,Clear,59.540000000000006
2025-10-05T05:00,2025-10-05,5,14.8,87,0.0,0.0,0.0,0.0,0,Clear,2,,1.0,2.9,Clear,58.64
2025-10-05T06:00,2025-10-05,6,14.4,90,0.0,0.0,0.0,0.0,0,Clear,0,,0.7,2.5,Clear,57.92
2025-10-05T07:00,2025-10-05,7,15.4,88,0.0,0.0,0.0,0.0,0,Clear,0,,2.9,5.4,Clear,59.72
2025-10-05T08:00,2025-10-05,8,18.2,75,0.0,0.0,0.0,0.0,0,Clear,0,,0.2,7.9,Clear,64.75999999999999
2025-10-05T09:00,2025-10-05,9,21.3,61,0.0,0.0,0.0,0.0,0,Clear,0,,0.4,9.7,Clear,70.34
2025-10-05T10:00,2025-10-05,10,24.0,52,0.0,0.0,0.0,0.0,0,Clear,0,,0.8,11.9,Clear,75.2
2025-10-05T11:00,2025-10-05,11,26.2,45,0.0,0.0,0.0,0.0,0,Clear,0,,2.0,14.0,Clear,79.16
2025-10-05T12:00,2025-10-05,12,27.9,39,0.0,0.0,0.0,0.0,0,Clear,0,,4.0,17.6,Clear,82.22
2025-10-05T13:00,2025-10-05,13,29.0,33,0.0,0.0,0.0,0.0,0,Clear,0,,5.5,20.5,Clear,84.2
2025-10-05T14:00,2025-10-05,14,29.8,31,0.0,0.0,0.0,0.0,0,Clear,0,,6.0,20.9,Clear,85.64
2025-10-05T15:00,2025-10-05,15,29.5,31,0.0,0.0,0.0,0.0,0,Clear,0,,7.4,22.0,Clear,85.1
2025-10-05T16:00,2025-10-05,16,27.7,39,0.0,0.0,0.0,0.0,0,Clear,0,,9.6,24.8,Clear,81.86
2025-10-05T17:00,2025-10-05,17,24.6,53,0.0,0.0,0.0,0.0,0,Clear,0,,9.1,25.2,Clear,76.28
2025-10-05T18:00,2025-10-05,18,22.8,60,0.0,0.0,0.0,0.0,0,Clear,0,,8.1,21.2,Clear,73.04
2025-10-05T19:00,2025-10-05,19,22.0,66,0.0,0.0,0.0,0.0,0,Clear,0,,7.6,18.0,Clear,71.6
2025-10-05T20:00,2025-10-05,20,22.0,63,0.0,0.0,0.0,0.0,0,Clear,0,,5.8,16.2,Clear,71.6
2025-10-05T21:00,2025-10-05,21,21.4,65,0.0,0.0,0.0,0.0,0,Clear,0,,5.3,12.6,Clear,70.52
2025-10-05T22:00,2025-10-05,22,20.9,67,0.0,0.0,0.0,0.0,0,Clear,0,,6.9,14.4,Clear,69.62
2025-10-05T23:00,2025-10-05,23,20.4,66,0.0,0.0,0.0,0.0,0,Clear,0,,7.3,15.1,Clear,68.72
2025-10-06T00:00,2025-10-06,0,19.6,65,0.0,0.0,0.0,0.0,0,Clear,0,,6.5,15.1,Clear,67.28
2025-10-06T01:00,2025-10-06,1,18.2,64,0.0,0.0,0.0,0.0,0,Clear,0,,5.9,13.7,Clear,64.75999999999999
2025-10-06T02:00,2025-10-06,2,17.0,68,0.0,0.0,0.0,0.0,0,Clear,0,,4.5,11.9,Clear,62.6
2025-10-06T03:00,2025-10-06,3,16.3,73,0.0,0.0,0.0,0.0,0,Clear,0,,4.1,9.7,Clear,61.34
2025-10-06T04:00,2025-10-06,4,15.8,76,0.0,0.0,0.0,0.0,0,Clear,0,,4.3,9.4,Clear,60.440000000000005
2025-10-06T05:00,2025-10-06,5,15.1,81,0.0,0.0,0.0,0.0,0,Clear,0,,4.4,9.7,Clear,59.18
2025-10-06T06:00,2025-10-06,6,14.6,86,0.0,0.0,0.0,0.0,0,Clear,0,,4.6,10.1,Clear,58.28
2025-10-06T07:00,2025-10-06,7,15.6,83,0.0,0.0,0.0,0.0,0,Clear,0,,5.9,11.9,Clear,60.08
2025-10-06T08:00,2025-10-06,8,17.5,75,0.0,0.0,0.0,0.0,0,Clear,0,,4.0,14.0,Clear,63.5
2025-10-06T09:00,2025-10-06,9,20.0,65,0.0,0.0,0.0,0.0,0,Clear,0,,3.7,15.8,Clear,68.0
2025-10-06T10:00,2025-10-06,10,22.5,57,0.0,0.0,0.0,0.0,0,Clear,0,,4.1,17.6,Clear,72.5
2025-10-06T11:00,2025-10-06,11,24.5,51,0.0,0.0,0.0,0.0,0,Clear,0,,5.7,21.2,Clear,76.1
2025-10-06T12:00,2025-10-06,12,25.7,46,0.0,0.0,0.0,0.0,0,Clear,0,,7.9,25.6,Clear,78.25999999999999
2025-10-06T13:00,2025-10-06,13,26.8,43,0.0,0.0,0.0,0.0,0,Clear,0,,9.5,29.2,Clear,80.24000000000001
2025-10-06T14:00,2025-10-06,14,26.8,46,0.0,0.0,0.0,0.0,0,Clear,0,,10.4,30.2,Clear,80.24000000000001
2025-10-06T15:00,2025-10-06,15,25.3,54,0.0,0.0,0.0,0.0,0,Clear,0,,12.5,33.1,Clear,77.54
2025-10-06T16:00,2025-10-06,16,23.5,59,0.0,0.0,0.0,0.0,0,Clear,0,,12.8,34.2,Clear,74.3
2025-10-06T17:00,2025-10-06,17,21.8,70,0.0,0.0,0.0,0.0,1,Mainly Clear,20,,10.7,31.7,Clear,71.24000000000001
2025-10-06T18:00,2025-10-06,18,20.4,82,0.0,0.0,0.0,0.0,1,Mainly Clear,35,,10.1,24.8,Clear,68.72
2025-10-06T19:00,2025-10-06,19,20.2,81,0.0,0.0,0.0,0.0,1,Mainly Clear,21,,10.6,23.0,Clear,68.36
2025-10-06T20:00,2025-10-06,20,20.1,80,0.0,0.0,0.0,0.0,2,Partly Cloudy,62,,9.7,23.0,Cloudy,68.18
2025-10-06T21:00,2025-10-06,21,20.0,80,0.0,0.0,0.0,0.0,0,Clear,1,,9.2,20.9,Clear,68.0
2025-10-06T22:00,2025-10-06,22,19.8,79,0.0,0.0,0.0,0.0,0,Clear,0,,9.3,19.8,Clear,67.64
2025-10-06T23:00,2025-10-06,23,19.2,80,0.0,0.0,0.0,0.0,0,Clear,0,,9.7,20.5,Clear,66.56
2025-10-07T00:00,2025-10-07,0,18.6,82,0.0,0.0,0.0,0.0,0,Clear,0,,9.4,20.5,Clear,65.48
2025-10-07T01:00,2025-10-07,1,18.3,83,0.0,0.0,0.0,0.0,0,Clear,0,,9.4,19.4,Clear,64.94
2025-10-07T02:00,2025-10-07,2,17.9,85,0.0,0.0,0.0,0.0,0,Clear,0,,8.7,19.4,Clear,64.22
2025-10-07T03:00,2025-10-07,3,17.6,86,0.0,0.0,0.0,0.0,0,Clear,0,,8.5,18.4,Clear,63.68
2025-10-07T04:00,2025-10-07,4,17.4,88,0.0,0.0,0.0,0.0,0,Clear,4,,8.6,18.0,Clear,63.32
2025-10-07T05:00,2025-10-07,5,17.3,89,0.0,0.0,0.0,0.0,0,Clear,0,,8.6,18.7,Clear,63.14
2025-10-07T06:00,2025-10-07,6,17.1,90,0.0,0.0,0.0,0.0,0,Clear,5,,8.3,18.0,Clear,62.78
2025-10-07T07:00,2025-10-07,7,17.9,86,0.0,0.0,0.0,0.0,0,Clear,4,,6.8,18.7,Clear,64.22
2025-10-07T08:00,2025-10-07,8,19.6,76,0.0,0.0,0.0,0.0,1,Mainly Clear,41,,7.9,20.9,Clear,67.28
2025-10-07T09:00,2025-10-07,9,21.7,66,0.0,0.0,0.0,0.0,0,Clear,12,,9.0,25.2,Clear,71.06
2025-10-07T10:00,2025-10-07,10,23.8,57,0.0,0.0,0.0,0.0,0,Clear,11,,10.0,28.4,Clear,74.84
2025-10-07T11:00,2025-10-07,11,25.8,49,0.0,0.0,0.0,0.0,2,Partly Cloudy,76,,12.7,33.8,Cloudy,78.44
2025-10-07T12:00,2025-10-07,12,27.4,42,0.0,0.0,0.0,0.0,3,Overcast,100,,19.2,45.4,Cloudy,81.32
2025-10-07T13:00,2025-10-07,13,26.9,47,0.0,0.0,0.0,0.0,3,Overcast,95,,16.2,47.9,Cloudy,80.42
2025-10-07T14:00,2025-10-07,14,27.3,44,0.0,0.0,0.0,0.0,3,Overcast,84,,15.4,40.0,Cloudy,81.14
2025-10-07T15:00,2025-10-07,15,27.4,43,0.0,0.0,0.0,0.0,3,Overcast,100,,14.9,38.5,Cloudy,81.32
2025-10-07T16:00,2025-10-07,16,26.8,44,0.0,0.0,0.0,0.0,3,Overcast,98,,13.8,37.4,Cloudy,80.24000000000001
2025-10-07T17:00,2025-10-07,17,25.5,49,0.0,0.0,0.0,0.0,3,Overcast,100,,11.5,33.5,Cloudy,77.9
2025-10-07T18:00,2025-10-07,18,23.9,58,0.0,0.0,0.0,0.0,3,Overcast,100,,12.5,29.2,Cloudy,75.02
2025-10-07T19:00,2025-10-07,19,22.6,68,0.0,0.0,0.0,0.0,3,Overcast,100,,17.1,35.6,Cloudy,72.68
2025-10-07T20:00,2025-10-07,20,22.2,69,0.0,0.0,0.0,0.0,3,Overcast,100,,16.0,38.9,Cloudy,71.96
2025-10-07T21:00,2025-10-07,21,21.6,73,0.0,0.0,0.0,0.0,3,Overcast,100,,14.4,36.0,Cloudy,70.88
2025-10-07T22:00,2025-10-07,22,21.7,73,0.0,0.0,0.0,0.0,3,Overcast,100,,13.8,32.4,Cloudy,71.06
2025-10-07T23:00,2025-10-07,23,21.8,72,0.0,0.0,0.0,0.0,3,Overcast,100,,15.1,33.8,Cloudy,71.24000000000001
2025-10-08T00:00,2025-10-08,0,21.3,73,0.2,0.2,0.0,0.0,51,Light Drizzle,100,,15.2,34.6,Rain,70.34
2025-10-08T01:00,2025-10-08,1,21.0,76,0.2,0.2,0.0,0.0,51,Light Drizzle,100,,14.4,34.6,Rain,69.8
2025-10-08T02:00,2025-10-08,2,21.3,78,0.1,0.1,0.0,0.0,51,Light Drizzle,100,,15.4,34.2,Rain,70.34
2025-10-08T03:00,2025-10-08,3,21.5,81,0.1,0.1,0.0,0.0,51,Light Drizzle,100,,16.5,37.1,Rain,70.7
2025-10-08T04:00,2025-10-08,4,20.6,86,0.6,0.6,0.0,0.0,53,Moderate Drizzle,100,,17.4,39.2,Rain,69.08
2025-10-08T05:00,2025-10-08,5,20.5,87,0.1,0.1,0.0,0.0,51,Light Drizzle,100,,16.2,37.8,Rain,68.9
2025-10-08T06:00,2025-10-08,6,20.6,88,0.2,0.2,0.0,0.0,51,Light Drizzle,100,,16.6,35.3,Rain,69.08
2025-10-08T07:00,2025-10-08,7,19.9,93,0.2,0.2,0.0,0.0,51,Light Drizzle,100,,14.1,37.4,Rain,67.82
2025-10-08T08:00,2025-10-08,8,19.0,86,1.1,1.1,0.0,0.0,55,Dense Drizzle,100,,13.3,29.2,Rain,66.2
2025-10-08T09:00,2025-10-08,9,18.0,90,2.2,2.2,0.0,0.0,61,Slight Rain,100,,13.1,28.1,Rain,64.4
2025-10-08T10:00,2025-10-08,10,18.0,85,0.4,0.4,0.0,0.0,51,Light Drizzle,100,,13.2,31.0,Rain,64.4
2025-10-08T11:00,2025-10-08,11,18.2,78,0.0,0.0,0.0,0.0,3,Overcast,100,,15.1,36.4,Cloudy,64.75999999999999
2025-10-08T12:00,2025-10-08,12,19.2,67,0.0,0.0,0.0,0.0,1,Mainly Clear,27,,15.6,41.4,Clear,66.56
2025-10-08T13:00,2025-10-08,13,19.8,60,0.0,0.0,0.0,0.0,0,Clear,13,,14.1,40.3,Clear,67.64
2025-10-08T14:00,2025-10-08,14,20.6,51,0.0,0.0,0.0,0.0,0,Clear,4,,13.8,35.6,Clear,69.08
2025-10-08T15:00,2025-10-08,15,20.9,47,0.0,0.0,0.0,0.0,0,Clear,2,,14.9,37.4,Clear,69.62
2025-10-08T16:00,2025-10-08,16,20.5,41,0.0,0.0,0.0,0.0,0,Clear,6,,15.5,36.4,Clear,68.9
2025-10-08T17:00,2025-10-08,17,18.8,43,0.0,0.0,0.0,0.0,0,Clear,0,,15.7,37.8,Clear,65.84
2025-10-08T18:00,2025-10-08,18,17.5,45,0.0,0.0,0.0,0.0,0,Clear,1,,14.1,35.6,Clear,63.5
2025-10-08T19:00,2025-10-08,19,16.5,51,0.0,0.0,0.0,0.0,0,Clear,2,,8.2,31.3,Clear,61.7
2025-10-08T20:00,2025-10-08,20,15.5,57,0.0,0.0,0.0,0.0,0,Clear,7,,9.5,19.1,Clear,59.9
2025-10-08T21:00,2025-10-08,21,15.2,56,0.0,0.0,0.0,0.0,0,Clear,0,,14.0,29.9,Clear,59.36
2025-10-08T22:00,2025-10-08,22,14.4,56,0.0,0.0,0.0,0.0,0,Clear,0,,13.3,31.7,Clear,57.92
2025-10-08T23:00,2025-10-08,23,13.4,61,0.0,0.0,0.0,0.0,0,Clear,2,,12.3,29.2,Clear,56.120000000000005
2025-10-09T00:00,2025-10-09,0,12.9,66,0.0,0.0,0.0,0.0,0,Clear,0,,12.4,27.4,Clear,55.22
2025-10-09T01:00,2025-10-09,1,12.1,70,0.0,0.0,0.0,0.0,0,Clear,0,,13.0,28.1,Clear,53.78
2025-10-09T02:00,2025-10-09,2,11.6,73,0.0,0.0,0.0,0.0,0,Clear,0,,12.0,27.7,Clear,52.879999999999995
2025-10-09T03:00,2025-10-09,3,11.3,74,0.0,0.0,0.0,0.0,0,Clear,0,,11.2,26.6,Clear,52.34
2025-10-09T04:00,2025-10-09,4,10.9,74,0.0,0.0,0.0,0.0,0,Clear,0,,11.3,25.2,Clear,51.620000000000005
2025-10-09T05:00,2025-10-09,5,10.4,74,0.0,0.0,0.0,0.0,0,Clear,0,,12.3,27.7,Clear,50.72
2025-10-09T06:00,2025-10-09,6,9.8,74,0.0,0.0,0.0,0.0,0,Clear,0,,12.8,29.2,Clear,49.64
2025-10-09T07:00,2025-10-09,7,10.4,71,0.0,0.0,0.0,0.0,0,Clear,0,,10.3,30.6,Clear,50.72
2025-10-09T08:00,2025-10-09,8,11.4,60,0.0,0.0,0.0,0.0,0,Clear,0,,14.6,34.6,Clear,52.52
2025-10-09T09:00,2025-10-09,9,12.2,55,0.0,0.0,0.0,0.0,0,Clear,0,,14.9,37.4,Clear,53.96
2025-10-09T10:00,2025-10-09,10,12.9,50,0.0,0.0,0.0,0.0,0,Clear,0,,14.7,38.2,Clear,55.22
2025-10-09T11:00,2025-10-09,11,13.5,43,0.0,0.0,0.0,0.0,0,Clear,0,,14.2,38.2,Clear,56.3
2025-10-09T12:00,2025-10-09,12,14.1,34,0.0,0.0,0.0,0.0,0,Clear,0,,13.7,37.4,Clear,57.379999999999995
2025-10-09T13:00,2025-10-09,13,14.8,31,0.0,0.0,0.0,0.0,0,Clear,0,,12.1,36.7,Clear,58.64
2025-10-09T14:00,2025-10-09,14,15.1,29,0.0,0.0,0.0,0.0,0,Clear,0,,12.1,33.1,Clear,59.18
2025-10-09T15:00,2025-10-09,15,14.9,30,0.0,0.0,0.0,0.0,0,Clear,0,,11.7,32.4,Clear,58.82
2025-10-09T16:00,2025-10-09,16,14.4,30,0.0,0.0,0.0,0.0,0,Clear,0,,11.5,30.6,Clear,57.92
2025-10-09T17:00,2025-10-09,17,13.2,34,0.0,0.0,0.0,0.0,0,Clear,0,,9.1,28.4,Clear,55.76
2025-10-09T18:00,2025-10-09,18,11.9,42,0.0,0.0,0.0,0.0,0,Clear,0,,8.5,20.9,Clear,53.42
2025-10-09T19:00,2025-10-09,19,11.3,45,0.0,0.0,0.0,0.0,0,Clear,0,,8.1,19.4,Clear,52.34
2025-10-09T20:00,2025-10-09,20,9.6,63,0.0,0.0,0.0,0.0,0,Clear,0,,5.5,17.3,Clear,49.28
2025-10-09T21:00,2025-10-09,21,9.1,68,0.0,0.0,0.0,0.0,0,Clear,0,,6.2,11.5,Clear,48.379999999999995
2025-10-09T22:00,2025-10-09,22,8.4,74,0.0,0.0,0.0,0.0,0,Clear,0,,6.0,11.9,Clear,47.120000000000005
2025-10-09T23:00,2025-10-09,23,7.9,76,0.0,0.0,0.0,0.0,0,Clear,0,,5.6,11.5,Clear,46.22
2025-10-10T00:00,2025-10-10,0,7.6,78,0.0,0.0,0.0,0.0,0,Clear,0,,5.7,11.9,Clear,45.68
2025-10-10T01:00,2025-10-10,1,6.6,74,0.0,0.0,0.0,0.0,0,Clear,0,,7.9,11.5,Clear,43.879999999999995
2025-10-10T02:00,2025-10-10,2,5.8,80,0.0,0.0,0.0,0.0,0,Clear,0,,5.4,16.6,Clear,42.44
2025-10-10T03:00,2025-10-10,3,5.6,83,0.0,0.0,0.0,0.0,0,Clear,0,,5.5,11.5,Clear,42.08
2025-10-10T04:00,2025-10-10,4,5.3,86,0.0,0.0,0.0,0.0,0,Clear,0,,5.9,12.2,Clear,41.54
2025-10-10T05:00,2025-10-10,5,5.2,88,0.0,0.0,0.0,0.0,0,Clear,0,,5.7,12.2,Clear,41.36
2025-10-10T06:00,2025-10-10,6,4.8,89,0.0,0.0,0.0,0.0,0,Clear,0,,4.9,11.5,Clear,40.64
2025-10-10T07:00,2025-10-10,7,6.6,87,0.0,0.0,0.0,0.0,0,Clear,0,,9.4,14.4,Clear,43.879999999999995
2025-10-10T08:00,2025-10-10,8,8.7,74,0.0,0.0,0.0,0.0,0,Clear,1,,5.7,17.3,Clear,47.66
2025-10-10T09:00,2025-10-10,9,11.4,65,0.0,0.0,0.0,0.0,0,Clear,17,,4.4,16.6,Clear,52.52
2025-10-10T10:00,2025-10-10,10,13.8,57,0.0,0.0,0.0,0.0,1,Mainly Clear,46,,4.5,18.0,Clear,56.84
2025-10-10T11:00,2025-10-10,11,15.4,49,0.0,0.0,0.0,0.0,2,Partly Cloudy,71,,7.1,21.2,Cloudy,59.72
2025-10-10T12:00,2025-10-10,12,16.1,45,0.0,0.0,0.0,0.0,3,Overcast,100,,10.7,29.5,Cloudy,60.980000000000004
2025-10-10T13:00,2025-10-10,13,15.9,48,0.0,0.0,0.0,0.0,3,Overcast,99,,10.3,31.0,Cloudy,60.62
2025-10-10T14:00,2025-10-10,14,15.9,46,0.0,0.0,0.0,0.0,1,Mainly Clear,25,,10.8,28.4,Clear,60.62
2025-10-10T15:00,2025-10-10,15,16.1,44,0.0,0.0,0.0,0.0,0,Clear,1,,9.8,29.2,Clear,60.980000000000004
2025-10-10T16:00,2025-10-10,16,15.4,47,0.0,0.0,0.0,0.0,0,Clear,4,,11.4,28.1,Clear,59.72
2025-10-10T17:00,2025-10-10,17,14.4,53,0.0,0.0,0.0,0.0,0,Clear,2,,7.6,28.1,Clear,57.92
2025-10-10T18:00,2025-10-10,18,13.4,65,0.0,0.0,0.0,0.0,0,Clear,17,,3.8,17.3,Clear,56.120000000000005
2025-10-10T19:00,2025-10-10,19,13.4,62,0.0,0.0,0.0,0.0,0,Clear,8,,9.0,10.8,Clear,56.120000000000005
2025-10-10T20:00,2025-10-10,20,12.6,68,0.0,0.0,0.0,0.0,1,Mainly Clear,20,,4.9,19.1,Clear,54.68
2025-10-10T21:00,2025-10-10,21,11.9,73,0.0,0.0,0.0,0.0,0,Clear,9,,4.2,10.4,Clear,53.42
2025-10-10T22:00,2025-10-10,22,11.3,75,0.0,0.0,0.0,0.0,0,Clear,0,,4.5,8.6,Clear,52.34
2025-10-10T23:00,2025-10-10,23,11.1,76,0.0,0.0,0.0,0.0,0,Clear,2,,2.8,8.6,Clear,51.98
2025-10-11T00:00,2025-10-11,0,10.8,79,0.0,0.0,0.0,0.0,0,Clear,1,,0.7,5.0,Clear,51.44
2025-10-11T01:00,2025-10-11,1,9.9,92,0.0,0.0,0.0,0.0,0,Clear,3,,2.5,2.2,Clear,49.82
2025-10-11T02:00,2025-10-11,2,9.6,94,0.0,0.0,0.0,0.0,0,Clear,8,,2.3,6.1,Clear,49.28
2025-10-11T03:00,2025-10-11,3,9.6,93,0.0,0.0,0.0,0.0,2,Partly Cloudy,71,,3.0,6.8,Cloudy,49.28
2025-10-11T04:00,2025-10-11,4,10.6,90,0.0,0.0,0.0,0.0,3,Overcast,100,,3.5,7.9,Cloudy,51.08
2025-10-11T05:00,2025-10-11,5,11.2,89,0.0,0.0,0.0,0.0,3,Overcast,100,,3.5,8.6,Cloudy,52.16
2025-10-11T06:00,2025-10-11,6,11.4,84,0.0,0.0,0.0,0.0,3,Overcast,100,,4.6,9.0,Cloudy,52.52
2025-10-11T07:00,2025-10-11,7,12.6,83,0.0,0.0,0.0,0.0,3,Overcast,100,,7.4,14.0,Cloudy,54.68
2025-10-11T08:00,2025-10-11,8,13.2,79,0.2,0.2,0.0,0.0,51,Light Drizzle,100,,4.9,13.3,Rain,55.76
2025-10-11T09:00,2025-10-11,9,13.4,81,0.6,0.6,0.0,0.0,53,Moderate Drizzle,100,,4.8,12.6,Rain,56.120000000000005
2025-10-11T10:00,2025-10-11,10,13.9,84,0.5,0.5,0.0,0.0,53,Moderate Drizzle,100,,6.3,16.2,Rain,57.02
2025-10-11T11:00,2025-10-11,11,15.6,80,0.0,0.0,0.0,0.0,3,Overcast,100,,5.2,17.6,Cloudy,60.08
2025-10-11T12:00,2025-10-11,12,17.5,76,0.0,0.0,0.0,0.0,3,Overcast,100,,5.1,17.3,Cloudy,63.5
2025-10-11T13:00,2025-10-11,13,18.1,74,0.1,0.1,0.0,0.0,51,Light Drizzle,96,,10.2,23.0,Rain,64.58
2025-10-11T14:00,2025-10-11,14,18.6,71,0.0,0.0,0.0,0.0,3,Overcast,100,,12.3,30.2,Cloudy,65.48
2025-10-11T15:00,2025-10-11,15,19.0,68,0.0,0.0,0.0,0.0,3,Overcast,100,,12.9,28.8,Cloudy,66.2
2025-10-11T16:00,2025-10-11,16,18.1,74,0.0,0.0,0.0,0.0,3,Overcast,100,,10.8,29.9,Cloudy,64.58
2025-10-11T17:00,2025-10-11,17,17.8,76,0.0,0.0,0.0,0.0,3,Overcast,100,,9.9,24.1,Cloudy,64.04
2025-10-11T18:00,2025-10-11,18,17.0,78,0.0,0.0,0.0,0.0,3,Overcast,100,,10.3,23.4,Cloudy,62.6
2025-10-11T19:00,2025-10-11,19,16.8,80,0.0,0.0,0.0,0.0,3,Overcast,100,,11.3,23.8,Cloudy,62.24
2025-10-11T20:00,2025-10-11,20,16.4,79,0.0,0.0,0.0,0.0,3,Overcast,100,,10.2,25.2,Cloudy,61.519999999999996
2025-10-11T21:00,2025-10-11,21,15.9,80,0.0,0.0,0.0,0.0,3,Overcast,95,,11.2,24.8,Cloudy,60.62
2025-10-11T22:00,2025-10-11,22,15.6,81,0.0,0.0,0.0,0.0,3,Overcast,100,,12.4,27.0,Cloudy,60.08
2025-10-11T23:00,2025-10-11,23,16.0,78,0.0,0.0,0.0,0.0,3,Overcast,100,,14.0,31.0,Cloudy,60.8
2025-10-12T00:00,2025-10-12,0,16.5,76,0.0,0.0,0.0,0.0,3,Overcast,100,,15.0,33.5,Cloudy,61.7
2025-10-12T01:00,2025-10-12,1,16.5,79,0.0,0.0,0.0,0.0,3,Overcast,100,,15.0,34.6,Cloudy,61.7
2025-10-12T02:00,2025-10-12,2,16.4,81,0.4,0.4,0.0,0.0,51,Light Drizzle,100,,15.5,33.5,Rain,61.519999999999996
2025-10-12T03:00,2025-10-12,3,16.1,80,0.1,0.1,0.0,0.0,51,Light Drizzle,100,,16.3,35.6,Rain,60.980000000000004
2025-10-12T04:00,2025-10-12,4,15.8,73,0.0,0.0,0.0,0.0,3,Overcast,100,,17.9,40.3,Cloudy,60.440000000000005
2025-10-12T05:00,2025-10-12,5,15.6,72,0.0,0.0,0.0,0.0,3,Overcast,100,,18.2,40.3,Cloudy,60.08
2025-10-12T06:00,2025-10-12,6,15.6,67,0.0,0.0,0.0,0.0,3,Overcast,100,,18.8,43.6,Cloudy,60.08
2025-10-12T07:00,2025-10-12,7,15.4,66,0.0,0.0,0.0,0.0,3,Overcast,100,,18.0,43.6,Cloudy,59.72
2025-10-12T08:00,2025-10-12,8,15.4,64,0.0,0.0,0.0,0.0,3,Overcast,100,,19.1,42.8,Cloudy,59.72
2025-10-12T09:00,2025-10-12,9,14.9,67,0.0,0.0,0.0,0.0,3,Overcast,100,,19.1,44.6,Cloudy,58.82
2025-10-12T10:00,2025-10-12,10,15.0,69,0.0,0.0,0.0,0.0,3,Overcast,100,,19.8,45.4,Cloudy,59.0
2025-10-12T11:00,2025-10-12,11,15.6,66,0.0,0.0,0.0,0.0,3,Overcast,100,,19.8,45.7,Cloudy,60.08
2025-10-12T12:00,2025-10-12,12,16.1,65,0.1,0.1,0.0,0.0,51,Light Drizzle,100,,19.8,46.4,Rain,60.980000000000004
2025-10-12T13:00,2025-10-12,13,15.1,74,0.3,0.3,0.0,0.0,51,Light Drizzle,100,,19.0,46.1,Rain,59.18
2025-10-12T14:00,2025-10-12,14,14.9,75,0.8,0.8,0.0,0.0,53,Moderate Drizzle,100,,21.5,47.9,Rain,58.82
2025-10-12T15:00,2025-10-12,15,13.8,85,2.1,2.1,0.0,0.0,61,Slight Rain,100,,24.6,50.8,Rain,56.84
2025-10-12T16:00,2025-10-12,16,13.4,92,2.1,2.1,0.0,0.0,61,Slight Rain,100,,24.4,53.3,Rain,56.120000000000005
2025-10-12T17:00,2025-10-12,17,13.4,92,1.5,1.5,0.0,0.0,61,Slight Rain,100,,24.1,51.1,Rain,56.120000000000005
2025-10-12T18:00,2025-10-12,18,13.6,91,1.2,1.2,0.0,0.0,55,Dense Drizzle,100,,24.6,50.0,Rain,56.48
2025-10-12T19:00,2025-10-12,19,13.1,93,0.7,0.7,0.0,0.0,53,Moderate Drizzle,100,,23.9,52.9,Rain,55.58
2025-10-12T20:00,2025-10-12,20,13.2,93,1.8,1.8,0.0,0.0,61,Slight Rain,100,,23.1,50.0,Rain,55.76
2025-10-12T21:00,2025-10-12,21,13.4,93,1.4,1.4,0.0,0.0,61,Slight Rain,100,,23.7,50.0,Rain,56.120000000000005
2025-10-12T22:00,2025-10-12,22,13.6,92,1.4,1.4,0.0,0.0,61,Slight Rain,100,,23.8,50.0,Rain,56.48
2025-10-12T23:00,2025-10-12,23,13.6,92,1.6,1.6,0.0,0.0,61,Slight Rain,100,,22.7,49.7,Rain,56.48
2025-10-13T00:00,2025-10-13,0,13.6,92,2.8,2.8,0.0,0.0,63,Moderate Rain,100,,27.2,55.8,Rain,56.48
2025-10-13T01:00,2025-10-13,1,14.1,89,3.9,3.9,0.0,0.0,63,Moderate Rain,100,,28.6,59.4,Rain,57.379999999999995
2025-10-13T02:00,2025-10-13,2,13.6,92,2.7,2.7,0.0,0.0,63,Moderate Rain,100,,26.0,58.7,Rain,56.48
2025-10-13T03:00,2025-10-13,3,13.1,92,3.5,3.5,0.0,0.0,63,Moderate Rain,100,,26.2,54.4,Rain,55.58
2025-10-13T04:00,2025-10-13,4,12.6,92,5.0,5.0,0.0,0.0,63,Moderate Rain,100,,27.7,58.0,Rain,54.68
2025-10-13T05:00,2025-10-13,5,12.4,92,3.4,3.4,0.0,0.0,63,Moderate Rain,100,,26.0,65.2,Rain,54.32
2025-10-13T06:00,2025-10-13,6,12.2,93,1.4,1.4,0.0,0.0,61,Slight Rain,100,,25.1,54.0,Rain,53.96
2025-10-13T07:00,2025-10-13,7,12.8,91,1.4,1.4,0.0,0.0,61,Slight Rain,100,,25.7,54.7,Rain,55.04
2025-10-13T08:00,2025-10-13,8,13.1,89,0.2,0.2,0.0,0.0,51,Light Drizzle,100,,25.1,55.8,Rain,55.58
2025-10-13T09:00,2025-10-13,9,13.6,87,0.3,0.3,0.0,0.0,51,Light Drizzle,100,,23.8,56.9,Rain,56.48
2025-10-13T10:00,2025-10-13,10,13.9,87,0.5,0.5,0.0,0.0,53,Moderate Drizzle,100,,23.8,56.2,Rain,57.02
2025-10-13T11:00,2025-10-13,11,14.1,88,0.5,0.5,0.0,0.0,53,Moderate Drizzle,100,,23.2,53.6,Rain,57.379999999999995
2025-10-13T12:00,2025-10-13,12,14.9,88,0.2,0.2,0.0,0.0,51,Light Drizzle,100,,20.2,53.3,Rain,58.82
2025-10-13T13:00,2025-10-13,13,14.6,86,0.3,0.3,0.0,0.0,51,Light Drizzle,100,,21.4,45.7,Rain,58.28
2025-10-13T14:00,2025-10-13,14,14.7,87,0.3,0.3,0.0,0.0,51,Light Drizzle,100,,19.3,46.4,Rain,58.459999999999994
2025-10-13T15:00,2025-10-13,15,14.6,88,0.3,0.3,0.0,0.0,51,Light Drizzle,100,,16.2,44.3,Rain,58.28
2025-10-13T16:00,2025-10-13,16,14.8,85,0.0,0.0,0.0,0.0,3,Overcast,100,,22.1,51.1,Cloudy,58.64
2025-10-13T17:00,2025-10-13,17,14.7,84,0.0,0.0,0.0,0.0,3,Overcast,100,,23.6,54.7,Cloudy,58.459999999999994
2025-10-13T18:00,2025-10-13,18,14.6,84,0.1,0.1,0.0,0.0,51,Light Drizzle,100,,21.7,53.3,Rain,58.28
2025-10-13T19:00,2025-10-13,19,13.5,88,1.1,1.1,0.0,0.0,55,Dense Drizzle,100,,22.1,48.6,Rain,56.3
2025-10-13T20:00,2025-10-13,20,13.3,87,1.6,1.6,0.0,0.0,61,Slight Rain,100,,20.6,48.2,Rain,55.94
2025-10-13T21:00,2025-10-13,21,13.1,88,2.1,2.1,0.0,0.0,61,Slight Rain,100,,20.9,44.6,Rain,55.58
2025-10-13T22:00,2025-10-13,22,13.4,87,0.0,0.0,0.0,0.0,3,Overcast,100,,19.8,45.0,Cloudy,56.120000000000005
2025-10-13T23:00,2025-10-13,23,13.4,87,0.0,0.0,0.0,0.0,3,Overcast,100,,19.0,43.6,Cloudy,56.120000000000005
2025-10-14T00:00,2025-10-14,0,13.1,87,0.0,0.0,0.0,0.0,3,Overcast,100,,18.5,43.2,Cloudy,55.58
2025-10-14T01:00,2025-10-14,1,12.6,88,0.1,0.1,0.0,0.0,51,Light Drizzle,100,,18.1,41.8,Rain,54.68
2025-10-14T02:00,2025-10-14,2,12.3,88,0.0,0.0,0.0,0.0,3,Overcast,100,,17.6,40.7,Cloudy,54.14
2025-10-14T03:00,2025-10-14,3,12.2,87,0.0,0.0,0.0,0.0,3,Overcast,100,,17.3,39.6,Cloudy,53.96
2025-10-14T04:00,2025-10-14,4,12.3,85,0.0,0.0,0.0,0.0,3,Overcast,100,,17.4,39.6,Cloudy,54.14
2025-10-14T05:00,2025-10-14,5,12.3,85,0.0,0.0,0.0,0.0,3,Overcast,100,,15.5,39.6,Cloudy,54.14
2025-10-14T06:00,2025-10-14,6,12.3,85,0.0,0.0,0.0,0.0,3,Overcast,100,,15.3,34.9,Cloudy,54.14
2025-10-14T07:00,2025-10-14,7,12.2,85,0.0,0.0,0.0,0.0,3,Overcast,100,,13.3,36.4,Cloudy,53.96
2025-10-14T08:00,2025-10-14,8,12.3,85,0.0,0.0,0.0,0.0,3,Overcast,100,,13.5,29.5,Cloudy,54.14
2025-10-14T09:00,2025-10-14,9,12.9,82,0.0,0.0,0.0,0.0,3,Overcast,100,,14.6,34.2,Cloudy,55.22
2025-10-14T10:00,2025-10-14,10,13.8,78,0.0,0.0,0.0,0.0,3,Overcast,100,,14.4,34.6,Cloudy,56.84
2025-10-14T11:00,2025-10-14,11,14.8,75,0.0,0.0,0.0,0.0,3,Overcast,100,,13.8,33.8,Cloudy,58.64
2025-10-14T12:00,2025-10-14,12,15.3,74,0.0,0.0,0.0,0.0,3,Overcast,100,,14.3,34.2,Cloudy,59.540000000000006
2025-10-14T13:00,2025-10-14,13,15.1,75,0.0,0.0,0.0,0.0,3,Overcast,100,,17.4,33.8,Cloudy,59.18
2025-10-14T14:00,2025-10-14,14,15.9,74,0.0,0.0,0.0,0.0,3,Overcast,100,,13.5,40.0,Cloudy,60.62
2025-10-14T15:00,2025-10-14,15,16.1,75,0.0,0.0,0.0,0.0,3,Overcast,100,,15.3,37.1,Cloudy,60.980000000000004
2025-10-14T16:00,2025-10-14,16,15.6,76,0.0,0.0,0.0,0.0,3,Overcast,100,,13.5,34.9,Cloudy,60.08
2025-10-14T17:00,2025-10-14,17,14.8,80,0.0,0.0,0.0,0.0,3,Overcast,100,,11.8,31.0,Cloudy,58.64
2025-10-14T18:00,2025-10-14,18,14.9,81,0.0,0.0,0.0,0.0,3,Overcast,100,,11.9,26.3,Cloudy,58.82
2025-10-14T19:00,2025-10-14,19,15.2,81,0.0,0.0,0.0,0.0,3,Overcast,100,,12.6,26.3,Cloudy,59.36
2025-10-14T20:00,2025-10-14,20,15.1,80,0.0,0.0,0.0,0.0,3,Overcast,100,,12.4,28.1,Cloudy,59.18
2025-10-14T21:00,2025-10-14,21,15.1,80,0.0,0.0,0.0,0.0,3,Overcast,100,,11.8,27.0,Cloudy,59.18
2025-10-14T22:00,2025-10-14,22,15.0,81,0.0,0.0,0.0,0.0,3,Overcast,100,,11.5,26.3,Cloudy,59.0
2025-10-14T23:00,2025-10-14,23,14.9,82,0.0,0.0,0.0,0.0,3,Overcast,100,,12.4,27.4,Cloudy,58.82
2025-10-15T00:00,2025-10-15,0,14.9,83,0.0,0.0,0.0,0.0,3,Overcast,100,,11.5,27.0,Cloudy,58.82
2025-10-15T01:00,2025-10-15,1,14.6,85,0.0,0.0,0.0,0.0,3,Overcast,100,,10.4,25.2,Cloudy,58.28
2025-10-15T02:00,2025-10-15,2,14.4,87,0.0,0.0,0.0,0.0,3,Overcast,84,,8.7,22.3,Cloudy,57.92
2025-10-15T03:00,2025-10-15,3,14.1,88,0.0,0.0,0.0,0.0,3,Overcast,100,,8.3,18.4,Cloudy,57.379999999999995
2025-10-15T04:00,2025-10-15,4,14.0,87,0.0,0.0,0.0,0.0,3,Overcast,100,,8.6,18.0,Cloudy,57.2
2025-10-15T05:00,2025-10-15,5,13.4,87,0.0,0.0,0.0,0.0,3,Overcast,95,,8.5,18.7,Cloudy,56.120000000000005
2025-10-15T06:00,2025-10-15,6,12.6,88,0.0,0.0,0.0,0.0,3,Overcast,95,,5.5,17.6,Cloudy,54.68
2025-10-15T07:00,2025-10-15,7,13.4,85,0.0,0.0,0.0,0.0,3,Overcast,98,,6.2,13.7,Cloudy,56.120000000000005
2025-10-15T08:00,2025-10-15,8,14.4,81,0.0,0.0,0.0,0.0,3,Overcast,84,,5.6,14.0,Cloudy,57.92
2025-10-15T09:00,2025-10-15,9,15.9,76,0.0,0.0,0.0,0.0,3,Overcast,98,,6.3,17.6,Cloudy,60.62
2025-10-15T10:00,2025-10-15,10,17.5,72,0.0,0.0,0.0,0.0,3,Overcast,96,,6.7,18.4,Cloudy,63.5
2025-10-15T11:00,2025-10-15,11,18.7,67,0.0,0.0,0.0,0.0,1,Mainly Clear,24,,11.5,28.8,Clear,65.66
2025-10-15T12:00,2025-10-15,12,19.4,65,0.0,0.0,0.0,0.0,2,Partly Cloudy,76,,13.3,33.5,Cloudy,66.92
2025-10-15T13:00,2025-10-15,13,19.6,62,0.0,0.0,0.0,0.0,0,Clear,12,,10.7,33.8,Clear,67.28
2025-10-15T14:00,2025-10-15,14,19.9,58,0.0,0.0,0.0,0.0,1,Mainly Clear,22,,11.6,29.5,Clear,67.82
2025-10-15T15:00,2025-10-15,15,19.6,51,0.0,0.0,0.0,0.0,1,Mainly Clear,48,,13.3,34.6,Clear,67.28
2025-10-15T16:00,2025-10-15,16,18.6,49,0.0,0.0,0.0,0.0,1,Mainly Clear,30,,13.4,32.0,Clear,65.48
2025-10-15T17:00,2025-10-15,17,16.5,60,0.0,0.0,0.0,0.0,1,Mainly Clear,20,,13.1,31.0,Clear,61.7
2025-10-15T18:00,2025-10-15,18,14.6,73,0.0,0.0,0.0,0.0,0,Clear,12,,11.8,29.2,Clear,58.28
2025-10-15T19:00,2025-10-15,19,13.9,73,0.0,0.0,0.0,0.0,0,Clear,3,,11.4,26.6,Clear,57.02
2025-10-15T20:00,2025-10-15,20,12.7,72,0.0,0.0,0.0,0.0,0,Clear,13,,10.1,24.8,Clear,54.86
2025-10-15T21:00,2025-10-15,21,11.9,72,0.0,0.0,0.0,0.0,2,Partly Cloudy,64,,10.0,22.3,Cloudy,53.42
2025-10-15T22:00,2025-10-15,22,11.6,64,0.0,0.0,0.0,0.0,3,Overcast,92,,12.9,28.1,Cloudy,52.879999999999995
2025-10-15T23:00,2025-10-15,23,11.4,60,0.0,0.0,0.0,0.0,0,Clear,6,,12.3,28.8,Clear,52.52
2025-10-16T00:00,2025-10-16,0,10.4,61,0.0,0.0,0.0,0.0,0,Clear,7,,10.8,27.7,Clear,50.72
2025-10-16T01:00,2025-10-16,1,9.8,61,0.0,0.0,0.0,0.0,0,Clear,8,,11.5,24.1,Clear,49.64
2025-10-16T02:00,2025-10-16,2,9.2,63,0.0,0.0,0.0,0.0,0,Clear,5,,11.6,25.6,Clear,48.56
2025-10-16T03:00,2025-10-16,3,8.6,66,0.0,0.0,0.0,0.0,0,Clear,4,,11.0,25.6,Clear,47.48
2025-10-16T04:00,2025-10-16,4,8.1,68,0.0,0.0,0.0,0.0,0,Clear,0,,10.0,24.1,Clear,46.58
2025-10-16T05:00,2025-10-16,5,7.6,70,0.0,0.0,0.0,0.0,0,Clear,0,,9.8,22.0,Clear,45.68
2025-10-16T06:00,2025-10-16,6,7.2,70,0.0,0.0,0.0,0.0,0,Clear,0,,10.2,22.7,Clear,44.96
2025-10-16T07:00,2025-10-16,7,7.8,68,0.0,0.0,0.0,0.0,0,Clear,5,,12.0,25.2,Clear,46.04
2025-10-16T08:00,2025-10-16,8,8.9,64,0.0,0.0,0.0,0.0,0,Clear,9,,11.9,27.0,Clear,48.02
2025-10-16T09:00,2025-10-16,9,9.9,57,0.0,0.0,0.0,0.0,0,Clear,14,,14.9,35.3,Clear,49.82
2025-10-16T10:00,2025-10-16,10,10.8,50,0.0,0.0,0.0,0.0,0,Clear,0,,16.4,40.0,Clear,51.44
2025-10-16T11:00,2025-10-16,11,11.9,47,0.0,0.0,0.0,0.0,0,Clear,0,,16.4,41.0,Clear,53.42
2025-10-16T12:00,2025-10-16,12,13.0,41,0.0,0.0,0.0,0.0,0,Clear,0,,17.3,42.1,Clear,55.4
2025-10-16T13:00,2025-10-16,13,14.8,34,0.0,0.0,0.0,0.0,0,Clear,0,,17.3,42.5,Clear,58.64
2025-10-16T14:00,2025-10-16,14,15.3,31,0.0,0.0,0.0,0.0,0,Clear,0,,17.1,41.0,Clear,59.540000000000006
2025-10-16T15:00,2025-10-16,15,15.2,30,0.0,0.0,0.0,0.0,0,Clear,0,,16.5,40.3,Clear,59.36
2025-10-16T16:00,2025-10-16,16,14.5,35,0.0,0.0,0.0,0.0,0,Clear,0,,13.7,37.4,Clear,58.1
2025-10-16T17:00,2025-10-16,17,12.8,39,0.0,0.0,0.0,0.0,0,Clear,0,,16.5,36.0,Clear,55.04
2025-10-16T18:00,2025-10-16,18,11.4,45,0.0,0.0,0.0,0.0,0,Clear,0,,17.5,39.2,Clear,52.52
2025-10-16T19:00,2025-10-16,19,11.1,48,0.0,0.0,0.0,0.0,0,Clear,0,,14.6,38.5,Clear,51.98
2025-10-16T20:00,2025-10-16,20,10.5,49,0.0,0.0,0.0,0.0,0,Clear,0,,15.3,33.5,Clear,50.9
2025-10-16T21:00,2025-10-16,21,9.9,49,0.0,0.0,0.0,0.0,0,Clear,0,,15.1,33.8,Clear,49.82
2025-10-16T22:00,2025-10-16,22,9.2,51,0.0,0.0,0.0,0.0,0,Clear,0,,14.2,33.1,Clear,48.56
2025-10-16T23:00,2025-10-16,23,8.7,53,0.0,0.0,0.0,0.0,0,Clear,0,,13.7,31.0,Clear,47.66
2025-10-17T00:00,2025-10-17,0,8.2,53,0.0,0.0,0.0,0.0,0,Clear,0,,13.3,29.9,Clear,46.76
2025-10-17T01:00,2025-10-17,1,8.0,54,0.0,0.0,0.0,0.0,0,Clear,0,,15.0,29.9,Clear,46.4
2025-10-17T02:00,2025-10-17,2,7.8,55,0.0,0.0,0.0,0.0,0,Clear,3,,14.3,32.0,Clear,46.04
2025-10-17T03:00,2025-10-17,3,7.7,56,0.0,0.0,0.0,0.0,0,Clear,15,,14.2,31.3,Clear,45.86
2025-10-17T04:00,2025-10-17,4,7.6,56,0.0,0.0,0.0,0.0,0,Clear,10,,14.6,31.7,Clear,45.68
2025-10-17T05:00,2025-10-17,5,7.4,56,0.0,0.0,0.0,0.0,0,Clear,0,,15.0,32.8,Clear,45.32
2025-10-17T06:00,2025-10-17,6,7.2,57,0.0,0.0,0.0,0.0,0,Clear,4,,14.5,32.8,Clear,44.96
2025-10-17T07:00,2025-10-17,7,8.0,56,0.0,0.0,0.0,0.0,0,Clear,5,,14.3,31.7,Clear,46.4
2025-10-17T08:00,2025-10-17,8,9.2,57,0.0,0.0,0.0,0.0,2,Partly Cloudy,55,,9.4,30.6,Cloudy,48.56
2025-10-17T09:00,2025-10-17,9,10.6,51,0.0,0.0,0.0,0.0,0,Clear,7,,11.8,28.8,Clear,51.08
2025-10-17T10:00,2025-10-17,10,12.1,48,0.0,0.0,0.0,0.0,1,Mainly Clear,20,,12.3,31.0,Clear,53.78
2025-10-17T11:00,2025-10-17,11,13.3,45,0.0,0.0,0.0,0.0,1,Mainly Clear,31,,11.7,31.7,Clear,55.94
2025-10-17T12:00,2025-10-17,12,14.4,44,0.0,0.0,0.0,0.0,0,Clear,8,,10.3,30.2,Clear,57.92
2025-10-17T13:00,2025-10-17,13,16.2,39,0.0,0.0,0.0,0.0,2,Partly Cloudy,51,,8.0,27.7,Cloudy,61.16
2025-10-17T14:00,2025-10-17,14,17.0,37,0.0,0.0,0.0,0.0,0,Clear,11,,7.3,22.7,Clear,62.6
2025-10-17T15:00,2025-10-17,15,17.0,35,0.0,0.0,0.0,0.0,0,Clear,8,,8.0,20.5,Clear,62.6
2025-10-17T16:00,2025-10-17,16,16.4,41,0.0,0.0,0.0,0.0,0,Clear,9,,5.7,19.4,Clear,61.519999999999996
2025-10-17T17:00,2025-10-17,17,14.1,55,0.0,0.0,0.0,0.0,0,Clear,2,,5.4,13.0,Clear,57.379999999999995
2025-10-17T18:00,2025-10-17,18,12.9,58,0.0,0.0,0.0,0.0,3,Overcast,95,,7.1,14.4,Cloudy,55.22
2025-10-17T19:00,2025-10-17,19,12.6,58,0.0,0.0,0.0,0.0,0,Clear,8,,8.6,16.6,Clear,54.68
2025-10-17T20:00,2025-10-17,20,11.6,63,0.0,0.0,0.0,0.0,0,Clear,5,,8.0,17.3,Clear,52.879999999999995
2025-10-17T21:00,2025-10-17,21,10.5,68,0.0,0.0,0.0,0.0,1,Mainly Clear,24,,5.9,16.6,Clear,50.9
2025-10-17T22:00,2025-10-17,22,9.9,71,0.0,0.0,0.0,0.0,0,Clear,9,,6.2,13.0,Clear,49.82
2025-10-17T23:00,2025-10-17,23,9.1,73,0.0,0.0,0.0,0.0,0,Clear,16,,5.5,13.7,Clear,48.379999999999995
2025-10-18T00:00,2025-10-18,0,8.6,75,0.0,0.0,0.0,0.0,0,Clear,12,,5.0,11.2,Clear,47.48
2025-10-18T01:00,2025-10-18,1,8.2,74,0.0,0.0,0.0,0.0,0,Clear,9,,6.3,11.2,Clear,46.76
2025-10-18T02:00,2025-10-18,2,7.4,78,0.0,0.0,0.0,0.0,0,Clear,1,,4.8,12.6,Clear,45.32
2025-10-18T03:00,2025-10-18,3,7.2,80,0.0,0.0,0.0,0.0,0,Clear,9,,4.9,10.4,Clear,44.96
2025-10-18T04:00,2025-10-18,4,6.8,83,0.0,0.0,0.0,0.0,1,Mainly Clear,29,,3.8,10.4,Clear,44.239999999999995
2025-10-18T05:00,2025-10-18,5,6.6,85,0.0,0.0,0.0,0.0,0,Clear,18,,4.0,8.3,Clear,43.879999999999995
2025-10-18T06:00,2025-10-18,6,6.5,86,0.0,0.0,0.0,0.0,0,Clear,3,,2.8,7.6,Clear,43.7
2025-10-18T07:00,2025-10-18,7,8.1,80,0.0,0.0,0.0,0.0,0,Clear,2,,5.1,6.8,Clear,46.58
2025-10-18T08:00,2025-10-18,8,9.6,75,0.0,0.0,0.0,0.0,2,Partly Cloudy,54,,4.0,11.9,Cloudy,49.28
2025-10-18T09:00,2025-10-18,9,11.6,65,0.0,0.0,0.0,0.0,1,Mainly Clear,41,,3.4,13.7,Clear,52.879999999999995
2025-10-18T10:00,2025-10-18,10,13.6,57,0.0,0.0,0.0,0.0,2,Partly Cloudy,59,,2.5,13.7,Cloudy,56.48
2025-10-18T11:00,2025-10-18,11,15.1,49,0.0,0.0,0.0,0.0,3,Overcast,95,,0.6,13.0,Cloudy,59.18
2025-10-18T12:00,2025-10-18,12,16.2,46,0.0,0.0,0.0,0.0,3,Overcast,99,,3.2,14.4,Cloudy,61.16
2025-10-18T13:00,2025-10-18,13,17.4,41,0.0,0.0,0.0,0.0,3,Overcast,100,,4.8,15.5,Cloudy,63.32
2025-10-18T14:00,2025-10-18,14,17.2,42,0.0,0.0,0.0,0.0,0,Clear,7,,5.2,14.8,Clear,62.959999999999994
2025-10-18T15:00,2025-10-18,15,17.9,42,0.0,0.0,0.0,0.0,0,Clear,5,,4.8,15.8,Clear,64.22
2025-10-18T16:00,2025-10-18,16,17.3,47,0.0,0.0,0.0,0.0,0,Clear,15,,5.0,14.0,Clear,63.14
2025-10-18T17:00,2025-10-18,17,15.1,60,0.0,0.0,0.0,0.0,0,Clear,16,,6.0,13.3,Clear,59.18
2025-10-18T18:00,2025-10-18,18,13.8,70,0.0,0.0,0.0,0.0,0,Clear,2,,7.0,14.4,Clear,56.84
2025-10-18T19:00,2025-10-18,19,13.8,73,0.0,0.0,0.0,0.0,0,Clear,0,,7.6,14.8,Clear,56.84
2025-10-18T20:00,2025-10-18,20,13.8,76,0.0,0.0,0.0,0.0,0,Clear,0,,7.3,14.8,Clear,56.84
2025-10-18T21:00,2025-10-18,21,13.7,78,0.0,0.0,0.0,0.0,0,Clear,5,,7.4,15.8,Clear,56.66
2025-10-18T22:00,2025-10-18,22,13.1,82,0.0,0.0,0.0,0.0,0,Clear,2,,5.7,15.1,Clear,55.58
2025-10-18T23:00,2025-10-18,23,12.6,83,0.0,0.0,0.0,0.0,0,Clear,2,,5.6,11.9,Clear,54.68
2025-10-19T00:00,2025-10-19,0,11.7,83,0.0,0.0,0.0,0.0,0,Clear,1,,4.2,10.8,Clear,53.06
2025-10-19T01:00,2025-10-19,1,10.9,83,0.0,0.0,0.0,0.0,0,Clear,6,,3.2,6.8,Clear,51.620000000000005
2025-10-19T02:00,2025-10-19,2,10.3,83,0.0,0.0,0.0,0.0,0,Clear,0,,4.0,7.2,Clear,50.54
2025-10-19T03:00,2025-10-19,3,10.1,84,0.0,0.0,0.0,0.0,0,Clear,2,,4.4,7.9,Clear,50.18
2025-10-19T04:00,2025-10-19,4,9.9,86,0.0,0.0,0.0,0.0,0,Clear,0,,4.9,8.6,Clear,49.82
2025-10-19T05:00,2025-10-19,5,10.0,87,0.0,0.0,0.0,0.0,0,Clear,0,,5.4,9.4,Clear,50.0
2025-10-19T06:00,2025-10-19,6,10.4,87,0.0,0.0,0.0,0.0,0,Clear,0,,5.7,10.1,Clear,50.72
2025-10-19T07:00,2025-10-19,7,12.1,88,0.0,0.0,0.0,0.0,0,Clear,0,,5.3,9.7,Clear,53.78
2025-10-19T08:00,2025-10-19,8,15.2,81,0.0,0.0,0.0,0.0,2,Partly Cloudy,63,,6.3,11.9,Cloudy,59.36
2025-10-19T09:00,2025-10-19,9,18.0,79,0.0,0.0,0.0,0.0,3,Overcast,97,,6.9,15.8,Cloudy,64.4
2025-10-19T10:00,2025-10-19,10,19.8,71,0.0,0.0,0.0,0.0,3,Overcast,100,,13.9,32.8,Cloudy,67.64
2025-10-19T11:00,2025-10-19,11,20.5,70,0.0,0.0,0.0,0.0,3,Overcast,100,,16.5,39.2,Cloudy,68.9
2025-10-19T12:00,2025-10-19,12,20.8,71,0.0,0.0,0.0,0.0,3,Overcast,99,,18.1,43.6,Cloudy,69.44
2025-10-19T13:00,2025-10-19,13,20.8,73,0.0,0.0,0.0,0.0,2,Partly Cloudy,77,,17.5,43.6,Cloudy,69.44
2025-10-19T14:00,2025-10-19,14,20.8,73,0.0,0.0,0.0,0.0,1,Mainly Clear,23,,18.4,43.2,Clear,69.44
2025-10-19T15:00,2025-10-19,15,20.3,75,0.0,0.0,0.0,0.0,0,Clear,10,,19.2,44.6,Clear,68.54
2025-10-19T16:00,2025-10-19,16,19.3,78,0.0,0.0,0.0,0.0,1,Mainly Clear,41,,19.2,46.1,Clear,66.74000000000001
2025-10-19T17:00,2025-10-19,17,18.2,82,0.0,0.0,0.0,0.0,1,Mainly Clear,27,,20.4,47.9,Clear,64.75999999999999
2025-10-19T18:00,2025-10-19,18,17.8,84,0.0,0.0,0.0,0.0,0,Clear,7,,19.5,46.1,Clear,64.04
2025-10-19T19:00,2025-10-19,19,17.8,82,0.0,0.0,0.0,0.0,0,Clear,17,,16.8,43.6,Clear,64.04
2025-10-19T20:00,2025-10-19,20,17.8,83,0.0,0.0,0.0,0.0,3,Overcast,97,,15.2,37.4,Cloudy,64.04
2025-10-19T21:00,2025-10-19,21,18.4,82,0.0,0.0,0.0,0.0,1,Mainly Clear,26,,18.1,40.0,Clear,65.12
2025-10-19T22:00,2025-10-19,22,18.9,81,0.0,0.0,0.0,0.0,3,Overcast,94,,20.4,45.4,Cloudy,66.02
2025-10-19T23:00,2025-10-19,23,18.9,80,0.0,0.0,0.0,0.0,3,Overcast,100,,20.5,47.2,Cloudy,66.02
2025-10-20T00:00,2025-10-20,0,19.1,80,0.2,0.2,0.0,0.0,51,Light Drizzle,100,,20.2,46.4,Rain,66.38
2025-10-20T01:00,2025-10-20,1,20.0,77,0.0,0.0,0.0,0.0,3,Overcast,99,,22.9,47.2,Cloudy,68.0
2025-10-20T02:00,2025-10-20,2,19.4,80,2.6,2.6,0.0,0.0,63,Moderate Rain,98,,20.8,56.5,Rain,66.92
2025-10-20T03:00,2025-10-20,3,17.5,92,6.4,6.4,0.0,0.0,63,Moderate Rain,96,,15.4,52.9,Rain,63.5
2025-10-20T04:00,2025-10-20,4,17.3,93,0.1,0.1,0.0,0.0,51,Light Drizzle,95,,13.5,36.4,Rain,63.14
2025-10-20T05:00,2025-10-20,5,16.1,90,0.4,0.4,0.0,0.0,51,Light Drizzle,94,,12.1,36.7,Rain,60.980000000000004
2025-10-20T06:00,2025-10-20,6,14.9,90,0.0,0.0,0.0,0.0,3,Overcast,100,,13.2,26.3,Cloudy,58.82
2025-10-20T07:00,2025-10-20,7,14.6,86,0.1,0.1,0.0,0.0,51,Light Drizzle,100,,14.5,30.6,Rain,58.28
2025-10-20T08:00,2025-10-20,8,14.4,83,0.1,0.1,0.0,0.0,51,Light Drizzle,70,,16.1,37.8,Rain,57.92
2025-10-20T09:00,2025-10-20,9,14.6,74,0.0,0.0,0.0,0.0,0,Clear,13,,15.9,37.8,Clear,58.28
2025-10-20T10:00,2025-10-20,10,15.4,70,0.2,0.2,0.0,0.0,51,Light Drizzle,31,,19.1,43.6,Rain,59.72
2025-10-20T11:00,2025-10-20,11,16.1,64,0.1,0.1,0.0,0.0,51,Light Drizzle,19,,21.2,50.0,Rain,60.980000000000004
2025-10-20T12:00,2025-10-20,12,16.5,59,0.0,0.0,0.0,0.0,3,Overcast,80,,23.1,54.7,Cloudy,61.7
2025-10-20T13:00,2025-10-20,13,15.8,60,0.0,0.0,0.0,0.0,3,Overcast,95,,21.2,54.0,Cloudy,60.440000000000005
2025-10-20T14:00,2025-10-20,14,16.1,57,0.0,0.0,0.0,0.0,3,Overcast,98,,23.9,59.4,Cloudy,60.980000000000004
2025-10-20T15:00,2025-10-20,15,15.3,63,0.0,0.0,0.0,0.0,3,Overcast,100,,20.2,54.4,Cloudy,59.540000000000006
2025-10-20T16:00,2025-10-20,16,15.1,64,0.0,0.0,0.0,0.0,2,Partly Cloudy,76,,18.4,44.3,Cloudy,59.18
2025-10-20T17:00,2025-10-20,17,14.4,65,0.0,0.0,0.0,0.0,0,Clear,14,,17.9,44.3,Clear,57.92
2025-10-20T18:00,2025-10-20,18,13.9,65,0.0,0.0,0.0,0.0,0,Clear,3,,13.7,40.0,Clear,57.02
2025-10-20T19:00,2025-10-20,19,14.0,61,0.0,0.0,0.0,0.0,0,Clear,12,,14.9,30.2,Clear,57.2
2025-10-20T20:00,2025-10-20,20,13.5,59,0.0,0.0,0.0,0.0,0,Clear,1,,15.5,34.9,Clear,56.3
2025-10-20T21:00,2025-10-20,21,12.9,60,0.0,0.0,0.0,0.0,0,Clear,0,,13.5,34.2,Clear,55.22
2025-10-20T22:00,2025-10-20,22,12.2,63,0.0,0.0,0.0,0.0,0,Clear,0,,11.0,29.2,Clear,53.96
2025-10-20T23:00,2025-10-20,23,11.4,66,0.0,0.0,0.0,0.0,0,Clear,0,,9.6,23.8,Clear,52.52
2025-10-21T00:00,2025-10-21,0,10.9,68,0.0,0.0,0.0,0.0,0,Clear,0,,10.1,22.0,Clear,51.620000000000005
2025-10-21T01:00,2025-10-21,1,10.2,69,0.0,0.0,0.0,0.0,0,Clear,0,,11.6,21.6,Clear,50.36
2025-10-21T02:00,2025-10-21,2,9.7,71,0.0,0.0,0.0,0.0,0,Clear,0,,10.4,24.1,Clear,49.46
2025-10-21T03:00,2025-10-21,3,9.1,72,0.0,0.0,0.0,0.0,0,Clear,0,,9.6,22.3,Clear,48.379999999999995
2025-10-21T04:00,2025-10-21,4,8.8,74,0.0,0.0,0.0,0.0,0,Clear,0,,8.7,20.5,Clear,47.84
2025-10-21T05:00,2025-10-21,5,8.4,75,0.0,0.0,0.0,0.0,0,Clear,0,,8.3,18.7,Clear,47.120000000000005
2025-10-21T06:00,2025-10-21,6,8.0,77,0.0,0.0,0.0,0.0,0,Clear,0,,8.7,18.7,Clear,46.4
2025-10-21T07:00,2025-10-21,7,8.7,75,0.0,0.0,0.0,0.0,0,Clear,0,,9.9,18.7,Clear,47.66
2025-10-21T08:00,2025-10-21,8,10.1,74,0.0,0.0,0.0,0.0,0,Clear,0,,7.0,17.3,Clear,50.18
2025-10-21T09:00,2025-10-21,9,11.9,68,0.0,0.0,0.0,0.0,0,Clear,0,,6.5,19.1,Clear,53.42
2025-10-21T10:00,2025-10-21,10,14.1,62,0.0,0.0,0.0,0.0,0,Clear,0,,7.5,21.6,Clear,57.379999999999995
2025-10-21T11:00,2025-10-21,11,15.8,56,0.0,0.0,0.0,0.0,0,Clear,0,,9.2,25.2,Clear,60.440000000000005
2025-10-21T12:00,2025-10-21,12,17.0,51,0.0,0.0,0.0,0.0,0,Clear,0,,11.8,30.6,Clear,62.6
2025-10-21T13:00,2025-10-21,13,18.6,40,0.0,0.0,0.0,0.0,0,Clear,0,,12.4,31.3,Clear,65.48
2025-10-21T14:00,2025-10-21,14,19.1,39,0.0,0.0,0.0,0.0,0,Clear,0,,12.3,31.0,Clear,66.38
2025-10-21T15:00,2025-10-21,15,19.2,41,0.0,0.0,0.0,0.0,0,Clear,0,,8.9,29.2,Clear,66.56
2025-10-21T16:00,2025-10-21,16,18.2,51,0.0,0.0,0.0,0.0,0,Clear,0,,8.8,20.5,Clear,64.75999999999999
2025-10-21T17:00,2025-10-21,17,16.2,68,0.0,0.0,0.0,0.0,2,Partly Cloudy,66,,12.7,27.4,Cloudy,61.16
2025-10-21T18:00,2025-10-21,18,15.8,70,0.0,0.0,0.0,0.0,1,Mainly Clear,49,,12.0,27.7,Clear,60.440000000000005
2025-10-21T19:00,2025-10-21,19,15.8,72,0.0,0.0,0.0,0.0,2,Partly Cloudy,65,,12.6,25.2,Cloudy,60.440000000000005
2025-10-21T20:00,2025-10-21,20,15.8,72,0.0,0.0,0.0,0.0,3,Overcast,100,,11.2,26.3,Cloudy,60.440000000000005
2025-10-21T21:00,2025-10-21,21,15.7,71,0.0,0.0,0.0,0.0,3,Overcast,99,,9.5,23.8,Cloudy,60.26
2025-10-21T22:00,2025-10-21,22,15.2,73,0.1,0.1,0.0,0.0,51,Light Drizzle,85,,8.9,20.5,Rain,59.36
2025-10-21T23:00,2025-10-21,23,13.9,81,0.0,0.0,0.0,0.0,3,Overcast,88,,4.8,18.4,Cloudy,57.02
2025-10-22T00:00,2025-10-22,0,13.6,85,0.1,0.1,0.0,0.0,51,Light Drizzle,100,,3.2,11.2,Rain,56.48
2025-10-22T01:00,2025-10-22,1,13.4,89,0.2,0.2,0.0,0.0,51,Light Drizzle,100,,1.1,10.4,Rain,56.120000000000005
2025-10-22T02:00,2025-10-22,2,13.0,91,0.6,0.6,0.0,0.0,53,Moderate Drizzle,100,,2.7,11.5,Rain,55.4
2025-10-22T03:00,2025-10-22,3,12.5,95,0.2,0.2,0.0,0.0,51,Light Drizzle,99,,3.9,7.2,Rain,54.5
2025-10-22T04:00,2025-10-22,4,12.7,95,0.1,0.1,0.0,0.0,51,Light Drizzle,60,,3.2,6.1,Rain,54.86
2025-10-22T05:00,2025-10-22,5,12.3,96,0.1,0.1,0.0,0.0,51,Light Drizzle,48,,8.1,14.8,Rain,54.14
2025-10-22T06:00,2025-10-22,6,12.1,95,0.1,0.1,0.0,0.0,51,Light Drizzle,17,,9.0,17.6,Rain,53.78
2025-10-22T07:00,2025-10-22,7,12.6,95,0.0,0.0,0.0,0.0,0,Clear,8,,9.8,21.6,Clear,54.68
2025-10-22T08:00,2025-10-22,8,13.9,91,0.0,0.0,0.0,0.0,0,Clear,2,,11.8,23.4,Clear,57.02
2025-10-22T09:00,2025-10-22,9,14.8,83,0.0,0.0,0.0,0.0,0,Clear,0,,13.6,32.0,Clear,58.64
2025-10-22T10:00,2025-10-22,10,15.6,55,0.1,0.1,0.0,0.0,51,Light Drizzle,14,,18.8,43.9,Rain,60.08
2025-10-22T11:00,2025-10-22,11,16.0,45,0.0,0.0,0.0,0.0,0,Clear,2,,17.7,43.9,Clear,60.8
2025-10-22T12:00,2025-10-22,12,16.6,41,0.0,0.0,0.0,0.0,1,Mainly Clear,20,,19.2,44.6,Clear,61.88
2025-10-22T13:00,2025-10-22,13,16.3,45,0.0,0.0,0.0,0.0,0,Clear,16,,19.3,49.3,Clear,61.34
2025-10-22T14:00,2025-10-22,14,16.2,40,0.0,0.0,0.0,0.0,3,Overcast,89,,21.1,54.0,Cloudy,61.16
2025-10-22T15:00,2025-10-22,15,15.8,43,0.0,0.0,0.0,0.0,3,Overcast,89,,18.8,53.6,Cloudy,60.440000000000005
2025-10-22T16:00,2025-10-22,16,14.9,47,0.0,0.0,0.0,0.0,3,Overcast,94,,15.0,41.8,Cloudy,58.82
2025-10-22T17:00,2025-10-22,17,13.8,54,0.0,0.0,0.0,0.0,0,Clear,12,,8.6,34.6,Clear,56.84
2025-10-22T18:00,2025-10-22,18,12.7,59,0.0,0.0,0.0,0.0,3,Overcast,90,,7.5,19.1,Cloudy,54.86
2025-10-22T19:00,2025-10-22,19,11.9,65,0.0,0.0,0.0,0.0,2,Partly Cloudy,57,,5.7,18.7,Cloudy,53.42
2025-10-22T20:00,2025-10-22,20,11.9,63,0.0,0.0,0.0,0.0,0,Clear,19,,6.5,13.7,Clear,53.42
2025-10-22T21:00,2025-10-22,21,11.4,66,0.0,0.0,0.0,0.0,3,Overcast,88,,7.3,15.1,Cloudy,52.52
2025-10-22T22:00,2025-10-22,22,11.4,65,0.0,0.0,0.0,0.0,0,Clear,8,,8.9,19.1,Clear,52.52
2025-10-22T23:00,2025-10-22,23,10.8,66,0.0,0.0,0.0,0.0,0,Clear,0,,7.1,19.1,Clear,51.44
2025-10-23T00:00,2025-10-23,0,10.6,65,0.0,0.0,0.0,0.0,0,Clear,9,,9.3,19.4,Clear,51.08
2025-10-23T01:00,2025-10-23,1,10.2,63,0.0,0.0,0.0,0.0,0,Clear,0,,11.4,23.0,Clear,50.36
2025-10-23T02:00,2025-10-23,2,9.8,65,0.0,0.0,0.0,0.0,0,Clear,0,,10.1,23.8,Clear,49.64
2025-10-23T03:00,2025-10-23,3,9.4,68,0.0,0.0,0.0,0.0,0,Clear,0,,9.5,22.3,Clear,48.92
2025-10-23T04:00,2025-10-23,4,8.9,71,0.0,0.0,0.0,0.0,0,Clear,12,,8.0,20.5,Clear,48.02
2025-10-23T05:00,2025-10-23,5,8.8,73,0.0,0.0,0.0,0.0,1,Mainly Clear,20,,8.0,17.3,Clear,47.84
2025-10-23T06:00,2025-10-23,6,8.6,75,0.0,0.0,0.0,0.0,0,Clear,4,,8.9,19.1,Clear,47.48
2025-10-23T07:00,2025-10-23,7,9.2,71,0.0,0.0,0.0,0.0,1,Mainly Clear,31,,9.5,19.4,Clear,48.56
2025-10-23T08:00,2025-10-23,8,10.4,69,0.0,0.0,0.0,0.0,2,Partly Cloudy,74,,8.2,20.2,Cloudy,50.72
2025-10-23T09:00,2025-10-23,9,11.2,66,0.0,0.0,0.0,0.0,0,Clear,13,,9.4,22.7,Clear,52.16
2025-10-23T10:00,2025-10-23,10,12.9,57,0.0,0.0,0.0,0.0,0,Clear,0,,12.6,31.0,Clear,55.22
2025-10-23T11:00,2025-10-23,11,14.6,49,0.0,0.0,0.0,0.0,2,Partly Cloudy,53,,17.4,40.3,Cloudy,58.28
2025-10-23T12:00,2025-10-23,12,15.1,47,0.0,0.0,0.0,0.0,1,Mainly Clear,38,,18.1,42.8,Clear,59.18
2025-10-23T13:00,2025-10-23,13,15.1,50,0.1,0.1,0.0,0.0,51,Light Drizzle,8,,13.9,42.8,Rain,59.18
2025-10-23T14:00,2025-10-23,14,15.0,48,0.0,0.0,0.0,0.0,0,Clear,9,,14.0,34.2,Clear,59.0
2025-10-23T15:00,2025-10-23,15,14.6,49,0.0,0.0,0.0,0.0,0,Clear,16,,14.6,35.3,Clear,58.28
2025-10-23T16:00,2025-10-23,16,13.6,51,0.0,0.0,0.0,0.0,0,Clear,15,,13.3,34.2,Clear,56.48
2025-10-23T17:00,2025-10-23,17,12.4,57,0.0,0.0,0.0,0.0,0,Clear,16,,9.9,31.0,Clear,54.32
2025-10-23T18:00,2025-10-23,18,11.2,63,0.0,0.0,0.0,0.0,0,Clear,0,,7.1,22.3,Clear,52.16
2025-10-23T19:00,2025-10-23,19,10.8,65,0.0,0.0,0.0,0.0,0,Clear,11,,7.2,16.2,Clear,51.44
2025-10-23T20:00,2025-10-23,20,10.6,65,0.0,0.0,0.0,0.0,0,Clear,0,,9.7,20.9,Clear,51.08
2025-10-23T21:00,2025-10-23,21,10.1,67,0.0,0.0,0.0,0.0,0,Clear,1,,8.8,22.0,Clear,50.18
2025-10-23T22:00,2025-10-23,22,9.5,70,0.0,0.0,0.0,0.0,0,Clear,0,,9.3,19.8,Clear,49.1
2025-10-23T23:00,2025-10-23,23,9.1,72,0.0,0.0,0.0,0.0,0,Clear,0,,9.7,21.2,Clear,48.379999999999995
2025-10-24T00:00,2025-10-24,0,8.6,74,0.0,0.0,0.0,0.0,0,Clear,0,,8.8,20.9,Clear,47.48
2025-10-24T01:00,2025-10-24,1,7.8,75,0.0,0.0,0.0,0.0,0,Clear,0,,9.8,19.1,Clear,46.04
2025-10-24T02:00,2025-10-24,2,7.5,76,0.0,0.0,0.0,0.0,0,Clear,0,,8.2,20.5,Clear,45.5
2025-10-24T03:00,2025-10-24,3,7.0,79,0.0,0.0,0.0,0.0,0,Clear,0,,7.1,17.6,Clear,44.6
2025-10-24T04:00,2025-10-24,4,6.5,81,0.0,0.0,0.0,0.0,0,Clear,0,,6.2,15.5,Clear,43.7
2025-10-24T05:00,2025-10-24,5,6.2,83,0.0,0.0,0.0,0.0,0,Clear,0,,6.3,13.7,Clear,43.16
2025-10-24T06:00,2025-10-24,6,5.8,85,0.0,0.0,0.0,0.0,0,Clear,0,,6.6,14.8,Clear,42.44
2025-10-24T07:00,2025-10-24,7,6.4,81,0.0,0.0,0.0,0.0,0,Clear,0,,8.3,14.8,Clear,43.519999999999996
2025-10-24T08:00,2025-10-24,8,7.8,77,0.0,0.0,0.0,0.0,0,Clear,0,,6.5,16.9,Clear,46.04
2025-10-24T09:00,2025-10-24,9,9.6,70,0.0,0.0,0.0,0.0,0,Clear,0,,7.0,19.4,Clear,49.28
2025-10-24T10:00,2025-10-24,10,11.5,64,0.0,0.0,0.0,0.0,0,Clear,0,,7.3,21.6,Clear,52.7
2025-10-24T11:00,2025-10-24,11,12.8,59,0.0,0.0,0.0,0.0,0,Clear,0,,9.4,25.9,Clear,55.04
2025-10-24T12:00,2025-10-24,12,13.9,53,0.0,0.0,0.0,0.0,0,Clear,16,,11.9,32.8,Clear,57.02
2025-10-24T13:00,2025-10-24,13,14.3,49,0.0,0.0,0.0,0.0,1,Mainly Clear,42,,11.4,32.8,Clear,57.74
2025-10-24T14:00,2025-10-24,14,14.9,44,0.0,0.0,0.0,0.0,2,Partly Cloudy,52,,11.5,29.2,Cloudy,58.82
2025-10-24T15:00,2025-10-24,15,14.7,45,0.0,0.0,0.0,0.0,2,Partly Cloudy,52,,11.1,28.1,Cloudy,58.459999999999994
2025-10-24T16:00,2025-10-24,16,14.3,48,0.0,0.0,0.0,0.0,2,Partly Cloudy,72,,6.7,25.6,Cloudy,57.74
2025-10-24T17:00,2025-10-24,17,13.0,56,0.0,0.0,0.0,0.0,2,Partly Cloudy,72,,5.2,15.5,Cloudy,55.4
2025-10-24T18:00,2025-10-24,18,11.4,64,0.0,0.0,0.0,0.0,1,Mainly Clear,44,,5.3,11.2,Clear,52.52
2025-10-24T19:00,2025-10-24,19,11.9,60,0.0,0.0,0.0,0.0,2,Partly Cloudy,69,,7.8,16.9,Cloudy,53.42
2025-10-24T20:00,2025-10-24,20,11.0,64,0.0,0.0,0.0,0.0,0,Clear,15,,7.4,17.3,Clear,51.8
2025-10-24T21:00,2025-10-24,21,10.1,69,0.0,0.0,0.0,0.0,0,Clear,5,,8.4,17.6,Clear,50.18
2025-10-24T22:00,2025-10-24,22,9.5,72,0.0,0.0,0.0,0.0,0,Clear,16,,7.6,18.4,Clear,49.1
2025-10-24T23:00,2025-10-24,23,8.9,75,0.0,0.0,0.0,0.0,1,Mainly Clear,20,,7.6,16.9,Clear,48.02
2025-10-25T00:00,2025-10-25,0,8.4,76,0.0,0.0,0.0,0.0,0,Clear,0,,7.8,16.9,Clear,47.120000000000005
2025-10-25T01:00,2025-10-25,1,7.7,76,0.0,0.0,0.0,0.0,0,Clear,0,,9.2,18.4,Clear,45.86
2025-10-25T02:00,2025-10-25,2,7.2,78,0.0,0.0,0.0,0.0,0,Clear,0,,8.1,19.4,Clear,44.96
2025-10-25T03:00,2025-10-25,3,6.8,80,0.0,0.0,0.0,0.0,0,Clear,0,,8.5,18.7,Clear,44.239999999999995
2025-10-25T04:00,2025-10-25,4,6.5,82,0.0,0.0,0.0,0.0,0,Clear,0,,8.5,19.4,Clear,43.7
2025-10-25T05:00,2025-10-25,5,6.2,84,0.0,0.0,0.0,0.0,0,Clear,0,,7.0,18.4,Clear,43.16
2025-10-25T06:00,2025-10-25,6,5.8,85,0.0,0.0,0.0,0.0,0,Clear,0,,6.1,15.5,Clear,42.44
2025-10-25T07:00,2025-10-25,7,6.5,81,0.0,0.0,0.0,0.0,0,Clear,0,,5.6,13.3,Clear,43.7
2025-10-25T08:00,2025-10-25,8,8.0,77,0.0,0.0,0.0,0.0,0,Clear,0,,5.9,14.4,Clear,46.4
2025-10-25T09:00,2025-10-25,9,9.9,69,0.0,0.0,0.0,0.0,0,Clear,0,,5.1,16.6,Clear,49.82
2025-10-25T10:00,2025-10-25,10,11.8,62,0.0,0.0,0.0,0.0,0,Clear,0,,4.6,16.6,Clear,53.24
2025-10-25T11:00,2025-10-25,11,13.2,53,0.0,0.0,0.0,0.0,0,Clear,0,,7.4,22.3,Clear,55.76
2025-10-25T12:00,2025-10-25,12,14.4,46,0.0,0.0,0.0,0.0,1,Mainly Clear,49,,8.9,24.1,Clear,57.92
2025-10-25T13:00,2025-10-25,13,14.4,44,0.0,0.0,0.0,0.0,3,Overcast,95,,7.8,25.2,Cloudy,57.92
2025-10-25T14:00,2025-10-25,14,14.4,44,0.0,0.0,0.0,0.0,3,Overcast,100,,8.0,20.9,Cloudy,57.92
2025-10-25T15:00,2025-10-25,15,14.1,46,0.0,0.0,0.0,0.0,3,Overcast,100,,7.9,21.2,Cloudy,57.379999999999995
2025-10-25T16:00,2025-10-25,16,13.7,50,0.0,0.0,0.0,0.0,3,Overcast,100,,6.1,18.4,Cloudy,56.66
2025-10-25T17:00,2025-10-25,17,12.5,62,0.0,0.0,0.0,0.0,3,Overcast,100,,4.2,13.7,Cloudy,54.5
2025-10-25T18:00,2025-10-25,18,12.1,65,0.0,0.0,0.0,0.0,3,Overcast,100,,2.8,8.3,Cloudy,53.78
2025-10-25T19:00,2025-10-25,19,11.9,67,0.0,0.0,0.0,0.0,3,Overcast,100,,2.7,4.0,Cloudy,53.42
2025-10-25T20:00,2025-10-25,20,11.4,70,0.0,0.0,0.0,0.0,3,Overcast,98,,2.8,5.0,Cloudy,52.52
2025-10-25T21:00,2025-10-25,21,10.9,74,0.0,0.0,0.0,0.0,3,Overcast,88,,3.0,5.4,Cloudy,51.620000000000005
2025-10-25T22:00,2025-10-25,22,10.5,75,0.0,0.0,0.0,0.0,3,Overcast,99,,3.4,6.8,Cloudy,50.9
2025-10-25T23:00,2025-10-25,23,10.1,76,0.0,0.0,0.0,0.0,3,Overcast,91,,3.8,7.6,Cloudy,50.18
2025-10-26T00:00,2025-10-26,0,9.4,78,0.0,0.0,0.0,0.0,0,Clear,18,,4.2,8.3,Clear,48.92
2025-10-26T01:00,2025-10-26,1,8.3,81,0.0,0.0,0.0,0.0,0,Clear,0,,4.7,9.7,Clear,46.94
2025-10-26T02:00,2025-10-26,2,7.6,82,0.0,0.0,0.0,0.0,0,Clear,11,,4.5,9.4,Clear,45.68
2025-10-26T03:00,2025-10-26,3,7.7,83,0.0,0.0,0.0,0.0,0,Clear,2,,5.7,12.2,Clear,45.86
2025-10-26T04:00,2025-10-26,4,6.8,85,0.0,0.0,0.0,0.0,0,Clear,0,,4.6,12.2,Clear,44.239999999999995
2025-10-26T05:00,2025-10-26,5,6.9,86,0.0,0.0,0.0,0.0,0,Clear,7,,5.1,10.8,Clear,44.42
2025-10-26T06:00,2025-10-26,6,7.1,85,0.0,0.0,0.0,0.0,2,Partly Cloudy,52,,5.1,10.4,Cloudy,44.78
2025-10-26T07:00,2025-10-26,7,8.1,79,0.0,0.0,0.0,0.0,1,Mainly Clear,28,,7.2,12.6,Clear,46.58
2025-10-26T08:00,2025-10-26,8,9.2,76,0.0,0.0,0.0,0.0,3,Overcast,97,,6.5,15.5,Cloudy,48.56
2025-10-26T09:00,2025-10-26,9,9.9,72,0.0,0.0,0.0,0.0,2,Partly Cloudy,76,,6.8,18.0,Cloudy,49.82
2025-10-26T10:00,2025-10-26,10,11.3,63,0.0,0.0,0.0,0.0,2,Partly Cloudy,55,,6.6,19.8,Cloudy,52.34
2025-10-26T11:00,2025-10-26,11,12.6,57,0.0,0.0,0.0,0.0,0,Clear,13,,5.5,20.2,Clear,54.68
2025-10-26T12:00,2025-10-26,12,13.5,52,0.1,0.1,0.0,0.0,51,Light Drizzle,26,,5.3,18.7,Rain,56.3
2025-10-26T13:00,2025-10-26,13,14.1,49,0.0,0.0,0.0,0.0,0,Clear,15,,6.8,20.9,Clear,57.379999999999995
2025-10-26T14:00,2025-10-26,14,14.4,45,0.0,0.0,0.0,0.0,0,Clear,19,,6.5,21.2,Clear,57.92
2025-10-26T15:00,2025-10-26,15,14.2,42,0.0,0.0,0.0,0.0,1,Mainly Clear,28,,6.5,19.1,Clear,57.56
2025-10-26T16:00,2025-10-26,16,13.8,42,0.0,0.0,0.0,0.0,1,Mainly Clear,21,,6.0,19.1,Clear,56.84
2025-10-26T17:00,2025-10-26,17,12.2,52,0.0,0.0,0.0,0.0,0,Clear,2,,0.9,14.0,Clear,53.96
2025-10-26T18:00,2025-10-26,18,11.6,54,0.0,0.0,0.0,0.0,0,Clear,18,,0.8,1.8,Clear,52.879999999999995
2025-10-26T19:00,2025-10-26,19,10.9,55,0.0,0.0,0.0,0.0,1,Mainly Clear,25,,0.8,1.4,Clear,51.620000000000005
2025-10-26T20:00,2025-10-26,20,9.5,63,0.0,0.0,0.0,0.0,0,Clear,11,,5.1,9.7,Clear,49.1
2025-10-26T21:00,2025-10-26,21,8.8,66,0.0,0.0,0.0,0.0,0,Clear,0,,5.4,11.5,Clear,47.84
2025-10-26T22:00,2025-10-26,22,8.2,65,0.0,0.0,0.0,0.0,0,Clear,0,,6.2,13.3,Clear,46.76
2025-10-26T23:00,2025-10-26,23,7.3,69,0.0,0.0,0.0,0.0,0,Clear,0,,5.2,13.0,Clear,45.14
2025-10-27T00:00,2025-10-27,0,7.1,70,0.0,0.0,0.0,0.0,0,Clear,0,,5.6,11.5,Clear,44.78
2025-10-27T01:00,2025-10-27,1,5.9,75,0.0,0.0,0.0,0.0,0,Clear,0,,5.4,13.0,Clear,42.620000000000005
2025-10-27T02:00,2025-10-27,2,5.3,75,0.0,0.0,0.0,0.0,0,Clear,0,,6.1,13.0,Clear,41.54
2025-10-27T03:00,2025-10-27,3,5.3,71,0.0,0.0,0.0,0.0,0,Clear,0,,8.3,17.3,Clear,41.54
2025-10-27T04:00,2025-10-27,4,4.9,71,0.0,0.0,0.0,0.0,0,Clear,0,,8.6,20.2,Clear,40.82
2025-10-27T05:00,2025-10-27,5,4.1,77,0.0,0.0,0.0,0.0,0,Clear,0,,6.3,18.7,Clear,39.38
2025-10-27T06:00,2025-10-27,6,3.5,81,0.0,0.0,0.0,0.0,0,Clear,0,,5.7,13.7,Clear,38.3
2025-10-27T07:00,2025-10-27,7,3.8,86,0.0,0.0,0.0,0.0,0,Clear,0,,7.9,13.0,Clear,38.839999999999996
2025-10-27T08:00,2025-10-27,8,4.8,79,0.0,0.0,0.0,0.0,0,Clear,0,,7.2,18.0,Clear,40.64
2025-10-27T09:00,2025-10-27,9,6.9,69,0.0,0.0,0.0,0.0,0,Clear,0,,6.9,19.8,Clear,44.42
2025-10-27T10:00,2025-10-27,10,9.3,57,0.0,0.0,0.0,0.0,0,Clear,0,,6.9,20.9,Clear,48.74
2025-10-27T11:00,2025-10-27,11,11.1,47,0.0,0.0,0.0,0.0,0,Clear,0,,7.6,23.0,Clear,51.98
2025-10-27T12:00,2025-10-27,12,12.1,43,0.0,0.0,0.0,0.0,0,Clear,0,,7.5,23.4,Clear,53.78
2025-10-27T13:00,2025-10-27,13,12.8,42,0.0,0.0,0.0,0.0,0,Clear,0,,7.6,23.4,Clear,55.04
2025-10-27T14:00,2025-10-27,14,12.9,41,0.0,0.0,0.0,0.0,0,Clear,0,,8.1,23.4,Clear,55.22
2025-10-27T15:00,2025-10-27,15,12.6,42,0.0,0.0,0.0,0.0,0,Clear,0,,9.2,23.8,Clear,54.68
2025-10-27T16:00,2025-10-27,16,11.9,45,0.0,0.0,0.0,0.0,0,Clear,0,,9.9,25.2,Clear,53.42
2025-10-27T17:00,2025-10-27,17,10.0,59,0.0,0.0,0.0,0.0,0,Clear,0,,4.9,22.7,Clear,50.0
2025-10-27T18:00,2025-10-27,18,8.9,65,0.0,0.0,0.0,0.0,0,Clear,0,,3.8,10.4,Clear,48.02
2025-10-27T19:00,2025-10-27,19,8.8,63,0.0,0.0,0.0,0.0,0,Clear,0,,5.8,12.6,Clear,47.84
2025-10-27T20:00,2025-10-27,20,8.4,60,0.0,0.0,0.0,0.0,0,Clear,16,,11.7,24.8,Clear,47.120000000000005
2025-10-27T21:00,2025-10-27,21,7.3,69,0.0,0.0,0.0,0.0,0,Clear,15,,9.3,25.2,Clear,45.14
2025-10-27T22:00,2025-10-27,22,6.8,73,0.0,0.0,0.0,0.0,1,Mainly Clear,20,,7.3,19.8,Clear,44.239999999999995
2025-10-27T23:00,2025-10-27,23,6.2,76,0.0,0.0,0.0,0.0,0,Clear,9,,8.7,18.7,Clear,43.16
2025-10-28T00:00,2025-10-28,0,5.9,77,0.0,0.0,0.0,0.0,0,Clear,10,,8.8,19.1,Clear,42.620000000000005
2025-10-28T01:00,2025-10-28,1,5.8,74,0.0,0.0,0.0,0.0,0,Clear,16,,10.0,19.1,Clear,42.44
2025-10-28T02:00,2025-10-28,2,5.5,75,0.0,0.0,0.0,0.0,1,Mainly Clear,23,,9.2,21.6,Clear,41.9
2025-10-28T03:00,2025-10-28,3,5.1,77,0.0,0.0,0.0,0.0,0,Clear,4,,9.6,22.0,Clear,41.18
2025-10-28T04:00,2025-10-28,4,4.8,78,0.0,0.0,0.0,0.0,0,Clear,0,,9.5,22.7,Clear,40.64
2025-10-28T05:00,2025-10-28,5,4.5,80,0.0,0.0,0.0,0.0,0,Clear,0,,10.8,23.0,Clear,40.1
2025-10-28T06:00,2025-10-28,6,4.2,81,0.0,0.0,0.0,0.0,0,Clear,0,,10.9,23.0,Clear,39.56
2025-10-28T07:00,2025-10-28,7,4.6,83,0.0,0.0,0.0,0.0,0,Clear,0,,10.7,24.5,Clear,40.28
2025-10-28T08:00,2025-10-28,8,6.1,78,0.0,0.0,0.0,0.0,3,Overcast,100,,9.7,22.3,Cloudy,42.980000000000004
2025-10-28T09:00,2025-10-28,9,8.1,68,0.0,0.0,0.0,0.0,3,Overcast,100,,10.9,27.0,Cloudy,46.58
2025-10-28T10:00,2025-10-28,10,10.1,59,0.0,0.0,0.0,0.0,3,Overcast,93,,13.9,34.6,Cloudy,50.18
2025-10-28T11:00,2025-10-28,11,11.8,54,0.0,0.0,0.0,0.0,3,Overcast,100,,21.7,51.5,Cloudy,53.24
2025-10-28T12:00,2025-10-28,12,11.9,56,0.0,0.0,0.0,0.0,3,Overcast,100,,19.8,51.5,Cloudy,53.42
2025-10-28T13:00,2025-10-28,13,11.6,59,0.0,0.0,0.0,0.0,3,Overcast,100,,20.4,49.0,Cloudy,52.879999999999995
2025-10-28T14:00,2025-10-28,14,11.8,58,0.0,0.0,0.0,0.0,3,Overcast,100,,17.4,46.8,Cloudy,53.24
2025-10-28T15:00,2025-10-28,15,12.1,55,0.0,0.0,0.0,0.0,3,Overcast,100,,16.0,39.6,Cloudy,53.78
2025-10-28T16:00,2025-10-28,16,12.4,53,0.0,0.0,0.0,0.0,3,Overcast,100,,11.7,35.6,Cloudy,54.32
2025-10-28T17:00,2025-10-28,17,11.8,55,0.0,0.0,0.0,0.0,3,Overcast,100,,8.4,26.6,Cloudy,53.24
2025-10-28T18:00,2025-10-28,18,11.8,54,0.0,0.0,0.0,0.0,3,Overcast,100,,12.3,26.6,Cloudy,53.24
2025-10-28T19:00,2025-10-28,19,11.6,56,0.0,0.0,0.0,0.0,3,Overcast,100,,11.5,31.7,Cloudy,52.879999999999995
2025-10-28T20:00,2025-10-28,20,11.2,57,0.0,0.0,0.0,0.0,3,Overcast,100,,12.9,28.8,Cloudy,52.16
2025-10-28T21:00,2025-10-28,21,10.6,60,0.0,0.0,0.0,0.0,3,Overcast,96,,14.3,32.8,Cloudy,51.08
2025-10-28T22:00,2025-10-28,22,10.1,61,0.0,0.0,0.0,0.0,3,Overcast,97,,14.9,33.8,Cloudy,50.18
2025-10-28T23:00,2025-10-28,23,9.7,65,0.0,0.0,0.0,0.0,3,Overcast,96,,16.7,37.8,Cloudy,49.46
2025-10-29T00:00,2025-10-29,0,9.2,69,0.0,0.0,0.0,0.0,3,Overcast,86,,16.1,38.5,Cloudy,48.56
2025-10-29T01:00,2025-10-29,1,9.2,69,0.0,0.0,0.0,0.0,1,Mainly Clear,30,,14.4,37.8,Clear,48.56
2025-10-29T02:00,2025-10-29,2,8.6,71,0.0,0.0,0.0,0.0,1,Mainly Clear,36,,14.0,33.1,Clear,47.48
2025-10-29T03:00,2025-10-29,3,8.1,74,0.0,0.0,0.0,0.0,1,Mainly Clear,38,,13.2,31.7,Clear,46.58
2025-10-29T04:00,2025-10-29,4,7.9,75,0.0,0.0,0.0,0.0,3,Overcast,100,,12.5,29.5,Cloudy,46.22
2025-10-29T05:00,2025-10-29,5,7.8,76,0.0,0.0,0.0,0.0,1,Mainly Clear,29,,13.3,29.9,Clear,46.04
2025-10-29T06:00,2025-10-29,6,7.8,75,0.0,0.0,0.0,0.0,0,Clear,7,,13.5,30.6,Clear,46.04
2025-10-29T07:00,2025-10-29,7,7.1,77,0.0,0.0,0.0,0.0,3,Overcast,100,,11.3,31.0,Cloudy,44.78
2025-10-29T08:00,2025-10-29,8,8.4,70,0.0,0.0,0.0,0.0,3,Overcast,93,,9.2,22.0,Cloudy,47.120000000000005
2025-10-29T09:00,2025-10-29,9,10.1,61,0.0,0.0,0.0,0.0,3,Overcast,100,,11.7,29.5,Cloudy,50.18
2025-10-29T10:00,2025-10-29,10,11.9,56,0.0,0.0,0.0,0.0,3,Overcast,100,,11.6,30.6,Cloudy,53.42
2025-10-29T11:00,2025-10-29,11,13.1,55,0.0,0.0,0.0,0.0,3,Overcast,100,,10.9,30.6,Cloudy,55.58
2025-10-29T12:00,2025-10-29,12,13.6,54,0.0,0.0,0.0,0.0,3,Overcast,100,,10.9,29.5,Cloudy,56.48
2025-10-29T13:00,2025-10-29,13,12.8,59,0.0,0.0,0.0,0.0,3,Overcast,100,,10.7,28.8,Cloudy,55.04
2025-10-29T14:00,2025-10-29,14,12.6,60,0.0,0.0,0.0,0.0,3,Overcast,100,,10.6,26.3,Cloudy,54.68
2025-10-29T15:00,2025-10-29,15,12.3,63,0.0,0.0,0.0,0.0,2,Partly Cloudy,77,,11.8,28.1,Cloudy,54.14
2025-10-29T16:00,2025-10-29,16,12.1,65,0.0,0.0,0.0,0.0,1,Mainly Clear,38,,11.2,29.5,Clear,53.78
2025-10-29T17:00,2025-10-29,17,11.1,70,0.0,0.0,0.0,0.0,2,Partly Cloudy,61,,8.1,25.2,Cloudy,51.98
2025-10-29T18:00,2025-10-29,18,10.8,71,0.0,0.0,0.0,0.0,1,Mainly Clear,24,,7.9,18.7,Clear,51.44
2025-10-29T19:00,2025-10-29,19,10.9,73,0.0,0.0,0.0,0.0,3,Overcast,100,,8.9,17.6,Cloudy,51.620000000000005
2025-10-29T20:00,2025-10-29,20,11.4,71,0.0,0.0,0.0,0.0,3,Overcast,95,,8.2,22.7,Cloudy,52.52
2025-10-29T21:00,2025-10-29,21,11.2,72,0.0,0.0,0.0,0.0,3,Overcast,98,,9.6,21.2,Cloudy,52.16
2025-10-29T22:00,2025-10-29,22,11.1,75,0.1,0.1,0.0,0.0,51,Light Drizzle,100,,8.3,24.8,Rain,51.98
2025-10-29T23:00,2025-10-29,23,11.1,77,0.0,0.0,0.0,0.0,3,Overcast,100,,8.8,23.8,Cloudy,51.98
2025-10-30T00:00,2025-10-30,0,10.9,81,0.1,0.1,0.0,0.0,51,Light Drizzle,100,,13.1,28.1,Rain,51.620000000000005
2025-10-30T01:00,2025-10-30,1,10.9,84,0.2,0.2,0.0,0.0,51,Light Drizzle,100,,14.4,30.6,Rain,51.620000000000005
2025-10-30T02:00,2025-10-30,2,11.1,85,0.0,0.0,0.0,0.0,3,Overcast,100,,13.9,33.1,Cloudy,51.98
2025-10-30T03:00,2025-10-30,3,11.3,85,0.0,0.0,0.0,0.0,3,Overcast,100,,14.7,33.1,Cloudy,52.34
2025-10-30T04:00,2025-10-30,4,11.5,86,0.4,0.4,0.0,0.0,51,Light Drizzle,100,,15.5,33.8,Rain,52.7
2025-10-30T05:00,2025-10-30,5,11.7,89,2.7,2.7,0.0,0.0,63,Moderate Rain,100,,17.3,36.4,Rain,53.06
2025-10-30T06:00,2025-10-30,6,11.9,93,0.9,0.9,0.0,0.0,53,Moderate Drizzle,100,,18.4,38.5,Rain,53.42
2025-10-30T07:00,2025-10-30,7,12.4,91,0.4,0.4,0.0,0.0,51,Light Drizzle,100,,15.5,40.3,Rain,54.32
2025-10-30T08:00,2025-10-30,8,13.1,89,0.4,0.4,0.0,0.0,51,Light Drizzle,100,,17.1,34.6,Rain,55.58
2025-10-30T09:00,2025-10-30,9,13.4,92,4.0,4.0,0.0,0.0,63,Moderate Rain,100,,20.8,47.9,Rain,56.120000000000005
2025-10-30T10:00,2025-10-30,10,14.3,89,0.8,0.8,0.0,0.0,53,Moderate Drizzle,100,,24.5,52.2,Rain,57.74
2025-10-30T11:00,2025-10-30,11,15.0,87,4.7,4.7,0.0,0.0,63,Moderate Rain,100,,24.0,55.8,Rain,59.0
2025-10-30T12:00,2025-10-30,12,15.2,88,5.6,5.6,0.0,0.0,63,Moderate Rain,100,,26.5,63.0,Rain,59.36
2025-10-30T13:00,2025-10-30,13,14.9,95,9.3,9.3,0.0,0.0,65,Heavy Rain,100,,25.3,61.2,Rain,58.82
2025-10-30T14:00,2025-10-30,14,15.8,95,4.3,4.3,0.0,0.0,63,Moderate Rain,100,,25.8,59.0,Rain,60.440000000000005
2025-10-30T15:00,2025-10-30,15,15.9,96,4.2,4.2,0.0,0.0,63,Moderate Rain,100,,21.2,52.2,Rain,60.62
2025-10-30T16:00,2025-10-30,16,16.0,97,1.7,1.7,0.0,0.0,61,Slight Rain,100,,16.3,44.3,Rain,60.8
2025-10-30T17:00,2025-10-30,17,16.1,97,1.1,1.1,0.0,0.0,55,Dense Drizzle,100,,11.3,32.8,Rain,60.980000000000004
2025-10-30T18:00,2025-10-30,18,16.5,97,0.8,0.8,0.0,0.0,53,Moderate Drizzle,91,,14.3,25.9,Rain,61.7
2025-10-30T19:00,2025-10-30,19,16.2,98,0.4,0.4,0.0,0.0,51,Light Drizzle,75,,11.8,34.2,Rain,61.16
2025-10-30T20:00,2025-10-30,20,15.9,98,0.6,0.6,0.0,0.0,53,Moderate Drizzle,96,,10.2,23.4,Rain,60.62
2025-10-30T21:00,2025-10-30,21,15.6,99,0.1,0.1,0.0,0.0,51,Light Drizzle,100,,8.1,21.2,Rain,60.08
2025-10-30T22:00,2025-10-30,22,15.2,99,1.7,1.7,0.0,0.0,61,Slight Rain,98,,8.0,15.5,Rain,59.36
2025-10-30T23:00,2025-10-30,23,14.8,93,0.0,0.0,0.0,0.0,0,Clear,15,,12.3,24.8,Clear,58.64
2025-10-31T00:00,2025-10-31,0,13.5,94,0.0,0.0,0.0,0.0,1,Mainly Clear,20,,12.2,23.8,Clear,56.3
2025-10-31T01:00,2025-10-31,1,12.4,93,0.0,0.0,0.0,0.0,0,Clear,2,,20.2,39.2,Clear,54.32
2025-10-31T02:00,2025-10-31,2,11.3,90,0.0,0.0,0.0,0.0,1,Mainly Clear,36,,17.9,41.8,Clear,52.34
2025-10-31T03:00,2025-10-31,3,10.9,87,0.0,0.0,0.0,0.0,0,Clear,0,,15.7,37.8,Clear,51.620000000000005
2025-10-31T04:00,2025-10-31,4,10.4,86,0.0,0.0,0.0,0.0,0,Clear,0,,16.9,37.1,Clear,50.72
2025-10-31T05:00,2025-10-31,5,10.3,86,0.0,0.0,0.0,0.0,0,Clear,2,,17.3,38.5,Clear,50.54
2025-10-31T06:00,2025-10-31,6,10.1,86,0.0,0.0,0.0,0.0,0,Clear,5,,16.5,38.2,Clear,50.18
2025-10-31T07:00,2025-10-31,7,10.8,79,0.0,0.0,0.0,0.0,1,Mainly Clear,45,,16.3,36.7,Clear,51.44
2025-10-31T08:00,2025-10-31,8,11.9,78,0.0,0.0,0.0,0.0,2,Partly Cloudy,66,,13.2,36.0,Cloudy,53.42
2025-10-31T09:00,2025-10-31,9,12.2,67,0.0,0.0,0.0,0.0,3,Overcast,100,,22.2,51.5,Cloudy,53.96
2025-10-31T10:00,2025-10-31,10,12.1,60,0.0,0.0,0.0,0.0,3,Overcast,100,,22.2,58.0,Cloudy,53.78
2025-10-31T11:00,2025-10-31,11,12.4,55,0.0,0.0,0.0,0.0,3,Overcast,81,,24.3,64.8,Cloudy,54.32
2025-10-31T12:00,2025-10-31,12,13.0,52,0.0,0.0,0.0,0.0,3,Overcast,97,,24.8,61.6,Cloudy,55.4
2025-10-31T13:00,2025-10-31,13,13.1,48,0.0,0.0,0.0,0.0,3,Overcast,85,,27.1,69.5,Cloudy,55.58
2025-10-31T14:00,2025-10-31,14,13.6,47,0.0,0.0,0.0,0.0,3,Overcast,81,,25.7,73.1,Cloudy,56.48
2025-10-31T15:00,2025-10-31,15,13.1,52,0.0,0.0,0.0,0.0,1,Mainly Clear,26,,27.4,69.1,Clear,55.58
2025-10-31T16:00,2025-10-31,16,12.4,52,0.0,0.0,0.0,0.0,1,Mainly Clear,37,,26.3,65.2,Clear,54.32
2025-10-31T17:00,2025-10-31,17,11.7,54,0.0,0.0,0.0,0.0,1,Mainly Clear,24,,20.6,60.1,Clear,53.06
2025-10-31T18:00,2025-10-31,18,11.8,50,0.0,0.0,0.0,0.0,2,Partly Cloudy,55,,22.3,49.7,Cloudy,53.24
2025-10-31T19:00,2025-10-31,19,11.6,46,0.0,0.0,0.0,0.0,0,Clear,13,,21.6,50.8,Clear,52.879999999999995
2025-10-31T20:00,2025-10-31,20,11.4,46,0.0,0.0,0.0,0.0,1,Mainly Clear,28,,22.9,50.8,Clear,52.52
2025-10-31T21:00,2025-10-31,21,10.9,49,0.0,0.0,0.0,0.0,0,Clear,4,,20.4,50.8,Clear,51.620000000000005
2025-10-31T22:00,2025-10-31,22,10.4,53,0.0,0.0,0.0,0.0,0,Clear,2,,18.8,46.8,Clear,50.72
2025-10-31T23:00,2025-10-31,23,9.9,55,0.0,0.0,0.0,0.0,0,Clear,11,,19.7,42.8,Clear,49.82
2025-11-01T00:00,2025-11-01,0,9.4,59,0.0,0.0,0.0,0.0,0,Clear,2,,18.9,43.9,Clear,48.92
2025-11-01T01:00,2025-11-01,1,9.4,57,0.0,0.0,0.0,0.0,0,Clear,1,,19.1,41.8,Clear,48.92
2025-11-01T02:00,2025-11-01,2,9.0,57,0.0,0.0,0.0,0.0,0,Clear,0,,18.9,42.1,Clear,48.2
2025-11-01T03:00,2025-11-01,3,8.5,59,0.0,0.0,0.0,0.0,0,Clear,1,,17.1,40.3,Clear,47.3
2025-11-01T04:00,2025-11-01,4,8.1,60,0.0,0.0,0.0,0.0,0,Clear,0,,16.9,37.1,Clear,46.58
2025-11-01T05:00,2025-11-01,5,7.9,61,0.0,0.0,0.0,0.0,0,Clear,0,,15.6,36.0,Clear,46.22
2025-11-01T06:00,2025-11-01,6,7.6,63,0.0,0.0,0.0,0.0,1,Mainly Clear,31,,14.1,33.1,Clear,45.68
2025-11-01T07:00,2025-11-01,7,8.4,58,0.0,0.0,0.0,0.0,2,Partly Cloudy,52,,13.9,31.0,Cloudy,47.120000000000005
2025-11-01T08:00,2025-11-01,8,9.4,60,0.0,0.0,0.0,0.0,1,Mainly Clear,40,,12.2,29.9,Clear,48.92
2025-11-01T09:00,2025-11-01,9,10.9,54,0.0,0.0,0.0,0.0,0,Clear,16,,13.0,36.7,Clear,51.620000000000005
2025-11-01T10:00,2025-11-01,10,11.8,48,0.0,0.0,0.0,0.0,2,Partly Cloudy,55,,20.1,46.8,Cloudy,53.24
2025-11-01T11:00,2025-11-01,11,12.7,44,0.0,0.0,0.0,0.0,3,Overcast,80,,21.0,52.6,Cloudy,54.86
2025-11-01T12:00,2025-11-01,12,14.1,38,0.0,0.0,0.0,0.0,2,Partly Cloudy,55,,22.0,50.8,Cloudy,57.379999999999995
2025-11-01T13:00,2025-11-01,13,14.2,39,0.0,0.0,0.0,0.0,1,Mainly Clear,32,,21.8,61.2,Clear,57.56
2025-11-01T14:00,2025-11-01,14,14.4,38,0.0,0.0,0.0,0.0,1,Mainly Clear,33,,21.3,52.2,Clear,57.92
2025-11-01T15:00,2025-11-01,15,14.1,41,0.0,0.0,0.0,0.0,1,Mainly Clear,23,,17.3,49.0,Clear,57.379999999999995
2025-11-01T16:00,2025-11-01,16,13.1,46,0.0,0.0,0.0,0.0,1,Mainly Clear,24,,14.3,40.0,Clear,55.58
2025-11-01T17:00,2025-11-01,17,11.4,53,0.0,0.0,0.0,0.0,2,Partly Cloudy,73,,9.7,32.0,Cloudy,52.52
2025-11-01T18:00,2025-11-01,18,9.6,65,0.0,0.0,0.0,0.0,1,Mainly Clear,24,,5.5,20.5,Clear,49.28
2025-11-01T19:00,2025-11-01,19,9.0,66,0.0,0.0,0.0,0.0,1,Mainly Clear,35,,5.0,10.8,Clear,48.2
2025-11-01T20:00,2025-11-01,20,8.4,68,0.0,0.0,0.0,0.0,3,Overcast,84,,4.2,9.7,Cloudy,47.120000000000005
2025-11-01T21:00,2025-11-01,21,7.9,70,0.0,0.0,0.0,0.0,3,Overcast,91,,4.9,9.4,Cloudy,46.22
2025-11-01T22:00,2025-11-01,22,7.8,70,0.0,0.0,0.0,0.0,3,Overcast,99,,5.8,11.5,Cloudy,46.04
2025-11-01T23:00,2025-11-01,23,7.7,70,0.0,0.0,0.0,0.0,3,Overcast,99,,6.2,13.0,Cloudy,45.86
2025-11-02T00:00,2025-11-02,0,7.1,74,0.0,0.0,0.0,0.0,3,Overcast,96,,5.8,13.0,Cloudy,44.78
2025-11-02T01:00,2025-11-02,1,6.2,74,0.0,0.0,0.0,0.0,3,Overcast,100,,5.2,11.9,Cloudy,43.16
2025-11-02T02:00,2025-11-02,2,5.3,78,0.0,0.0,0.0,0.0,1,Mainly Clear,46,,4.0,10.4,Clear,41.54
2025-11-02T03:00,2025-11-02,3,5.2,80,0.0,0.0,0.0,0.0,0,Clear,9,,1.8,6.8,Clear,41.36
2025-11-02T04:00,2025-11-02,4,4.8,82,0.0,0.0,0.0,0.0,0,Clear,6,,2.3,4.7,Clear,40.64
2025-11-02T05:00,2025-11-02,5,4.3,84,0.0,0.0,0.0,0.0,0,Clear,0,,4.1,7.2,Clear,39.74
2025-11-02T06:00,2025-11-02,6,4.1,85,0.0,0.0,0.0,0.0,0,Clear,11,,4.5,8.6,Clear,39.38
2025-11-02T07:00,2025-11-02,7,4.0,90,0.0,0.0,0.0,0.0,0,Clear,9,,3.1,9.0,Clear,39.2
2025-11-02T08:00,2025-11-02,8,5.4,84,0.0,0.0,0.0,0.0,1,Mainly Clear,34,,3.7,9.4,Clear,41.72
2025-11-02T09:00,2025-11-02,9,7.7,76,0.0,0.0,0.0,0.0,0,Clear,6,,1.9,10.4,Clear,45.86
2025-11-02T10:00,2025-11-02,10,9.8,66,0.0,0.0,0.0,0.0,0,Clear,2,,1.7,11.5,Clear,49.64
2025-11-02T11:00,2025-11-02,11,11.4,61,0.0,0.0,0.0,0.0,0,Clear,0,,1.9,12.2,Clear,52.52
2025-11-02T12:00,2025-11-02,12,12.6,58,0.0,0.0,0.0,0.0,0,Clear,0,,4.5,16.6,Clear,54.68
2025-11-02T13:00,2025-11-02,13,14.1,51,0.0,0.0,0.0,0.0,0,Clear,11,,7.1,17.6,Clear,57.379999999999995
2025-11-02T14:00,2025-11-02,14,14.6,49,0.0,0.0,0.0,0.0,0,Clear,9,,7.8,22.3,Clear,58.28
2025-11-02T15:00,2025-11-02,15,14.9,47,0.0,0.0,0.0,0.0,0,Clear,1,,8.4,21.2,Clear,58.82
2025-11-02T16:00,2025-11-02,16,13.9,53,0.0,0.0,0.0,0.0,0,Clear,16,,9.3,21.6,Clear,57.02
2025-11-02T17:00,2025-11-02,17,11.9,63,0.0,0.0,0.0,0.0,3,Overcast,99,,7.2,20.9,Cloudy,53.42
2025-11-02T18:00,2025-11-02,18,10.6,71,0.0,0.0,0.0,0.0,3,Overcast,99,,5.4,15.1,Cloudy,51.08
2025-11-02T19:00,2025-11-02,19,10.4,78,0.0,0.0,0.0,0.0,3,Overcast,100,,5.5,9.4,Cloudy,50.72
2025-11-02T20:00,2025-11-02,20,9.9,82,0.0,0.0,0.0,0.0,3,Overcast,100,,4.5,11.2,Cloudy,49.82
2025-11-02T21:00,2025-11-02,21,9.6,82,0.0,0.0,0.0,0.0,3,Overcast,100,,4.4,8.3,Cloudy,49.28
2025-11-02T22:00,2025-11-02,22,9.0,84,0.0,0.0,0.0,0.0,3,Overcast,100,,4.5,7.6,Cloudy,48.2
2025-11-02T23:00,2025-11-02,23,8.6,85,0.0,0.0,0.0,0.0,3,Overcast,100,,4.8,9.4,Cloudy,47.48
2025-11-03T00:00,2025-11-03,0,8.1,85,0.0,0.0,0.0,0.0,0,Clear,12,,2.4,9.0,Clear,46.58
2025-11-03T01:00,2025-11-03,1,7.2,87,0.0,0.0,0.0,0.0,1,Mainly Clear,22,,2.9,5.0,Clear,44.96
2025-11-03T02:00,2025-11-03,2,6.4,87,0.0,0.0,0.0,0.0,3,Overcast,82,,2.6,5.4,Cloudy,43.519999999999996
2025-11-03T03:00,2025-11-03,3,6.2,88,0.0,0.0,0.0,0.0,3,Overcast,100,,3.8,7.9,Cloudy,43.16
2025-11-03T04:00,2025-11-03,4,6.7,88,0.0,0.0,0.0,0.0,3,Overcast,100,,1.7,6.8,Cloudy,44.06
2025-11-03T05:00,2025-11-03,5,6.4,91,0.0,0.0,0.0,0.0,3,Overcast,100,,2.4,4.3,Cloudy,43.519999999999996
2025-11-03T06:00,2025-11-03,6,6.4,93,0.0,0.0,0.0,0.0,3,Overcast,100,,2.8,5.4,Cloudy,43.519999999999996
2025-11-03T07:00,2025-11-03,7,6.5,97,0.0,0.0,0.0,0.0,3,Overcast,100,,0.5,6.1,Cloudy,43.7
2025-11-03T08:00,2025-11-03,8,7.1,94,0.0,0.0,0.0,0.0,3,Overcast,100,,4.7,9.7,Cloudy,44.78
2025-11-03T09:00,2025-11-03,9,9.6,85,0.0,0.0,0.0,0.0,1,Mainly Clear,21,,2.7,9.7,Clear,49.28
2025-11-03T10:00,2025-11-03,10,12.6,74,0.0,0.0,0.0,0.0,3,Overcast,82,,2.8,12.2,Cloudy,54.68
2025-11-03T11:00,2025-11-03,11,13.7,71,0.0,0.0,0.0,0.0,3,Overcast,100,,4.6,15.5,Cloudy,56.66
2025-11-03T12:00,2025-11-03,12,13.4,71,0.0,0.0,0.0,0.0,3,Overcast,100,,7.0,17.3,Cloudy,56.120000000000005
2025-11-03T13:00,2025-11-03,13,14.0,67,0.0,0.0,0.0,0.0,3,Overcast,100,,7.3,20.2,Cloudy,57.2
2025-11-03T14:00,2025-11-03,14,13.4,71,0.0,0.0,0.0,0.0,3,Overcast,100,,5.6,16.9,Cloudy,56.120000000000005
2025-11-03T15:00,2025-11-03,15,13.1,74,0.0,0.0,0.0,0.0,3,Overcast,98,,4.7,13.0,Cloudy,55.58
2025-11-03T16:00,2025-11-03,16,12.8,72,0.0,0.0,0.0,0.0,2,Partly Cloudy,70,,6.9,16.9,Cloudy,55.04
2025-11-03T17:00,2025-11-03,17,11.1,76,0.0,0.0,0.0,0.0,3,Overcast,99,,6.3,15.8,Cloudy,51.98
2025-11-03T18:00,2025-11-03,18,11.6,74,0.0,0.0,0.0,0.0,3,Overcast,98,,8.8,18.0,Cloudy,52.879999999999995
2025-11-03T19:00,2025-11-03,19,12.4,76,0.0,0.0,0.0,0.0,3,Overcast,100,,11.7,23.4,Cloudy,54.32
2025-11-03T20:00,2025-11-03,20,12.1,78,0.1,0.1,0.0,0.0,51,Light Drizzle,38,,14.2,36.4,Rain,53.78
2025-11-03T21:00,2025-11-03,21,12.0,66,0.0,0.0,0.0,0.0,0,Clear,0,,16.3,34.9,Clear,53.6
2025-11-03T22:00,2025-11-03,22,11.4,54,0.0,0.0,0.0,0.0,0,Clear,0,,16.3,36.4,Clear,52.52
2025-11-03T23:00,2025-11-03,23,10.6,55,0.0,0.0,0.0,0.0,0,Clear,2,,17.3,40.0,Clear,51.08
2025-11-04T00:00,2025-11-04,0,10.1,55,0.0,0.0,0.0,0.0,0,Clear,2,,17.8,40.0,Clear,50.18
2025-11-04T01:00,2025-11-04,1,9.9,57,0.0,0.0,0.0,0.0,0,Clear,3,,18.0,39.6,Clear,49.82
2025-11-04T02:00,2025-11-04,2,9.6,57,0.0,0.0,0.0,0.0,0,Clear,2,,18.2,40.3,Clear,49.28
2025-11-04T03:00,2025-11-04,3,9.0,56,0.0,0.0,0.0,0.0,0,Clear,0,,16.3,40.3,Clear,48.2
2025-11-04T04:00,2025-11-04,4,8.6,56,0.0,0.0,0.0,0.0,0,Clear,1,,16.0,36.0,Clear,47.48
2025-11-04T05:00,2025-11-04,5,8.4,56,0.0,0.0,0.0,0.0,0,Clear,2,,14.5,35.3,Clear,47.120000000000005
2025-11-04T06:00,2025-11-04,6,8.1,56,0.0,0.0,0.0,0.0,0,Clear,2,,14.3,31.7,Clear,46.58
2025-11-04T07:00,2025-11-04,7,8.6,56,0.0,0.0,0.0,0.0,0,Clear,0,,14.1,31.3,Clear,47.48
2025-11-04T08:00,2025-11-04,8,9.6,54,0.0,0.0,0.0,0.0,0,Clear,0,,14.0,31.7,Clear,49.28
2025-11-04T09:00,2025-11-04,9,10.9,51,0.0,0.0,0.0,0.0,0,Clear,0,,14.0,32.8,Clear,51.620000000000005
2025-11-04T10:00,2025-11-04,10,12.0,46,0.0,0.0,0.0,0.0,0,Clear,0,,18.0,42.5,Clear,53.6
2025-11-04T11:00,2025-11-04,11,12.8,44,0.0,0.0,0.0,0.0,0,Clear,4,,19.3,45.7,Clear,55.04
2025-11-04T12:00,2025-11-04,12,13.4,40,0.0,0.0,0.0,0.0,2,Partly Cloudy,53,,21.0,50.0,Cloudy,56.120000000000005
2025-11-04T13:00,2025-11-04,13,14.7,34,0.0,0.0,0.0,0.0,0,Clear,1,,19.3,51.5,Clear,58.459999999999994
2025-11-04T14:00,2025-11-04,14,14.9,31,0.0,0.0,0.0,0.0,1,Mainly Clear,32,,23.1,57.2,Clear,58.82
2025-11-04T15:00,2025-11-04,15,14.8,32,0.0,0.0,0.0,0.0,0,Clear,0,,14.4,51.8,Clear,58.64
2025-11-04T16:00,2025-11-04,16,14.1,35,0.0,0.0,0.0,0.0,0,Clear,1,,11.7,32.4,Clear,57.379999999999995
2025-11-04T17:00,2025-11-04,17,12.4,42,0.0,0.0,0.0,0.0,0,Clear,0,,10.5,25.6,Clear,54.32
2025-11-04T18:00,2025-11-04,18,11.4,46,0.0,0.0,0.0,0.0,0,Clear,0,,9.1,23.0,Clear,52.52
2025-11-04T19:00,2025-11-04,19,10.6,46,0.0,0.0,0.0,0.0,0,Clear,0,,9.5,19.1,Clear,51.08
2025-11-04T20:00,2025-11-04,20,10.2,48,0.0,0.0,0.0,0.0,0,Clear,1,,10.2,21.2,Clear,50.36
2025-11-04T21:00,2025-11-04,21,9.4,52,0.0,0.0,0.0,0.0,0,Clear,0,,8.8,20.9,Clear,48.92
2025-11-04T22:00,2025-11-04,22,8.4,57,0.0,0.0,0.0,0.0,0,Clear,0,,6.9,18.0,Clear,47.120000000000005
2025-11-04T23:00,2025-11-04,23,7.7,60,0.0,0.0,0.0,0.0,0,Clear,0,,6.7,14.4,Clear,45.86
2025-11-05T00:00,2025-11-05,0,7.0,62,0.0,0.0,0.0,0.0,0,Clear,0,,6.5,14.0,Clear,44.6
2025-11-05T01:00,2025-11-05,1,6.2,64,0.0,0.0,0.0,0.0,1,Mainly Clear,29,,6.4,14.4,Clear,43.16
2025-11-05T02:00,2025-11-05,2,5.4,66,0.0,0.0,0.0,0.0,0,Clear,1,,5.6,13.0,Clear,41.72
2025-11-05T03:00,2025-11-05,3,5.1,67,0.0,0.0,0.0,0.0,1,Mainly Clear,47,,5.5,11.2,Clear,41.18
2025-11-05T04:00,2025-11-05,4,4.6,71,0.0,0.0,0.0,0.0,1,Mainly Clear,20,,5.3,11.9,Clear,40.28
2025-11-05T05:00,2025-11-05,5,4.2,73,0.0,0.0,0.0,0.0,0,Clear,5,,5.2,10.8,Clear,39.56
2025-11-05T06:00,2025-11-05,6,4.0,75,0.0,0.0,0.0,0.0,1,Mainly Clear,41,,4.9,10.4,Clear,39.2
2025-11-05T07:00,2025-11-05,7,4.8,74,0.0,0.0,0.0,0.0,2,Partly Cloudy,72,,5.9,10.8,Cloudy,40.64
2025-11-05T08:00,2025-11-05,8,6.4,71,0.0,0.0,0.0,0.0,3,Overcast,100,,7.1,13.0,Cloudy,43.519999999999996
2025-11-05T09:00,2025-11-05,9,7.6,69,0.0,0.0,0.0,0.0,3,Overcast,94,,6.0,15.1,Cloudy,45.68
2025-11-05T10:00,2025-11-05,10,9.8,63,0.0,0.0,0.0,0.0,3,Overcast,82,,5.4,15.1,Cloudy,49.64
2025-11-05T11:00,2025-11-05,11,12.6,52,0.0,0.0,0.0,0.0,2,Partly Cloudy,75,,7.6,20.5,Cloudy,54.68
2025-11-05T12:00,2025-11-05,12,15.0,42,0.0,0.0,0.0,0.0,2,Partly Cloudy,67,,11.1,27.4,Cloudy,59.0
2025-11-05T13:00,2025-11-05,13,17.1,26,0.0,0.0,0.0,0.0,2,Partly Cloudy,68,,15.0,32.4,Cloudy,62.78
2025-11-05T14:00,2025-11-05,14,18.2,27,0.0,0.0,0.0,0.0,3,Overcast,80,,13.2,34.9,Cloudy,64.75999999999999
2025-11-05T15:00,2025-11-05,15,18.3,32,0.0,0.0,0.0,0.0,3,Overcast,99,,12.8,30.2,Cloudy,64.94
2025-11-05T16:00,2025-11-05,16,17.2,40,0.0,0.0,0.0,0.0,3,Overcast,97,,15.6,34.2,Cloudy,62.959999999999994
2025-11-05T17:00,2025-11-05,17,16.0,49,0.0,0.0,0.0,0.0,3,Overcast,100,,15.3,34.6,Cloudy,60.8
2025-11-05T18:00,2025-11-05,18,15.6,50,0.0,0.0,0.0,0.0,3,Overcast,85,,16.6,36.7,Cloudy,60.08
2025-11-05T19:00,2025-11-05,19,15.8,50,0.0,0.0,0.0,0.0,1,Mainly Clear,46,,17.8,39.6,Clear,60.440000000000005
2025-11-05T20:00,2025-11-05,20,16.2,49,0.0,0.0,0.0,0.0,1,Mainly Clear,34,,18.9,41.4,Clear,61.16
2025-11-05T21:00,2025-11-05,21,16.5,49,0.0,0.0,0.0,0.0,3,Overcast,80,,19.5,44.3,Cloudy,61.7
2025-11-05T22:00,2025-11-05,22,15.8,53,0.0,0.0,0.0,0.0,3,Overcast,97,,20.6,44.6,Cloudy,60.440000000000005
2025-11-05T23:00,2025-11-05,23,13.7,74,1.6,1.6,0.0,0.0,61,Slight Rain,100,,19.4,54.0,Rain,56.66
2025-11-06T00:00,2025-11-06,0,12.6,64,0.0,0.0,0.0,0.0,0,Clear,2,,20.7,54.7,Clear,54.68
2025-11-06T01:00,2025-11-06,1,11.6,52,0.0,0.0,0.0,0.0,0,Clear,15,,23.4,48.2,Clear,52.879999999999995
2025-11-06T02:00,2025-11-06,2,10.2,55,0.0,0.0,0.0,0.0,0,Clear,1,,22.4,54.0,Clear,50.36
2025-11-06T03:00,2025-11-06,3,9.1,59,0.0,0.0,0.0,0.0,2,Partly Cloudy,56,,21.9,51.1,Cloudy,48.379999999999995
2025-11-06T04:00,2025-11-06,4,8.6,62,0.0,0.0,0.0,0.0,1,Mainly Clear,38,,19.0,50.0,Clear,47.48
2025-11-06T05:00,2025-11-06,5,8.0,64,0.0,0.0,0.0,0.0,1,Mainly Clear,27,,16.5,43.2,Clear,46.4
2025-11-06T06:00,2025-11-06,6,7.7,66,0.0,0.0,0.0,0.0,1,Mainly Clear,28,,14.3,37.1,Clear,45.86
2025-11-06T07:00,2025-11-06,7,7.9,60,0.0,0.0,0.0,0.0,0,Clear,9,,15.0,32.0,Clear,46.22
2025-11-06T08:00,2025-11-06,8,8.8,58,0.0,0.0,0.0,0.0,0,Clear,9,,12.8,34.2,Clear,47.84
2025-11-06T09:00,2025-11-06,9,9.5,52,0.0,0.0,0.0,0.0,0,Clear,3,,17.6,40.7,Clear,49.1
2025-11-06T10:00,2025-11-06,10,10.4,44,0.0,0.0,0.0,0.0,1,Mainly Clear,23,,22.4,49.7,Clear,50.72
2025-11-06T11:00,2025-11-06,11,11.2,37,0.0,0.0,0.0,0.0,2,Partly Cloudy,58,,22.8,55.1,Cloudy,52.16
2025-11-06T12:00,2025-11-06,12,11.5,36,0.0,0.0,0.0,0.0,1,Mainly Clear,46,,21.9,54.4,Clear,52.7
2025-11-06T13:00,2025-11-06,13,11.7,36,0.0,0.0,0.0,0.0,3,Overcast,100,,20.7,51.5,Cloudy,53.06
2025-11-06T14:00,2025-11-06,14,11.5,35,0.0,0.0,0.0,0.0,3,Overcast,89,,20.1,47.9,Cloudy,52.7
2025-11-06T15:00,2025-11-06,15,11.1,36,0.0,0.0,0.0,0.0,2,Partly Cloudy,75,,18.7,47.5,Cloudy,51.98
2025-11-06T16:00,2025-11-06,16,10.4,39,0.0,0.0,0.0,0.0,0,Clear,5,,14.7,46.8,Clear,50.72
2025-11-06T17:00,2025-11-06,17,9.1,46,0.0,0.0,0.0,0.0,0,Clear,19,,8.8,33.1,Clear,48.379999999999995
2025-11-06T18:00,2025-11-06,18,8.0,53,0.0,0.0,0.0,0.0,3,Overcast,100,,6.4,19.8,Cloudy,46.4
2025-11-06T19:00,2025-11-06,19,7.2,51,0.0,0.0,0.0,0.0,3,Overcast,100,,7.8,14.0,Cloudy,44.96
2025-11-06T20:00,2025-11-06,20,6.7,56,0.0,0.0,0.0,0.0,3,Overcast,100,,5.7,16.2,Cloudy,44.06
2025-11-06T21:00,2025-11-06,21,5.9,64,0.0,0.0,0.0,0.0,3,Overcast,80,,4.1,13.0,Cloudy,42.620000000000005
2025-11-06T22:00,2025-11-06,22,5.3,67,0.0,0.0,0.0,0.0,2,Partly Cloudy,55,,1.9,9.0,Cloudy,41.54
2025-11-06T23:00,2025-11-06,23,4.9,69,0.0,0.0,0.0,0.0,1,Mainly Clear,27,,1.4,4.0,Clear,40.82
2025-11-07T00:00,2025-11-07,0,4.2,74,0.0,0.0,0.0,0.0,3,Overcast,86,,2.1,4.3,Cloudy,39.56
2025-11-07T01:00,2025-11-07,1,3.3,80,0.0,0.0,0.0,0.0,3,Overcast,80,,3.5,5.8,Cloudy,37.94
2025-11-07T02:00,2025-11-07,2,2.5,83,0.0,0.0,0.0,0.0,3,Overcast,84,,3.2,7.9,Cloudy,36.5
2025-11-07T03:00,2025-11-07,3,2.0,88,0.0,0.0,0.0,0.0,3,Overcast,100,,3.3,7.2,Cloudy,35.6
2025-11-07T04:00,2025-11-07,4,2.0,89,0.0,0.0,0.0,0.0,3,Overcast,98,,2.6,6.8,Cloudy,35.6
2025-11-07T05:00,2025-11-07,5,1.8,89,0.0,0.0,0.0,0.0,1,Mainly Clear,33,,1.8,5.0,Clear,35.24
2025-11-07T06:00,2025-11-07,6,1.8,84,0.0,0.0,0.0,0.0,2,Partly Cloudy,52,,2.1,5.4,Cloudy,35.24
2025-11-07T07:00,2025-11-07,7,2.8,81,0.0,0.0,0.0,0.0,3,Overcast,98,,1.9,4.3,Cloudy,37.04
2025-11-07T08:00,2025-11-07,8,4.6,72,0.0,0.0,0.0,0.0,3,Overcast,100,,5.8,9.0,Cloudy,40.28
2025-11-07T09:00,2025-11-07,9,7.0,64,0.0,0.0,0.0,0.0,3,Overcast,100,,2.0,11.9,Cloudy,44.6
2025-11-07T10:00,2025-11-07,10,9.1,57,0.0,0.0,0.0,0.0,3,Overcast,99,,5.6,15.1,Cloudy,48.379999999999995
2025-11-07T11:00,2025-11-07,11,11.2,48,0.0,0.0,0.0,0.0,3,Overcast,100,,9.2,23.8,Cloudy,52.16
2025-11-07T12:00,2025-11-07,12,12.9,42,0.0,0.0,0.0,0.0,3,Overcast,96,,11.5,28.4,Cloudy,55.22
2025-11-07T13:00,2025-11-07,13,14.6,35,0.0,0.0,0.0,0.0,3,Overcast,100,,17.1,39.6,Cloudy,58.28
2025-11-07T14:00,2025-11-07,14,15.3,37,0.0,0.0,0.0,0.0,3,Overcast,100,,18.0,42.8,Cloudy,59.540000000000006
2025-11-07T15:00,2025-11-07,15,15.4,40,0.0,0.0,0.0,0.0,3,Overcast,100,,17.3,41.4,Cloudy,59.72
2025-11-07T16:00,2025-11-07,16,14.1,49,0.0,0.0,0.0,0.0,3,Overcast,100,,18.2,41.8,Cloudy,57.379999999999995
2025-11-07T17:00,2025-11-07,17,13.3,53,0.0,0.0,0.0,0.0,3,Overcast,100,,16.8,41.8,Cloudy,55.94
2025-11-07T18:00,2025-11-07,18,12.9,56,0.0,0.0,0.0,0.0,3,Overcast,100,,14.2,36.7,Cloudy,55.22
2025-11-07T19:00,2025-11-07,19,12.8,58,0.0,0.0,0.0,0.0,3,Overcast,100,,14.1,31.3,Cloudy,55.04
2025-11-07T20:00,2025-11-07,20,13.0,56,0.0,0.0,0.0,0.0,3,Overcast,100,,13.6,30.6,Cloudy,55.4
2025-11-07T21:00,2025-11-07,21,13.3,53,0.0,0.0,0.0,0.0,3,Overcast,100,,14.2,30.6,Cloudy,55.94
2025-11-07T22:00,2025-11-07,22,13.4,54,0.0,0.0,0.0,0.0,3,Overcast,100,,14.8,32.4,Cloudy,56.120000000000005
2025-11-07T23:00,2025-11-07,23,13.6,58,0.0,0.0,0.0,0.0,3,Overcast,100,,15.2,33.5,Cloudy,56.48
2025-11-08T00:00,2025-11-08,0,13.4,68,0.1,0.1,0.0,0.0,51,Light Drizzle,100,,13.0,33.1,Rain,56.120000000000005
2025-11-08T01:00,2025-11-08,1,12.6,82,0.4,0.4,0.0,0.0,51,Light Drizzle,100,,13.8,30.2,Rain,54.68
2025-11-08T02:00,2025-11-08,2,12.4,90,1.2,1.2,0.0,0.0,55,Dense Drizzle,90,,13.9,30.6,Rain,54.32
2025-11-08T03:00,2025-11-08,3,12.4,93,1.0,1.0,0.0,0.0,55,Dense Drizzle,100,,11.5,27.7,Rain,54.32
2025-11-08T04:00,2025-11-08,4,12.4,94,1.1,1.1,0.0,0.0,55,Dense Drizzle,100,,10.2,22.3,Rain,54.32
2025-11-08T05:00,2025-11-08,5,12.2,95,0.4,0.4,0.0,0.0,51,Light Drizzle,100,,9.8,20.9,Rain,53.96
2025-11-08T06:00,2025-11-08,6,11.9,95,0.4,0.4,0.0,0.0,51,Light Drizzle,100,,8.4,19.1,Rain,53.42
2025-11-08T07:00,2025-11-08,7,12.1,94,0.2,0.2,0.0,0.0,51,Light Drizzle,94,,9.6,17.3,Rain,53.78
2025-11-08T08:00,2025-11-08,8,12.9,91,0.0,0.0,0.0,0.0,3,Overcast,97,,9.4,19.4,Cloudy,55.22
2025-11-08T09:00,2025-11-08,9,13.9,87,0.0,0.0,0.0,0.0,0,Clear,1,,6.3,19.1,Clear,57.02
2025-11-08T10:00,2025-11-08,10,15.7,72,0.0,0.0,0.0,0.0,0,Clear,0,,8.3,21.6,Clear,60.26
2025-11-08T11:00,2025-11-08,11,16.6,64,0.0,0.0,0.0,0.0,0,Clear,0,,7.7,23.4,Clear,61.88
2025-11-08T12:00,2025-11-08,12,17.4,56,0.0,0.0,0.0,0.0,0,Clear,0,,8.0,23.0,Clear,63.32
2025-11-08T13:00,2025-11-08,13,18.2,49,0.0,0.0,0.0,0.0,0,Clear,5,,9.6,23.0,Clear,64.75999999999999
2025-11-08T14:00,2025-11-08,14,18.5,45,0.0,0.0,0.0,0.0,0,Clear,3,,8.7,24.8,Clear,65.3
2025-11-08T15:00,2025-11-08,15,18.3,45,0.0,0.0,0.0,0.0,0,Clear,17,,8.6,22.3,Clear,64.94
2025-11-08T16:00,2025-11-08,16,17.1,54,0.0,0.0,0.0,0.0,1,Mainly Clear,37,,4.3,19.8,Clear,62.78
2025-11-08T17:00,2025-11-08,17,15.6,63,0.0,0.0,0.0,0.0,2,Partly Cloudy,68,,1.8,9.4,Cloudy,60.08
2025-11-08T18:00,2025-11-08,18,14.6,66,0.0,0.0,0.0,0.0,3,Overcast,100,,2.2,2.9,Cloudy,58.28
2025-11-08T19:00,2025-11-08,19,13.2,70,0.0,0.0,0.0,0.0,3,Overcast,100,,3.1,9.0,Cloudy,55.76
2025-11-08T20:00,2025-11-08,20,12.6,72,0.0,0.0,0.0,0.0,3,Overcast,100,,4.2,7.9,Cloudy,54.68
2025-11-08T21:00,2025-11-08,21,12.2,73,0.0,0.0,0.0,0.0,3,Overcast,100,,5.0,9.7,Cloudy,53.96
2025-11-08T22:00,2025-11-08,22,11.9,72,0.0,0.0,0.0,0.0,3,Overcast,99,,5.8,11.5,Cloudy,53.42
2025-11-08T23:00,2025-11-08,23,11.6,71,0.0,0.0,0.0,0.0,2,Partly Cloudy,55,,5.9,12.2,Cloudy,52.879999999999995
2025-11-09T00:00,2025-11-09,0,11.2,71,0.0,0.0,0.0,0.0,2,Partly Cloudy,77,,6.5,13.3,Cloudy,52.16
2025-11-09T01:00,2025-11-09,1,10.6,74,0.0,0.0,0.0,0.0,1,Mainly Clear,27,,2.8,13.0,Clear,51.08
2025-11-09T02:00,2025-11-09,2,9.6,80,0.0,0.0,0.0,0.0,1,Mainly Clear,42,,2.3,5.8,Clear,49.28
2025-11-09T03:00,2025-11-09,3,9.2,85,0.0,0.0,0.0,0.0,1,Mainly Clear,28,,1.9,6.8,Clear,48.56
2025-11-09T04:00,2025-11-09,4,8.5,89,0.0,0.0,0.0,0.0,2,Partly Cloudy,56,,1.9,6.5,Cloudy,47.3
2025-11-09T05:00,2025-11-09,5,9.1,90,0.0,0.0,0.0,0.0,1,Mainly Clear,43,,2.8,4.0,Clear,48.379999999999995
2025-11-09T06:00,2025-11-09,6,9.3,88,0.0,0.0,0.0,0.0,2,Partly Cloudy,66,,3.2,5.8,Cloudy,48.74
2025-11-09T07:00,2025-11-09,7,9.9,84,0.0,0.0,0.0,0.0,1,Mainly Clear,25,,2.1,4.7,Clear,49.82
2025-11-09T08:00,2025-11-09,8,10.9,84,0.0,0.0,0.0,0.0,2,Partly Cloudy,66,,4.9,10.4,Cloudy,51.620000000000005
2025-11-09T09:00,2025-11-09,9,13.3,78,0.0,0.0,0.0,0.0,3,Overcast,100,,3.6,11.5,Cloudy,55.94
2025-11-09T10:00,2025-11-09,10,14.1,80,0.0,0.0,0.0,0.0,3,Overcast,100,,3.3,11.9,Cloudy,57.379999999999995
2025-11-09T11:00,2025-11-09,11,15.6,78,0.0,0.0,0.0,0.0,3,Overcast,100,,13.6,28.4,Cloudy,60.08
2025-11-09T12:00,2025-11-09,12,15.3,82,0.0,0.0,0.0,0.0,3,Overcast,100,,12.4,32.0,Cloudy,59.540000000000006
2025-11-09T13:00,2025-11-09,13,15.2,87,0.0,0.0,0.0,0.0,3,Overcast,99,,12.8,37.8,Cloudy,59.36
2025-11-09T14:00,2025-11-09,14,16.4,83,0.0,0.0,0.0,0.0,3,Overcast,98,,16.5,36.7,Cloudy,61.519999999999996
2025-11-09T15:00,2025-11-09,15,15.8,88,0.0,0.0,0.0,0.0,3,Overcast,96,,13.5,38.5,Cloudy,60.440000000000005
2025-11-09T16:00,2025-11-09,16,15.4,91,0.1,0.1,0.0,0.0,51,Light Drizzle,100,,12.4,31.0,Rain,59.72
2025-11-09T17:00,2025-11-09,17,14.9,94,0.0,0.0,0.0,0.0,3,Overcast,100,,9.6,27.0,Cloudy,58.82
2025-11-09T18:00,2025-11-09,18,14.9,95,0.1,0.1,0.0,0.0,51,Light Drizzle,100,,5.4,20.2,Rain,58.82
2025-11-09T19:00,2025-11-09,19,14.6,97,0.0,0.0,0.0,0.0,3,Overcast,100,,3.1,10.4,Cloudy,58.28
2025-11-09T20:00,2025-11-09,20,14.2,98,0.0,0.0,0.0,0.0,3,Overcast,100,,3.2,5.8,Cloudy,57.56
2025-11-09T21:00,2025-11-09,21,13.9,99,0.0,0.0,0.0,0.0,3,Overcast,100,,2.4,7.2,Cloudy,57.02
2025-11-09T22:00,2025-11-09,22,13.6,100,0.0,0.0,0.0,0.0,3,Overcast,100,,2.3,3.2,Cloudy,56.48
2025-11-09T23:00,2025-11-09,23,13.9,100,0.1,0.1,0.0,0.0,51,Light Drizzle,100,,4.3,9.0,Rain,57.02
2025-11-10T00:00,2025-11-10,0,13.5,99,1.0,1.0,0.0,0.0,55,Dense Drizzle,100,,6.2,12.2,Rain,56.3
2025-11-10T01:00,2025-11-10,1,13.4,98,1.4,1.4,0.0,0.0,61,Slight Rain,100,,10.0,11.9,Rain,56.120000000000005
2025-11-10T02:00,2025-11-10,2,13.1,95,2.0,2.0,0.0,0.0,61,Slight Rain,100,,9.9,23.8,Rain,55.58
2025-11-10T03:00,2025-11-10,3,12.9,91,1.8,1.8,0.0,0.0,61,Slight Rain,100,,9.8,20.9,Rain,55.22
2025-11-10T04:00,2025-11-10,4,12.6,90,0.1,0.1,0.0,0.0,51,Light Drizzle,100,,5.9,17.6,Rain,54.68
2025-11-10T05:00,2025-11-10,5,11.9,92,0.0,0.0,0.0,0.0,3,Overcast,100,,1.7,10.1,Cloudy,53.42
2025-11-10T06:00,2025-11-10,6,11.9,95,0.5,0.5,0.0,0.0,53,Moderate Drizzle,100,,4.4,7.2,Rain,53.42
2025-11-10T07:00,2025-11-10,7,11.9,97,0.3,0.3,0.0,0.0,51,Light Drizzle,100,,3.4,11.5,Rain,53.42
2025-11-10T08:00,2025-11-10,8,12.1,97,0.0,0.0,0.0,0.0,2,Partly Cloudy,78,,3.9,7.6,Cloudy,53.78
2025-11-10T09:00,2025-11-10,9,12.9,93,0.1,0.1,0.0,0.0,51,Light Drizzle,100,,5.1,14.0,Rain,55.22
2025-11-10T10:00,2025-11-10,10,12.6,91,0.2,0.2,0.0,0.0,51,Light Drizzle,100,,7.0,17.3,Rain,54.68
2025-11-10T11:00,2025-11-10,11,12.2,85,0.5,0.5,0.0,0.0,53,Moderate Drizzle,100,,12.7,33.8,Rain,53.96
2025-11-10T12:00,2025-11-10,12,11.2,82,3.1,3.1,0.0,0.0,63,Moderate Rain,92,,12.2,32.8,Rain,52.16
2025-11-10T13:00,2025-11-10,13,10.5,85,0.3,0.3,0.0,0.0,51,Light Drizzle,100,,11.9,34.2,Rain,50.9
2025-11-10T14:00,2025-11-10,14,10.5,84,0.5,0.5,0.0,0.0,53,Moderate Drizzle,68,,10.7,29.2,Rain,50.9
2025-11-10T15:00,2025-11-10,15,10.6,74,0.0,0.0,0.0,0.0,1,Mainly Clear,31,,13.3,31.0,Clear,51.08
2025-11-10T16:00,2025-11-10,16,9.1,64,0.0,0.0,0.0,0.0,1,Mainly Clear,26,,15.7,37.8,Clear,48.379999999999995
2025-11-10T17:00,2025-11-10,17,6.8,67,0.0,0.0,0.0,0.0,0,Clear,15,,17.3,39.2,Clear,44.239999999999995
2025-11-10T18:00,2025-11-10,18,5.2,68,0.0,0.0,0.0,0.0,0,Clear,4,,17.2,40.0,Clear,41.36
2025-11-10T19:00,2025-11-10,19,4.3,68,0.0,0.0,0.0,0.0,0,Clear,1,,15.9,39.2,Clear,39.74
2025-11-10T20:00,2025-11-10,20,3.4,69,0.0,0.0,0.0,0.0,0,Clear,0,,14.7,36.0,Clear,38.12
2025-11-10T21:00,2025-11-10,21,2.7,69,0.0,0.0,0.0,0.0,1,Mainly Clear,20,,14.4,34.2,Clear,36.86
2025-11-10T22:00,2025-11-10,22,2.2,67,0.0,0.0,0.0,0.0,3,Overcast,98,,16.3,37.8,Cloudy,35.96
2025-11-10T23:00,2025-11-10,23,1.7,62,0.0,0.0,0.0,0.0,2,Partly Cloudy,66,,16.7,43.6,Cloudy,35.06
2025-11-11T00:00,2025-11-11,0,1.2,61,0.0,0.0,0.0,0.0,0,Clear,5,,15.4,42.8,Clear,34.16
2025-11-11T01:00,2025-11-11,1,1.0,61,0.0,0.0,0.0,0.0,0,Clear,17,,15.1,35.6,Clear,33.8
2025-11-11T02:00,2025-11-11,2,0.8,63,0.0,0.0,0.0,0.0,0,Clear,17,,12.7,34.2,Clear,33.44
2025-11-11T03:00,2025-11-11,3,0.8,63,0.0,0.0,0.0,0.0,3,Overcast,92,,11.3,29.2,Cloudy,33.44
2025-11-11T04:00,2025-11-11,4,0.9,62,0.0,0.0,0.0,0.0,3,Overcast,84,,10.6,27.4,Cloudy,33.62
2025-11-11T05:00,2025-11-11,5,0.9,59,0.0,0.0,0.0,0.0,3,Overcast,100,,10.3,25.9,Cloudy,33.62
2025-11-11T06:00,2025-11-11,6,1.1,58,0.0,0.0,0.0,0.0,3,Overcast,100,,13.8,31.3,Cloudy,33.98
2025-11-11T07:00,2025-11-11,7,1.1,60,0.0,0.0,0.0,0.0,1,Mainly Clear,23,,15.2,34.9,Clear,33.98
2025-11-11T08:00,2025-11-11,8,1.4,62,0.0,0.0,0.0,0.0,0,Clear,18,,16.2,35.6,Clear,34.52
2025-11-11T09:00,2025-11-11,9,2.1,52,0.0,0.0,0.0,0.0,3,Overcast,84,,24.2,54.0,Cloudy,35.78
2025-11-11T10:00,2025-11-11,10,2.5,51,0.1,0.0,0.07,0.0,71,Slight Snow,76,,24.3,57.6,Snow,36.5
2025-11-11T11:00,2025-11-11,11,2.4,55,0.1,0.0,0.07,0.0,71,Slight Snow,97,,23.0,58.3,Snow,36.32
2025-11-11T12:00,2025-11-11,12,2.5,61,0.1,0.0,0.07,0.0,71,Slight Snow,46,,23.6,59.4,Snow,36.5
2025-11-11T13:00,2025-11-11,13,3.6,48,0.0,0.0,0.0,0.0,3,Overcast,100,,28.2,65.5,Cloudy,38.48
2025-11-11T14:00,2025-11-11,14,3.2,56,0.2,0.0,0.14,0.0,71,Slight Snow,98,,23.9,62.6,Snow,37.76
2025-11-11T15:00,2025-11-11,15,4.2,50,0.0,0.0,0.0,0.0,3,Overcast,97,,24.9,60.1,Cloudy,39.56
2025-11-11T16:00,2025-11-11,16,4.3,51,0.0,0.0,0.0,0.0,1,Mainly Clear,45,,19.9,50.4,Clear,39.74
2025-11-11T17:00,2025-11-11,17,3.8,55,0.0,0.0,0.0,0.0,2,Partly Cloudy,60,,17.4,46.4,Cloudy,38.839999999999996
2025-11-11T18:00,2025-11-11,18,3.5,61,0.0,0.0,0.0,0.0,2,Partly Cloudy,76,,17.8,40.3,Cloudy,38.3
2025-11-11T19:00,2025-11-11,19,3.6,60,0.0,0.0,0.0,0.0,3,Overcast,100,,19.0,43.6,Cloudy,38.48
2025-11-11T20:00,2025-11-11,20,3.9,62,0.0,0.0,0.0,0.0,3,Overcast,82,,19.3,44.6,Cloudy,39.02
2025-11-11T21:00,2025-11-11,21,3.7,62,0.0,0.0,0.0,0.0,1,Mainly Clear,45,,16.2,43.6,Clear,38.660000000000004
2025-11-11T22:00,2025-11-11,22,3.3,62,0.0,0.0,0.0,0.0,2,Partly Cloudy,55,,14.7,36.4,Cloudy,37.94
2025-11-11T23:00,2025-11-11,23,2.8,64,0.0,0.0,0.0,0.0,1,Mainly Clear,48,,15.6,34.9,Clear,37.04
2025-11-12T00:00,2025-11-12,0,2.5,65,0.0,0.0,0.0,0.0,2,Partly Cloudy,74,,14.7,34.9,Cloudy,36.5
2025-11-12T01:00,2025-11-12,1,2.5,64,0.0,0.0,0.0,0.0,3,Overcast,95,,14.8,33.1,Cloudy,36.5
2025-11-12T02:00,2025-11-12,2,2.5,62,0.0,0.0,0.0,0.0,3,Overcast,100,,14.5,32.4,Cloudy,36.5
2025-11-12T03:00,2025-11-12,3,2.5,60,0.0,0.0,0.0,0.0,3,Overcast,100,,13.5,33.1,Cloudy,36.5
2025-11-12T04:00,2025-11-12,4,2.5,61,0.0,0.0,0.0,0.0,3,Overcast,100,,12.5,29.9,Cloudy,36.5
2025-11-12T05:00,2025-11-12,5,2.5,62,0.0,0.0,0.0,0.0,3,Overcast,100,,12.7,28.4,Cloudy,36.5
2025-11-12T06:00,2025-11-12,6,2.5,64,0.0,0.0,0.0,0.0,1,Mainly Clear,40,,9.8,28.4,Clear,36.5
2025-11-12T07:00,2025-11-12,7,2.2,67,0.0,0.0,0.0,0.0,3,Overcast,93,,5.8,21.6,Cloudy,35.96
2025-11-12T08:00,2025-11-12,8,3.3,67,0.0,0.0,0.0,0.0,3,Overcast,98,,8.6,16.2,Cloudy,37.94
2025-11-12T09:00,2025-11-12,9,4.2,63,0.0,0.0,0.0,0.0,3,Overcast,99,,8.0,19.1,Cloudy,39.56
2025-11-12T10:00,2025-11-12,10,5.2,60,0.0,0.0,0.0,0.0,3,Overcast,100,,8.3,20.5,Cloudy,41.36
2025-11-12T11:00,2025-11-12,11,6.3,58,0.0,0.0,0.0,0.0,3,Overcast,100,,7.3,20.5,Cloudy,43.34
2025-11-12T12:00,2025-11-12,12,7.3,58,0.0,0.0,0.0,0.0,3,Overcast,97,,7.3,19.1,Cloudy,45.14
2025-11-12T13:00,2025-11-12,13,9.1,43,0.0,0.0,0.0,0.0,2,Partly Cloudy,50,,14.4,37.1,Cloudy,48.379999999999995
2025-11-12T14:00,2025-11-12,14,9.2,45,0.0,0.0,0.0,0.0,3,Overcast,100,,14.8,34.6,Cloudy,48.56
2025-11-12T15:00,2025-11-12,15,8.4,52,0.0,0.0,0.0,0.0,3,Overcast,98,,7.1,34.2,Cloudy,47.120000000000005
2025-11-12T16:00,2025-11-12,16,8.5,54,0.0,0.0,0.0,0.0,3,Overcast,100,,10.7,22.0,Cloudy,47.3
2025-11-12T17:00,2025-11-12,17,8.2,56,0.0,0.0,0.0,0.0,3,Overcast,99,,9.5,28.1,Cloudy,46.76
2025-11-12T18:00,2025-11-12,18,7.8,60,0.0,0.0,0.0,0.0,1,Mainly Clear,20,,8.8,20.2,Clear,46.04
2025-11-12T19:00,2025-11-12,19,7.6,60,0.0,0.0,0.0,0.0,3,Overcast,99,,13.0,23.4,Cloudy,45.68
2025-11-12T20:00,2025-11-12,20,8.4,64,0.0,0.0,0.0,0.0,3,Overcast,100,,12.6,28.4,Cloudy,47.120000000000005
2025-11-12T21:00,2025-11-12,21,8.4,67,0.0,0.0,0.0,0.0,2,Partly Cloudy,73,,12.4,28.1,Cloudy,47.120000000000005
2025-11-12T22:00,2025-11-12,22,8.0,68,0.0,0.0,0.0,0.0,0,Clear,3,,13.7,29.9,Clear,46.4
2025-11-12T23:00,2025-11-12,23,7.3,72,0.0,0.0,0.0,0.0,0,Clear,7,,12.4,29.9,Clear,45.14
2025-11-13T00:00,2025-11-13,0,6.5,75,0.0,0.0,0.0,0.0,0,Clear,14,,11.8,26.3,Clear,43.7
2025-11-13T01:00,2025-11-13,1,6.4,73,0.0,0.0,0.0,0.0,0,Clear,2,,12.4,28.1,Clear,43.519999999999996
2025-11-13T02:00,2025-11-13,2,6.3,73,0.0,0.0,0.0,0.0,1,Mainly Clear,36,,12.0,25.6,Clear,43.34
2025-11-13T03:00,2025-11-13,3,6.5,73,0.0,0.0,0.0,0.0,0,Clear,1,,14.1,29.9,Clear,43.7
2025-11-13T04:00,2025-11-13,4,6.6,74,0.0,0.0,0.0,0.0,0,Clear,0,,13.0,29.9,Clear,43.879999999999995
2025-11-13T05:00,2025-11-13,5,6.3,77,0.0,0.0,0.0,0.0,0,Clear,1,,12.1,27.7,Clear,43.34
2025-11-13T06:00,2025-11-13,6,5.7,80,0.0,0.0,0.0,0.0,3,Overcast,86,,11.1,25.9,Cloudy,42.260000000000005
2025-11-13T07:00,2025-11-13,7,6.8,69,0.0,0.0,0.0,0.0,0,Clear,19,,12.6,25.9,Clear,44.239999999999995
2025-11-13T08:00,2025-11-13,8,7.7,67,0.0,0.0,0.0,0.0,0,Clear,18,,14.3,31.7,Clear,45.86
2025-11-13T09:00,2025-11-13,9,8.9,64,0.0,0.0,0.0,0.0,2,Partly Cloudy,68,,13.7,32.8,Cloudy,48.02
2025-11-13T10:00,2025-11-13,10,7.6,69,0.1,0.1,0.0,0.0,51,Light Drizzle,97,,17.2,43.2,Rain,45.68
2025-11-13T11:00,2025-11-13,11,7.2,71,1.2,1.2,0.0,0.0,55,Dense Drizzle,82,,14.8,40.3,Rain,44.96
2025-11-13T12:00,2025-11-13,12,8.2,71,0.5,0.5,0.0,0.0,53,Moderate Drizzle,7,,11.7,43.6,Rain,46.76
2025-11-13T13:00,2025-11-13,13,10.0,48,0.0,0.0,0.0,0.0,2,Partly Cloudy,77,,19.8,54.7,Cloudy,50.0
2025-11-13T14:00,2025-11-13,14,10.4,43,0.0,0.0,0.0,0.0,1,Mainly Clear,24,,21.1,50.8,Clear,50.72
2025-11-13T15:00,2025-11-13,15,9.8,49,0.0,0.0,0.0,0.0,1,Mainly Clear,20,,19.3,51.5,Clear,49.64
2025-11-13T16:00,2025-11-13,16,8.9,49,0.0,0.0,0.0,0.0,0,Clear,9,,17.8,43.2,Clear,48.02
2025-11-13T17:00,2025-11-13,17,7.7,55,0.0,0.0,0.0,0.0,0,Clear,1,,13.8,40.7,Clear,45.86
2025-11-13T18:00,2025-11-13,18,6.9,58,0.0,0.0,0.0,0.0,0,Clear,2,,11.1,30.2,Clear,44.42
2025-11-13T19:00,2025-11-13,19,6.7,60,0.0,0.0,0.0,0.0,0,Clear,0,,7.5,23.8,Clear,44.06
2025-11-13T20:00,2025-11-13,20,6.4,58,0.0,0.0,0.0,0.0,0,Clear,0,,10.5,21.6,Clear,43.519999999999996
2025-11-13T21:00,2025-11-13,21,5.9,59,0.0,0.0,0.0,0.0,0,Clear,10,,9.1,24.1,Clear,42.620000000000005
2025-11-13T22:00,2025-11-13,22,5.0,66,0.0,0.0,0.0,0.0,1,Mainly Clear,24,,6.8,19.1,Clear,41.0
2025-11-13T23:00,2025-11-13,23,4.1,74,0.0,0.0,0.0,0.0,1,Mainly Clear,38,,4.9,14.4,Clear,39.38
2025-11-14T00:00,2025-11-14,0,4.2,71,0.0,0.0,0.0,0.0,0,Clear,6,,7.5,14.8,Clear,39.56
2025-11-14T01:00,2025-11-14,1,4.6,70,0.0,0.0,0.0,0.0,0,Clear,3,,10.8,25.2,Clear,40.28
2025-11-14T02:00,2025-11-14,2,4.6,71,0.0,0.0,0.0,0.0,0,Clear,2,,12.5,27.4,Clear,40.28
2025-11-14T03:00,2025-11-14,3,4.2,73,0.0,0.0,0.0,0.0,0,Clear,0,,11.5,27.4,Clear,39.56
2025-11-14T04:00,2025-11-14,4,3.7,75,0.0,0.0,0.0,0.0,0,Clear,0,,10.4,24.8,Clear,38.660000000000004
2025-11-14T05:00,2025-11-14,5,3.3,78,0.0,0.0,0.0,0.0,0,Clear,0,,10.2,22.7,Clear,37.94
2025-11-14T06:00,2025-11-14,6,3.0,80,0.0,0.0,0.0,0.0,0,Clear,0,,10.8,23.4,Clear,37.4
2025-11-14T07:00,2025-11-14,7,2.9,77,0.0,0.0,0.0,0.0,0,Clear,0,,8.7,23.4,Clear,37.22
2025-11-14T08:00,2025-11-14,8,4.1,77,0.0,0.0,0.0,0.0,0,Clear,0,,9.6,18.4,Clear,39.38
2025-11-14T09:00,2025-11-14,9,5.8,69,0.0,0.0,0.0,0.0,0,Clear,2,,7.7,19.4,Clear,42.44
2025-11-14T10:00,2025-11-14,10,7.6,62,0.0,0.0,0.0,0.0,1,Mainly Clear,24,,10.4,25.9,Clear,45.68
2025-11-14T11:00,2025-11-14,11,9.1,53,0.0,0.0,0.0,0.0,2,Partly Cloudy,78,,16.0,35.6,Cloudy,48.379999999999995
2025-11-14T12:00,2025-11-14,12,9.4,50,0.0,0.0,0.0,0.0,3,Overcast,98,,15.5,40.7,Cloudy,48.92
2025-11-14T13:00,2025-11-14,13,9.6,47,0.0,0.0,0.0,0.0,3,Overcast,100,,13.4,37.1,Cloudy,49.28
2025-11-14T14:00,2025-11-14,14,10.1,44,0.0,0.0,0.0,0.0,3,Overcast,100,,16.5,40.7,Cloudy,50.18
2025-11-14T15:00,2025-11-14,15,9.6,49,0.0,0.0,0.0,0.0,3,Overcast,100,,9.7,37.8,Cloudy,49.28
2025-11-14T16:00,2025-11-14,16,9.2,52,0.0,0.0,0.0,0.0,3,Overcast,100,,7.2,21.6,Cloudy,48.56
2025-11-14T17:00,2025-11-14,17,7.9,61,0.0,0.0,0.0,0.0,3,Overcast,100,,5.3,15.8,Cloudy,46.22
2025-11-14T18:00,2025-11-14,18,7.6,62,0.0,0.0,0.0,0.0,3,Overcast,100,,6.2,12.6,Cloudy,45.68
2025-11-14T19:00,2025-11-14,19,6.9,64,0.0,0.0,0.0,0.0,1,Mainly Clear,36,,5.2,12.6,Clear,44.42
2025-11-14T20:00,2025-11-14,20,6.9,60,0.0,0.0,0.0,0.0,0,Clear,5,,8.1,15.8,Clear,44.42
2025-11-14T21:00,2025-11-14,21,6.6,60,0.0,0.0,0.0,0.0,0,Clear,5,,9.2,19.1,Clear,43.879999999999995
2025-11-14T22:00,2025-11-14,22,6.2,61,0.0,0.0,0.0,0.0,0,Clear,1,,10.5,21.2,Clear,43.16
2025-11-14T23:00,2025-11-14,23,5.6,65,0.0,0.0,0.0,0.0,0,Clear,0,,10.1,22.7,Clear,42.08
2025-11-15T00:00,2025-11-15,0,4.4,72,0.0,0.0,0.0,0.0,1,Mainly Clear,20,,7.3,20.9,Clear,39.92
2025-11-15T01:00,2025-11-15,1,4.4,66,0.0,0.0,0.0,0.0,0,Clear,13,,7.4,15.1,Clear,39.92
2025-11-15T02:00,2025-11-15,2,4.2,68,0.0,0.0,0.0,0.0,0,Clear,0,,8.0,16.9,Clear,39.56
2025-11-15T03:00,2025-11-15,3,3.8,72,0.0,0.0,0.0,0.0,0,Clear,0,,8.2,17.3,Clear,38.839999999999996
2025-11-15T04:00,2025-11-15,4,3.3,77,0.0,0.0,0.0,0.0,0,Clear,13,,7.6,17.3,Clear,37.94
2025-11-15T05:00,2025-11-15,5,2.8,81,0.0,0.0,0.0,0.0,0,Clear,9,,6.4,16.2,Clear,37.04
2025-11-15T06:00,2025-11-15,6,1.8,84,0.0,0.0,0.0,0.0,0,Clear,3,,4.9,13.0,Clear,35.24
2025-11-15T07:00,2025-11-15,7,1.3,88,0.0,0.0,0.0,0.0,3,Overcast,100,,2.2,9.7,Cloudy,34.34
2025-11-15T08:00,2025-11-15,8,2.5,84,0.0,0.0,0.0,0.0,3,Overcast,100,,2.6,7.2,Cloudy,36.5
2025-11-15T09:00,2025-11-15,9,3.7,77,0.0,0.0,0.0,0.0,3,Overcast,90,,2.2,9.7,Cloudy,38.660000000000004
2025-11-15T10:00,2025-11-15,10,5.4,63,0.0,0.0,0.0,0.0,2,Partly Cloudy,55,,3.5,14.0,Cloudy,41.72
2025-11-15T11:00,2025-11-15,11,6.8,54,0.0,0.0,0.0,0.0,2,Partly Cloudy,59,,2.9,15.1,Cloudy,44.239999999999995
2025-11-15T12:00,2025-11-15,12,7.8,52,0.0,0.0,0.0,0.0,3,Overcast,95,,2.5,14.0,Cloudy,46.04
2025-11-15T13:00,2025-11-15,13,8.4,50,0.0,0.0,0.0,0.0,3,Overcast,98,,3.9,16.6,Cloudy,47.120000000000005
2025-11-15T14:00,2025-11-15,14,8.8,51,0.0,0.0,0.0,0.0,3,Overcast,99,,4.5,14.8,Cloudy,47.84
2025-11-15T15:00,2025-11-15,15,8.8,53,0.0,0.0,0.0,0.0,3,Overcast,100,,5.8,15.8,Cloudy,47.84
2025-11-15T16:00,2025-11-15,16,8.1,58,0.0,0.0,0.0,0.0,3,Overcast,100,,5.8,15.1,Cloudy,46.58
2025-11-15T17:00,2025-11-15,17,6.9,65,0.0,0.0,0.0,0.0,3,Overcast,100,,9.4,20.9,Cloudy,44.42
2025-11-15T18:00,2025-11-15,18,7.3,72,0.0,0.0,0.0,0.0,3,Overcast,100,,11.1,23.0,Cloudy,45.14
2025-11-15T19:00,2025-11-15,19,8.4,70,0.0,0.0,0.0,0.0,3,Overcast,100,,13.0,28.4,Cloudy,47.120000000000005
2025-11-15T20:00,2025-11-15,20,7.8,77,0.6,0.6,0.0,0.0,53,Moderate Drizzle,100,,11.6,36.0,Rain,46.04
2025-11-15T21:00,2025-11-15,21,7.9,80,0.2,0.2,0.0,0.0,51,Light Drizzle,100,,9.7,23.0,Rain,46.22
2025-11-15T22:00,2025-11-15,22,8.2,83,0.0,0.0,0.0,0.0,3,Overcast,100,,12.8,25.9,Cloudy,46.76
2025-11-15T23:00,2025-11-15,23,8.9,84,0.0,0.0,0.0,0.0,3,Overcast,100,,14.1,29.2,Cloudy,48.02
2025-11-16T00:00,2025-11-16,0,9.4,85,0.0,0.0,0.0,0.0,3,Overcast,100,,12.3,29.2,Cloudy,48.92
2025-11-16T01:00,2025-11-16,1,9.0,84,0.1,0.1,0.0,0.0,51,Light Drizzle,56,,13.2,26.3,Rain,48.2
2025-11-16T02:00,2025-11-16,2,9.9,87,0.0,0.0,0.0,0.0,0,Clear,9,,18.6,37.8,Clear,49.82
2025-11-16T03:00,2025-11-16,3,10.4,85,0.0,0.0,0.0,0.0,2,Partly Cloudy,69,,16.8,37.8,Cloudy,50.72
2025-11-16T04:00,2025-11-16,4,10.5,86,0.0,0.0,0.0,0.0,3,Overcast,90,,14.9,34.6,Cloudy,50.9
2025-11-16T05:00,2025-11-16,5,11.0,86,0.0,0.0,0.0,0.0,3,Overcast,89,,14.7,31.7,Cloudy,51.8
2025-11-16T06:00,2025-11-16,6,11.2,85,0.0,0.0,0.0,0.0,1,Mainly Clear,48,,14.8,30.6,Clear,52.16
2025-11-16T07:00,2025-11-16,7,11.9,79,0.0,0.0,0.0,0.0,3,Overcast,96,,16.6,44.3,Cloudy,53.42
2025-11-16T08:00,2025-11-16,8,12.1,67,0.0,0.0,0.0,0.0,0,Clear,1,,17.8,40.3,Clear,53.78
2025-11-16T09:00,2025-11-16,9,12.8,58,0.0,0.0,0.0,0.0,0,Clear,0,,18.2,44.6,Clear,55.04
2025-11-16T10:00,2025-11-16,10,13.0,43,0.0,0.0,0.0,0.0,0,Clear,0,,22.4,50.0,Clear,55.4
2025-11-16T11:00,2025-11-16,11,12.4,43,0.0,0.0,0.0,0.0,0,Clear,3,,24.9,57.6,Clear,54.32
2025-11-16T12:00,2025-11-16,12,11.9,42,0.0,0.0,0.0,0.0,0,Clear,9,,25.0,58.0,Clear,53.42
2025-11-16T13:00,2025-11-16,13,11.6,37,0.0,0.0,0.0,0.0,0,Clear,3,,25.4,59.0,Clear,52.879999999999995
2025-11-16T14:00,2025-11-16,14,10.6,34,0.1,0.1,0.0,0.0,51,Light Drizzle,17,,25.8,69.8,Rain,51.08
2025-11-16T15:00,2025-11-16,15,10.2,34,0.0,0.0,0.0,0.0,1,Mainly Clear,35,,22.1,58.3,Clear,50.36
2025-11-16T16:00,2025-11-16,16,8.9,40,0.0,0.0,0.0,0.0,0,Clear,7,,20.9,51.5,Clear,48.02
2025-11-16T17:00,2025-11-16,17,7.3,44,0.0,0.0,0.0,0.0,0,Clear,0,,19.5,49.0,Clear,45.14
2025-11-16T18:00,2025-11-16,18,6.4,43,0.0,0.0,0.0,0.0,1,Mainly Clear,37,,21.4,48.6,Clear,43.519999999999996
2025-11-16T19:00,2025-11-16,19,5.6,51,0.0,0.0,0.0,0.0,0,Clear,3,,16.0,49.0,Clear,42.08
2025-11-16T20:00,2025-11-16,20,4.8,50,0.0,0.0,0.0,0.0,0,Clear,0,,17.4,39.2,Clear,40.64
2025-11-16T21:00,2025-11-16,21,4.8,51,0.0,0.0,0.0,0.0,0,Clear,5,,16.6,39.2,Clear,40.64
2025-11-16T22:00,2025-11-16,22,4.7,51,0.0,0.0,0.0,0.0,0,Clear,2,,18.1,42.1,Clear,40.46
2025-11-16T23:00,2025-11-16,23,4.0,56,0.0,0.0,0.0,0.0,3,Overcast,100,,13.2,41.0,Cloudy,39.2
2025-11-17T00:00,2025-11-17,0,3.7,60,0.0,0.0,0.0,0.0,0,Clear,5,,12.1,28.4,Clear,38.660000000000004
2025-11-17T01:00,2025-11-17,1,3.6,55,0.0,0.0,0.0,0.0,0,Clear,13,,16.2,28.1,Clear,38.48
2025-11-17T02:00,2025-11-17,2,2.8,55,0.0,0.0,0.0,0.0,0,Clear,18,,16.1,36.7,Clear,37.04
2025-11-17T03:00,2025-11-17,3,2.3,56,0.0,0.0,0.0,0.0,0,Clear,6,,15.0,36.7,Clear,36.14
2025-11-17T04:00,2025-11-17,4,1.9,57,0.0,0.0,0.0,0.0,0,Clear,0,,14.9,33.1,Clear,35.42
2025-11-17T05:00,2025-11-17,5,1.6,57,0.0,0.0,0.0,0.0,0,Clear,0,,14.2,34.2,Clear,34.88
2025-11-17T06:00,2025-11-17,6,1.4,57,0.0,0.0,0.0,0.0,0,Clear,0,,14.2,32.8,Clear,34.52
2025-11-17T07:00,2025-11-17,7,1.9,54,0.0,0.0,0.0,0.0,0,Clear,16,,16.0,33.1,Clear,35.42
2025-11-17T08:00,2025-11-17,8,3.0,51,0.0,0.0,0.0,0.0,0,Clear,4,,17.1,39.6,Clear,37.4
2025-11-17T09:00,2025-11-17,9,4.2,47,0.0,0.0,0.0,0.0,2,Partly Cloudy,59,,20.6,42.8,Cloudy,39.56
2025-11-17T10:00,2025-11-17,10,4.9,45,0.0,0.0,0.0,0.0,2,Partly Cloudy,56,,24.6,60.1,Cloudy,40.82
2025-11-17T11:00,2025-11-17,11,5.6,42,0.0,0.0,0.0,0.0,0,Clear,14,,25.1,59.8,Clear,42.08
2025-11-17T12:00,2025-11-17,12,6.1,42,0.0,0.0,0.0,0.0,2,Partly Cloudy,74,,24.2,58.3,Cloudy,42.980000000000004
2025-11-17T13:00,2025-11-17,13,6.2,41,0.0,0.0,0.0,0.0,3,Overcast,100,,25.5,58.0,Cloudy,43.16
2025-11-17T14:00,2025-11-17,14,5.9,42,0.0,0.0,0.0,0.0,3,Overcast,99,,24.0,58.7,Cloudy,42.620000000000005
2025-11-17T15:00,2025-11-17,15,6.1,40,0.0,0.0,0.0,0.0,2,Partly Cloudy,73,,25.1,60.5,Cloudy,42.980000000000004
2025-11-17T16:00,2025-11-17,16,5.8,43,0.0,0.0,0.0,0.0,0,Clear,0,,16.8,57.2,Clear,42.44
2025-11-17T17:00,2025-11-17,17,4.8,47,0.0,0.0,0.0,0.0,0,Clear,0,,15.1,38.9,Clear,40.64
2025-11-17T18:00,2025-11-17,18,4.4,48,0.0,0.0,0.0,0.0,0,Clear,1,,13.5,33.5,Clear,39.92
2025-11-17T19:00,2025-11-17,19,4.0,48,0.0,0.0,0.0,0.0,0,Clear,1,,12.8,29.5,Clear,39.2
2025-11-17T20:00,2025-11-17,20,3.8,49,0.0,0.0,0.0,0.0,0,Clear,2,,14.0,30.2,Clear,38.839999999999996
2025-11-17T21:00,2025-11-17,21,3.7,50,0.0,0.0,0.0,0.0,0,Clear,2,,15.3,33.8,Clear,38.660000000000004
2025-11-17T22:00,2025-11-17,22,3.3,51,0.0,0.0,0.0,0.0,0,Clear,3,,16.4,36.4,Clear,37.94
2025-11-17T23:00,2025-11-17,23,3.2,52,0.0,0.0,0.0,0.0,0,Clear,2,,16.1,37.1,Clear,37.76
2025-11-18T00:00,2025-11-18,0,2.8,54,0.0,0.0,0.0,0.0,0,Clear,0,,15.1,35.6,Clear,37.04
2025-11-18T01:00,2025-11-18,1,3.0,52,0.0,0.0,0.0,0.0,0,Clear,1,,13.8,33.5,Clear,37.4
2025-11-18T02:00,2025-11-18,2,2.7,54,0.0,0.0,0.0,0.0,0,Clear,0,,12.3,29.5,Clear,36.86
2025-11-18T03:00,2025-11-18,3,2.2,57,0.0,0.0,0.0,0.0,0,Clear,0,,11.1,27.4,Clear,35.96
2025-11-18T04:00,2025-11-18,4,1.8,60,0.0,0.0,0.0,0.0,0,Clear,0,,11.2,24.5,Clear,35.24
2025-11-18T05:00,2025-11-18,5,1.4,62,0.0,0.0,0.0,0.0,0,Clear,1,,10.7,24.5,Clear,34.52
2025-11-18T06:00,2025-11-18,6,1.0,64,0.0,0.0,0.0,0.0,0,Clear,0,,10.2,23.0,Clear,33.8
2025-11-18T07:00,2025-11-18,7,0.9,62,0.0,0.0,0.0,0.0,0,Clear,0,,9.4,22.0,Clear,33.62
2025-11-18T08:00,2025-11-18,8,2.0,63,0.0,0.0,0.0,0.0,0,Clear,0,,10.0,20.5,Clear,35.6
2025-11-18T09:00,2025-11-18,9,3.8,55,0.0,0.0,0.0,0.0,0,Clear,0,,9.7,23.4,Clear,38.839999999999996
2025-11-18T10:00,2025-11-18,10,5.4,48,0.0,0.0,0.0,0.0,0,Clear,2,,13.1,31.7,Clear,41.72
2025-11-18T11:00,2025-11-18,11,6.3,45,0.0,0.0,0.0,0.0,1,Mainly Clear,30,,13.3,35.6,Clear,43.34
2025-11-18T12:00,2025-11-18,12,7.2,42,0.0,0.0,0.0,0.0,3,Overcast,97,,13.2,33.8,Cloudy,44.96
2025-11-18T13:00,2025-11-18,13,7.5,40,0.0,0.0,0.0,0.0,2,Partly Cloudy,59,,13.3,33.8,Cloudy,45.5
2025-11-18T14:00,2025-11-18,14,7.9,40,0.0,0.0,0.0,0.0,3,Overcast,100,,12.2,33.5,Cloudy,46.22
2025-11-18T15:00,2025-11-18,15,7.7,40,0.0,0.0,0.0,0.0,3,Overcast,100,,10.8,30.2,Cloudy,45.86
2025-11-18T16:00,2025-11-18,16,7.2,46,0.0,0.0,0.0,0.0,3,Overcast,100,,5.9,25.6,Cloudy,44.96
2025-11-18T17:00,2025-11-18,17,6.8,61,0.0,0.0,0.0,0.0,3,Overcast,100,,2.5,13.0,Cloudy,44.239999999999995
2025-11-18T18:00,2025-11-18,18,6.7,54,0.0,0.0,0.0,0.0,3,Overcast,100,,3.0,5.4,Cloudy,44.06
2025-11-18T19:00,2025-11-18,19,6.2,56,0.0,0.0,0.0,0.0,3,Overcast,100,,5.1,10.1,Cloudy,43.16
2025-11-18T20:00,2025-11-18,20,5.8,61,0.0,0.0,0.0,0.0,3,Overcast,100,,4.8,10.8,Cloudy,42.44
2025-11-18T21:00,2025-11-18,21,5.1,65,0.0,0.0,0.0,0.0,3,Overcast,100,,5.2,10.8,Cloudy,41.18
2025-11-18T22:00,2025-11-18,22,4.2,73,0.0,0.0,0.0,0.0,3,Overcast,100,,4.2,11.2,Cloudy,39.56
2025-11-18T23:00,2025-11-18,23,4.4,73,0.0,0.0,0.0,0.0,3,Overcast,100,,3.2,7.6,Cloudy,39.92
2025-11-19T00:00,2025-11-19,0,4.7,76,0.0,0.0,0.0,0.0,3,Overcast,100,,2.3,6.5,Cloudy,40.46
2025-11-19T01:00,2025-11-19,1,4.8,76,0.0,0.0,0.0,0.0,3,Overcast,100,,1.1,5.0,Cloudy,40.64
2025-11-19T02:00,2025-11-19,2,4.7,72,0.0,0.0,0.0,0.0,3,Overcast,100,,0.7,4.3,Cloudy,40.46
2025-11-19T03:00,2025-11-19,3,4.3,77,0.1,0.1,0.0,0.0,51,Light Drizzle,100,,0.3,3.6,Rain,39.74
2025-11-19T04:00,2025-11-19,4,4.0,86,0.2,0.2,0.0,0.0,51,Light Drizzle,100,,1.2,5.4,Rain,39.2
2025-11-19T05:00,2025-11-19,5,4.0,78,0.4,0.4,0.0,0.0,51,Light Drizzle,100,,2.6,5.4,Rain,39.2
2025-11-19T06:00,2025-11-19,6,2.0,95,1.0,0.8,0.14,0.0,71,Slight Snow,100,,0.5,6.8,Snow,35.6
2025-11-19T07:00,2025-11-19,7,2.6,90,1.8,1.2,0.42,0.0,73,Moderate Snow,100,,3.1,18.4,Snow,36.68
2025-11-19T08:00,2025-11-19,8,2.9,92,0.5,0.5,0.0,0.0,53,Moderate Drizzle,100,,3.9,13.7,Rain,37.22
2025-11-19T09:00,2025-11-19,9,3.3,92,0.5,0.5,0.0,0.0,53,Moderate Drizzle,100,,7.4,16.6,Rain,37.94
2025-11-19T10:00,2025-11-19,10,4.5,87,0.1,0.1,0.0,0.0,51,Light Drizzle,100,,8.7,21.6,Rain,40.1
2025-11-19T11:00,2025-11-19,11,5.4,81,0.0,0.0,0.0,0.0,3,Overcast,100,,7.8,22.7,Cloudy,41.72
2025-11-19T12:00,2025-11-19,12,6.2,75,0.0,0.0,0.0,0.0,3,Overcast,84,,7.5,22.3,Cloudy,43.16
2025-11-19T13:00,2025-11-19,13,7.6,66,0.0,0.0,0.0,0.0,3,Overcast,82,,6.0,21.2,Cloudy,45.68
2025-11-19T14:00,2025-11-19,14,8.2,62,0.0,0.0,0.0,0.0,3,Overcast,100,,5.0,18.0,Cloudy,46.76
2025-11-19T15:00,2025-11-19,15,8.2,62,0.0,0.0,0.0,0.0,3,Overcast,100,,5.5,15.8,Cloudy,46.76
2025-11-19T16:00,2025-11-19,16,7.8,65,0.0,0.0,0.0,0.0,2,Partly Cloudy,77,,4.3,15.1,Cloudy,46.04
2025-11-19T17:00,2025-11-19,17,6.8,73,0.0,0.0,0.0,0.0,0,Clear,10,,1.4,9.7,Clear,44.239999999999995
2025-11-19T18:00,2025-11-19,18,5.7,75,0.0,0.0,0.0,0.0,0,Clear,0,,4.1,5.8,Clear,42.260000000000005
2025-11-19T19:00,2025-11-19,19,4.0,82,0.0,0.0,0.0,0.0,0,Clear,0,,4.2,10.4,Clear,39.2
2025-11-19T20:00,2025-11-19,20,3.2,79,0.0,0.0,0.0,0.0,0,Clear,0,,4.9,9.4,Clear,37.76
2025-11-19T21:00,2025-11-19,21,2.9,77,0.0,0.0,0.0,0.0,1,Mainly Clear,40,,5.0,10.4,Clear,37.22
2025-11-19T22:00,2025-11-19,22,2.5,76,0.0,0.0,0.0,0.0,3,Overcast,100,,5.9,12.2,Cloudy,36.5
2025-11-19T23:00,2025-11-19,23,2.1,77,0.0,0.0,0.0,0.0,3,Overcast,100,,5.8,13.0,Cloudy,35.78
2025-11-20T00:00,2025-11-20,0,1.5,79,0.0,0.0,0.0,0.0,3,Overcast,100,,5.4,11.9,Cloudy,34.7
2025-11-20T01:00,2025-11-20,1,1.5,77,0.0,0.0,0.0,0.0,3,Overcast,100,,6.2,11.5,Cloudy,34.7
2025-11-20T02:00,2025-11-20,2,1.0,77,0.0,0.0,0.0,0.0,3,Overcast,100,,5.6,12.2,Cloudy,33.8
2025-11-20T03:00,2025-11-20,3,0.7,78,0.0,0.0,0.0,0.0,3,Overcast,100,,5.6,12.2,Cloudy,33.26
2025-11-20T04:00,2025-11-20,4,0.6,77,0.0,0.0,0.0,0.0,3,Overcast,100,,6.3,14.0,Cloudy,33.08
2025-11-20T05:00,2025-11-20,5,0.5,77,0.0,0.0,0.0,0.0,3,Overcast,100,,5.8,14.0,Cloudy,32.9
2025-11-20T06:00,2025-11-20,6,0.2,78,0.0,0.0,0.0,0.0,3,Overcast,97,,5.2,12.2,Cloudy,32.36
2025-11-20T07:00,2025-11-20,7,0.0,81,0.0,0.0,0.0,0.0,3,Overcast,100,,5.2,11.9,Cloudy,32.0
2025-11-20T08:00,2025-11-20,8,0.9,82,0.0,0.0,0.0,0.0,3,Overcast,100,,6.6,12.2,Cloudy,33.62
2025-11-20T09:00,2025-11-20,9,2.0,76,0.0,0.0,0.0,0.0,3,Overcast,100,,4.6,13.0,Cloudy,35.6
2025-11-20T10:00,2025-11-20,10,3.2,69,0.0,0.0,0.0,0.0,3,Overcast,100,,3.6,13.7,Cloudy,37.76
2025-11-20T11:00,2025-11-20,11,4.8,62,0.0,0.0,0.0,0.0,2,Partly Cloudy,66,,3.4,13.3,Cloudy,40.64
2025-11-20T12:00,2025-11-20,12,6.4,54,0.0,0.0,0.0,0.0,1,Mainly Clear,25,,2.4,14.8,Clear,43.519999999999996
2025-11-20T13:00,2025-11-20,13,7.3,50,0.0,0.0,0.0,0.0,1,Mainly Clear,45,,1.3,13.0,Clear,45.14
2025-11-20T14:00,2025-11-20,14,7.8,50,0.0,0.0,0.0,0.0,1,Mainly Clear,30,,1.7,10.4,Clear,46.04
2025-11-20T15:00,2025-11-20,15,7.7,52,0.0,0.0,0.0,0.0,2,Partly Cloudy,63,,1.7,10.8,Cloudy,45.86
2025-11-20T16:00,2025-11-20,16,6.8,66,0.0,0.0,0.0,0.0,0,Clear,2,,2.3,7.9,Clear,44.239999999999995
2025-11-20T17:00,2025-11-20,17,5.0,71,0.0,0.0,0.0,0.0,0,Clear,5,,4.3,8.6,Clear,41.0
2025-11-20T18:00,2025-11-20,18,4.2,75,0.0,0.0,0.0,0.0,2,Partly Cloudy,79,,4.5,10.1,Cloudy,39.56
2025-11-20T19:00,2025-11-20,19,3.6,77,0.0,0.0,0.0,0.0,0,Clear,0,,3.6,9.0,Clear,38.48
2025-11-20T20:00,2025-11-20,20,3.0,77,0.0,0.0,0.0,0.0,0,Clear,0,,2.0,5.8,Clear,37.4
2025-11-20T21:00,2025-11-20,21,2.8,78,0.0,0.0,0.0,0.0,0,Clear,5,,1.4,3.6,Clear,37.04
2025-11-20T22:00,2025-11-20,22,2.8,81,0.0,0.0,0.0,0.0,3,Overcast,97,,1.5,3.2,Cloudy,37.04
2025-11-20T23:00,2025-11-20,23,3.3,84,0.0,0.0,0.0,0.0,3,Overcast,100,,2.7,6.1,Cloudy,37.94
2025-11-21T00:00,2025-11-21,0,3.5,86,0.0,0.0,0.0,0.0,3,Overcast,100,,1.8,6.8,Cloudy,38.3
2025-11-21T01:00,2025-11-21,1,2.7,90,0.0,0.0,0.0,0.0,3,Overcast,100,,2.2,4.0,Cloudy,36.86
2025-11-21T02:00,2025-11-21,2,2.5,95,0.0,0.0,0.0,0.0,3,Overcast,100,,0.7,4.7,Cloudy,36.5
2025-11-21T03:00,2025-11-21,3,2.7,94,0.0,0.0,0.0,0.0,3,Overcast,100,,2.7,5.8,Cloudy,36.86
2025-11-21T04:00,2025-11-21,4,3.1,90,0.0,0.0,0.0,0.0,3,Overcast,100,,3.4,6.1,Cloudy,37.58
2025-11-21T05:00,2025-11-21,5,3.8,86,0.0,0.0,0.0,0.0,3,Overcast,100,,2.7,6.1,Cloudy,38.839999999999996
2025-11-21T06:00,2025-11-21,6,4.1,88,0.0,0.0,0.0,0.0,3,Overcast,100,,2.8,6.5,Cloudy,39.38
2025-11-21T07:00,2025-11-21,7,4.2,89,0.0,0.0,0.0,0.0,3,Overcast,88,,3.1,5.0,Cloudy,39.56
2025-11-21T08:00,2025-11-21,8,5.0,85,0.0,0.0,0.0,0.0,3,Overcast,99,,5.3,10.1,Cloudy,41.0
2025-11-21T09:00,2025-11-21,9,6.5,81,0.0,0.0,0.0,0.0,3,Overcast,100,,4.6,12.2,Cloudy,43.7
2025-11-21T10:00,2025-11-21,10,7.9,76,0.0,0.0,0.0,0.0,3,Overcast,100,,5.1,15.1,Cloudy,46.22
2025-11-21T11:00,2025-11-21,11,9.1,75,0.0,0.0,0.0,0.0,3,Overcast,100,,7.5,20.2,Cloudy,48.379999999999995
2025-11-21T12:00,2025-11-21,12,10.9,70,0.0,0.0,0.0,0.0,3,Overcast,100,,14.4,33.8,Cloudy,51.620000000000005
2025-11-21T13:00,2025-11-21,13,10.2,73,0.0,0.0,0.0,0.0,3,Overcast,100,,14.1,34.9,Cloudy,50.36
2025-11-21T14:00,2025-11-21,14,10.7,71,0.0,0.0,0.0,0.0,3,Overcast,100,,14.0,33.5,Cloudy,51.26
2025-11-21T15:00,2025-11-21,15,10.9,72,0.0,0.0,0.0,0.0,3,Overcast,100,,11.3,34.9,Cloudy,51.620000000000005
2025-11-21T16:00,2025-11-21,16,10.6,76,0.0,0.0,0.0,0.0,3,Overcast,100,,8.4,25.2,Cloudy,51.08
2025-11-21T17:00,2025-11-21,17,10.0,81,0.0,0.0,0.0,0.0,3,Overcast,100,,4.9,18.0,Cloudy,50.0
2025-11-21T18:00,2025-11-21,18,9.4,85,0.0,0.0,0.0,0.0,3,Overcast,100,,2.8,9.7,Cloudy,48.92
2025-11-21T19:00,2025-11-21,19,8.8,86,0.0,0.0,0.0,0.0,3,Overcast,100,,4.8,4.3,Cloudy,47.84
2025-11-21T20:00,2025-11-21,20,8.6,87,0.0,0.0,0.0,0.0,3,Overcast,100,,5.4,11.2,Cloudy,47.48
2025-11-21T21:00,2025-11-21,21,8.4,88,0.0,0.0,0.0,0.0,3,Overcast,100,,5.5,10.8,Cloudy,47.120000000000005
2025-11-21T22:00,2025-11-21,22,7.8,90,0.0,0.0,0.0,0.0,3,Overcast,100,,4.8,11.2,Cloudy,46.04
2025-11-21T23:00,2025-11-21,23,7.1,92,0.0,0.0,0.0,0.0,3,Overcast,100,,4.2,9.4,Cloudy,44.78
2025-11-22T00:00,2025-11-22,0,7.1,93,0.0,0.0,0.0,0.0,3,Overcast,100,,3.6,7.9,Cloudy,44.78
2025-11-22T01:00,2025-11-22,1,7.8,91,0.0,0.0,0.0,0.0,3,Overcast,100,,5.2,9.0,Cloudy,46.04
2025-11-22T02:00,2025-11-22,2,7.9,91,0.2,0.2,0.0,0.0,51,Light Drizzle,100,,3.9,10.8,Rain,46.22
2025-11-22T03:00,2025-11-22,3,7.8,91,0.3,0.3,0.0,0.0,51,Light Drizzle,100,,2.0,7.2,Rain,46.04
2025-11-22T04:00,2025-11-22,4,7.6,94,0.5,0.5,0.0,0.0,53,Moderate Drizzle,100,,1.4,5.0,Rain,45.68
2025-11-22T05:00,2025-11-22,5,7.3,97,0.5,0.5,0.0,0.0,53,Moderate Drizzle,100,,4.4,6.8,Rain,45.14
2025-11-22T06:00,2025-11-22,6,7.5,96,1.7,1.7,0.0,0.0,61,Slight Rain,100,,8.3,16.9,Rain,45.5
2025-11-22T07:00,2025-11-22,7,7.2,96,0.8,0.8,0.0,0.0,53,Moderate Drizzle,100,,10.0,15.8,Rain,44.96
2025-11-22T08:00,2025-11-22,8,7.5,95,0.6,0.6,0.0,0.0,53,Moderate Drizzle,100,,6.6,19.8,Rain,45.5
2025-11-22T09:00,2025-11-22,9,8.0,93,0.3,0.3,0.0,0.0,51,Light Drizzle,100,,6.1,15.1,Rain,46.4
2025-11-22T10:00,2025-11-22,10,8.4,92,0.0,0.0,0.0,0.0,3,Overcast,100,,4.3,11.9,Cloudy,47.120000000000005
2025-11-22T11:00,2025-11-22,11,9.1,89,0.2,0.2,0.0,0.0,51,Light Drizzle,100,,5.6,15.5,Rain,48.379999999999995
2025-11-22T12:00,2025-11-22,12,9.4,82,0.0,0.0,0.0,0.0,2,Partly Cloudy,51,,8.6,19.8,Cloudy,48.92
2025-11-22T13:00,2025-11-22,13,10.1,70,0.0,0.0,0.0,0.0,0,Clear,18,,12.4,32.8,Clear,50.18
2025-11-22T14:00,2025-11-22,14,11.0,60,0.0,0.0,0.0,0.0,3,Overcast,98,,11.2,32.0,Cloudy,51.8
2025-11-22T15:00,2025-11-22,15,11.0,59,0.0,0.0,0.0,0.0,3,Overcast,90,,10.5,30.6,Cloudy,51.8
2025-11-22T16:00,2025-11-22,16,10.3,62,0.0,0.0,0.0,0.0,0,Clear,9,,9.9,24.1,Clear,50.54
2025-11-22T17:00,2025-11-22,17,8.6,57,0.0,0.0,0.0,0.0,0,Clear,0,,14.2,31.0,Clear,47.48
2025-11-22T18:00,2025-11-22,18,7.3,59,0.0,0.0,0.0,0.0,0,Clear,0,,10.9,31.0,Clear,45.14
2025-11-22T19:00,2025-11-22,19,6.4,61,0.0,0.0,0.0,0.0,0,Clear,0,,9.3,23.4,Clear,43.519999999999996
2025-11-22T20:00,2025-11-22,20,5.8,63,0.0,0.0,0.0,0.0,0,Clear,0,,10.1,21.2,Clear,42.44
2025-11-22T21:00,2025-11-22,21,5.2,64,0.0,0.0,0.0,0.0,0,Clear,0,,10.9,23.0,Clear,41.36
2025-11-22T22:00,2025-11-22,22,4.3,67,0.0,0.0,0.0,0.0,1,Mainly Clear,25,,7.8,23.0,Clear,39.74
2025-11-22T23:00,2025-11-22,23,3.2,72,0.0,0.0,0.0,0.0,3,Overcast,98,,5.6,16.2,Cloudy,37.76
2025-11-23T00:00,2025-11-23,0,2.5,76,0.0,0.0,0.0,0.0,1,Mainly Clear,43,,4.6,11.9,Clear,36.5
2025-11-23T01:00,2025-11-23,1,1.6,78,0.0,0.0,0.0,0.0,3,Overcast,100,,4.3,9.0,Cloudy,34.88
2025-11-23T02:00,2025-11-23,2,0.9,79,0.0,0.0,0.0,0.0,0,Clear,0,,4.4,9.0,Clear,33.62
2025-11-23T03:00,2025-11-23,3,0.4,80,0.0,0.0,0.0,0.0,0,Clear,0,,4.1,9.4,Clear,32.72
2025-11-23T04:00,2025-11-23,4,0.1,82,0.0,0.0,0.0,0.0,0,Clear,0,,3.2,7.6,Clear,32.18
2025-11-23T05:00,2025-11-23,5,-0.1,84,0.0,0.0,0.0,0.0,0,Clear,0,,1.1,6.1,Clear,31.82
2025-11-23T06:00,2025-11-23,6,-0.4,87,0.0,0.0,0.0,0.0,0,Clear,0,,0.9,4.7,Clear,31.28
2025-11-23T07:00,2025-11-23,7,-0.9,95,0.0,0.0,0.0,0.0,0,Clear,2,,1.7,3.6,Clear,30.38
2025-11-23T08:00,2025-11-23,8,0.2,89,0.0,0.0,0.0,0.0,3,Overcast,100,,5.0,10.1,Cloudy,32.36
2025-11-23T09:00,2025-11-23,9,1.7,81,0.0,0.0,0.0,0.0,1,Mainly Clear,21,,5.0,11.2,Clear,35.06
2025-11-23T10:00,2025-11-23,10,4.2,66,0.0,0.0,0.0,0.0,3,Overcast,100,,4.7,15.5,Cloudy,39.56
2025-11-23T11:00,2025-11-23,11,4.6,64,0.0,0.0,0.0,0.0,3,Overcast,86,,5.8,15.8,Cloudy,40.28
2025-11-23T12:00,2025-11-23,12,5.5,59,0.0,0.0,0.0,0.0,3,Overcast,95,,5.6,16.2,Cloudy,41.9
2025-11-23T13:00,2025-11-23,13,7.4,56,0.0,0.0,0.0,0.0,3,Overcast,98,,8.0,19.4,Cloudy,45.32
2025-11-23T14:00,2025-11-23,14,7.2,62,0.0,0.0,0.0,0.0,3,Overcast,100,,8.1,20.9,Cloudy,44.96
2025-11-23T15:00,2025-11-23,15,7.5,66,0.0,0.0,0.0,0.0,0,Clear,1,,12.2,27.0,Clear,45.5
2025-11-23T16:00,2025-11-23,16,7.7,68,0.0,0.0,0.0,0.0,0,Clear,5,,10.3,27.0,Clear,45.86
2025-11-23T17:00,2025-11-23,17,7.2,70,0.0,0.0,0.0,0.0,0,Clear,2,,9.4,23.0,Clear,44.96
2025-11-23T18:00,2025-11-23,18,6.8,69,0.0,0.0,0.0,0.0,0,Clear,0,,11.4,23.4,Clear,44.239999999999995
2025-11-23T19:00,2025-11-23,19,6.4,71,0.0,0.0,0.0,0.0,0,Clear,2,,10.3,23.8,Clear,43.519999999999996
2025-11-23T20:00,2025-11-23,20,6.1,72,0.0,0.0,0.0,0.0,0,Clear,15,,9.3,20.9,Clear,42.980000000000004
2025-11-23T21:00,2025-11-23,21,5.8,73,0.0,0.0,0.0,0.0,0,Clear,2,,9.6,19.4,Clear,42.44
2025-11-23T22:00,2025-11-23,22,5.4,74,0.0,0.0,0.0,0.0,0,Clear,2,,9.6,19.4,Clear,41.72
2025-11-23T23:00,2025-11-23,23,5.2,73,0.0,0.0,0.0,0.0,0,Clear,0,,9.4,19.8,Clear,41.36
2025-11-24T00:00,2025-11-24,0,4.9,72,0.0,0.0,0.0,0.0,0,Clear,0,,9.4,19.8,Clear,40.82
2025-11-24T01:00,2025-11-24,1,4.8,69,0.0,0.0,0.0,0.0,0,Clear,1,,11.1,19.4,Clear,40.64
2025-11-24T02:00,2025-11-24,2,4.8,69,0.0,0.0,0.0,0.0,0,Clear,2,,11.1,23.0,Clear,40.64
2025-11-24T03:00,2025-11-24,3,4.4,70,0.0,0.0,0.0,0.0,0,Clear,7,,10.0,23.0,Clear,39.92
2025-11-24T04:00,2025-11-24,4,4.2,71,0.0,0.0,0.0,0.0,0,Clear,2,,10.1,21.2,Clear,39.56
2025-11-24T05:00,2025-11-24,5,4.2,72,0.0,0.0,0.0,0.0,0,Clear,3,,11.1,22.7,Clear,39.56
2025-11-24T06:00,2025-11-24,6,4.2,74,0.0,0.0,0.0,0.0,0,Clear,3,,12.0,25.2,Clear,39.56
2025-11-24T07:00,2025-11-24,7,4.7,67,0.0,0.0,0.0,0.0,0,Clear,2,,10.9,26.6,Clear,40.46
2025-11-24T08:00,2025-11-24,8,5.9,64,0.0,0.0,0.0,0.0,0,Clear,6,,11.5,24.1,Clear,42.620000000000005
2025-11-24T09:00,2025-11-24,9,7.4,60,0.0,0.0,0.0,0.0,0,Clear,4,,10.7,32.8,Clear,45.32
2025-11-24T10:00,2025-11-24,10,8.3,54,0.0,0.0,0.0,0.0,0,Clear,6,,13.5,32.8,Clear,46.94
2025-11-24T11:00,2025-11-24,11,9.1,50,0.0,0.0,0.0,0.0,0,Clear,1,,12.1,32.8,Clear,48.379999999999995
2025-11-24T12:00,2025-11-24,12,9.7,49,0.0,0.0,0.0,0.0,0,Clear,0,,10.0,31.0,Clear,49.46
2025-11-24T13:00,2025-11-24,13,10.9,42,0.0,0.0,0.0,0.0,1,Mainly Clear,27,,8.7,27.0,Clear,51.620000000000005
2025-11-24T14:00,2025-11-24,14,11.4,40,0.0,0.0,0.0,0.0,0,Clear,0,,8.9,24.5,Clear,52.52
2025-11-24T15:00,2025-11-24,15,11.2,40,0.0,0.0,0.0,0.0,0,Clear,8,,9.0,23.8,Clear,52.16
2025-11-24T16:00,2025-11-24,16,10.2,48,0.0,0.0,0.0,0.0,0,Clear,17,,4.7,21.6,Clear,50.36
2025-11-24T17:00,2025-11-24,17,8.3,59,0.0,0.0,0.0,0.0,1,Mainly Clear,45,,2.2,9.7,Clear,46.94
2025-11-24T18:00,2025-11-24,18,7.3,64,0.0,0.0,0.0,0.0,3,Overcast,99,,2.4,4.0,Cloudy,45.14
2025-11-24T19:00,2025-11-24,19,6.7,62,0.0,0.0,0.0,0.0,3,Overcast,100,,3.0,3.6,Cloudy,44.06
2025-11-24T20:00,2025-11-24,20,6.1,64,0.0,0.0,0.0,0.0,3,Overcast,100,,0.7,4.3,Cloudy,42.980000000000004
2025-11-24T21:00,2025-11-24,21,5.2,68,0.0,0.0,0.0,0.0,3,Overcast,100,,2.3,2.9,Cloudy,41.36
2025-11-24T22:00,2025-11-24,22,4.9,71,0.0,0.0,0.0,0.0,3,Overcast,100,,1.9,5.8,Cloudy,40.82
2025-11-24T23:00,2025-11-24,23,4.4,75,0.0,0.0,0.0,0.0,3,Overcast,100,,3.5,6.5,Cloudy,39.92
2025-11-25T00:00,2025-11-25,0,4.1,78,0.0,0.0,0.0,0.0,3,Overcast,100,,4.6,8.6,Cloudy,39.38
2025-11-25T01:00,2025-11-25,1,3.7,77,0.0,0.0,0.0,0.0,3,Overcast,100,,4.8,9.4,Cloudy,38.660000000000004
2025-11-25T02:00,2025-11-25,2,3.1,80,0.0,0.0,0.0,0.0,3,Overcast,100,,4.2,9.4,Cloudy,37.58
2025-11-25T03:00,2025-11-25,3,3.0,81,0.0,0.0,0.0,0.0,3,Overcast,100,,4.5,6.8,Cloudy,37.4
2025-11-25T04:00,2025-11-25,4,3.0,79,0.0,0.0,0.0,0.0,3,Overcast,100,,5.7,11.5,Cloudy,37.4
2025-11-25T05:00,2025-11-25,5,2.9,79,0.0,0.0,0.0,0.0,3,Overcast,100,,5.3,11.5,Cloudy,37.22
2025-11-25T06:00,2025-11-25,6,3.8,76,0.0,0.0,0.0,0.0,3,Overcast,100,,5.1,10.8,Cloudy,38.839999999999996
2025-11-25T07:00,2025-11-25,7,4.2,76,0.0,0.0,0.0,0.0,3,Overcast,100,,5.2,11.9,Cloudy,39.56
2025-11-25T08:00,2025-11-25,8,5.2,72,0.0,0.0,0.0,0.0,3,Overcast,100,,7.1,13.0,Cloudy,41.36
2025-11-25T09:00,2025-11-25,9,6.8,70,0.0,0.0,0.0,0.0,3,Overcast,100,,9.0,17.6,Cloudy,44.239999999999995
2025-11-25T10:00,2025-11-25,10,8.3,68,0.0,0.0,0.0,0.0,3,Overcast,100,,7.1,18.0,Cloudy,46.94
2025-11-25T11:00,2025-11-25,11,9.4,67,0.0,0.0,0.0,0.0,3,Overcast,100,,4.7,14.0,Cloudy,48.92
2025-11-25T12:00,2025-11-25,12,10.2,67,0.0,0.0,0.0,0.0,3,Overcast,100,,3.7,11.9,Cloudy,50.36
2025-11-25T13:00,2025-11-25,13,12.1,63,0.0,0.0,0.0,0.0,3,Overcast,100,,6.4,14.8,Cloudy,53.78
2025-11-25T14:00,2025-11-25,14,12.4,63,0.0,0.0,0.0,0.0,3,Overcast,100,,7.4,18.4,Cloudy,54.32
2025-11-25T15:00,2025-11-25,15,11.5,74,0.3,0.3,0.0,0.0,51,Light Drizzle,100,,6.3,17.6,Rain,52.7
2025-11-25T16:00,2025-11-25,16,10.8,85,0.5,0.5,0.0,0.0,53,Moderate Drizzle,100,,9.7,17.3,Rain,51.44
2025-11-25T17:00,2025-11-25,17,10.3,92,0.8,0.8,0.0,0.0,53,Moderate Drizzle,100,,13.1,26.3,Rain,50.54
2025-11-25T18:00,2025-11-25,18,10.2,93,1.2,1.2,0.0,0.0,55,Dense Drizzle,100,,9.7,25.9,Rain,50.36
2025-11-25T19:00,2025-11-25,19,10.6,95,1.1,1.1,0.0,0.0,55,Dense Drizzle,100,,9.4,18.4,Rain,51.08
2025-11-25T20:00,2025-11-25,20,11.1,95,1.6,1.6,0.0,0.0,61,Slight Rain,100,,10.5,21.6,Rain,51.98
2025-11-25T21:00,2025-11-25,21,11.7,95,2.2,2.2,0.0,0.0,61,Slight Rain,100,,13.5,25.6,Rain,53.06
2025-11-25T22:00,2025-11-25,22,12.7,94,2.5,2.5,0.0,0.0,63,Moderate Rain,100,,18.0,38.2,Rain,54.86
2025-11-25T23:00,2025-11-25,23,12.9,95,3.5,3.5,0.0,0.0,63,Moderate Rain,100,,17.4,40.0,Rain,55.22
2025-11-26T00:00,2025-11-26,0,13.4,94,0.2,0.2,0.0,0.0,51,Light Drizzle,100,,17.2,36.0,Rain,56.120000000000005
2025-11-26T01:00,2025-11-26,1,13.2,96,0.0,0.0,0.0,0.0,3,Overcast,100,,13.7,34.6,Cloudy,55.76
2025-11-26T02:00,2025-11-26,2,12.8,96,0.0,0.0,0.0,0.0,2,Partly Cloudy,67,,10.8,27.4,Cloudy,55.04
2025-11-26T03:00,2025-11-26,3,12.3,96,0.0,0.0,0.0,0.0,3,Overcast,87,,11.6,22.7,Cloudy,54.14
2025-11-26T04:00,2025-11-26,4,11.5,96,0.0,0.0,0.0,0.0,3,Overcast,96,,11.7,23.0,Cloudy,52.7
2025-11-26T05:00,2025-11-26,5,11.1,96,0.0,0.0,0.0,0.0,2,Partly Cloudy,63,,12.0,23.0,Cloudy,51.98
2025-11-26T06:00,2025-11-26,6,10.9,96,0.0,0.0,0.0,0.0,0,Clear,13,,10.9,23.4,Clear,51.620000000000005
2025-11-26T07:00,2025-11-26,7,11.4,96,0.0,0.0,0.0,0.0,3,Overcast,100,,9.9,22.0,Cloudy,52.52
2025-11-26T08:00,2025-11-26,8,12.1,95,0.0,0.0,0.0,0.0,1,Mainly Clear,49,,10.8,19.8,Clear,53.78
2025-11-26T09:00,2025-11-26,9,13.6,90,0.0,0.0,0.0,0.0,3,Overcast,100,,13.6,28.8,Cloudy,56.48
2025-11-26T10:00,2025-11-26,10,14.1,90,0.0,0.0,0.0,0.0,3,Overcast,100,,13.7,32.0,Cloudy,57.379999999999995
2025-11-26T11:00,2025-11-26,11,15.1,85,0.0,0.0,0.0,0.0,3,Overcast,100,,15.4,36.0,Cloudy,59.18
2025-11-26T12:00,2025-11-26,12,15.4,85,0.0,0.0,0.0,0.0,3,Overcast,100,,13.1,35.3,Cloudy,59.72
2025-11-26T13:00,2025-11-26,13,14.6,87,0.0,0.0,0.0,0.0,3,Overcast,100,,8.7,29.5,Cloudy,58.28
2025-11-26T14:00,2025-11-26,14,14.8,86,0.0,0.0,0.0,0.0,3,Overcast,100,,7.3,19.8,Cloudy,58.64
2025-11-26T15:00,2025-11-26,15,14.9,86,0.0,0.0,0.0,0.0,3,Overcast,100,,8.2,21.2,Cloudy,58.82
2025-11-26T16:00,2025-11-26,16,14.6,89,0.1,0.1,0.0,0.0,51,Light Drizzle,100,,6.4,18.7,Rain,58.28
2025-11-26T17:00,2025-11-26,17,13.9,92,0.0,0.0,0.0,0.0,1,Mainly Clear,23,,7.5,14.4,Clear,57.02
2025-11-26T18:00,2025-11-26,18,13.1,94,0.0,0.0,0.0,0.0,1,Mainly Clear,38,,8.4,16.9,Clear,55.58
2025-11-26T19:00,2025-11-26,19,13.6,94,0.0,0.0,0.0,0.0,3,Overcast,100,,11.2,18.7,Cloudy,56.48
2025-11-26T20:00,2025-11-26,20,13.0,94,0.8,0.8,0.0,0.0,53,Moderate Drizzle,82,,9.7,27.0,Rain,55.4
2025-11-26T21:00,2025-11-26,21,12.6,92,0.0,0.0,0.0,0.0,2,Partly Cloudy,67,,14.4,28.1,Cloudy,54.68
2025-11-26T22:00,2025-11-26,22,11.7,78,0.0,0.0,0.0,0.0,1,Mainly Clear,25,,17.6,37.1,Clear,53.06
2025-11-26T23:00,2025-11-26,23,10.4,68,0.0,0.0,0.0,0.0,3,Overcast,100,,14.9,37.4,Cloudy,50.72
2025-11-27T00:00,2025-11-27,0,9.4,64,0.0,0.0,0.0,0.0,0,Clear,5,,14.3,34.2,Clear,48.92
2025-11-27T01:00,2025-11-27,1,7.3,51,0.0,0.0,0.0,0.0,0,Clear,0,,20.0,47.2,Clear,45.14
2025-11-27T02:00,2025-11-27,2,6.0,53,0.0,0.0,0.0,0.0,0,Clear,16,,18.7,44.6,Clear,42.8
2025-11-27T03:00,2025-11-27,3,5.6,54,0.0,0.0,0.0,0.0,3,Overcast,98,,16.1,42.5,Cloudy,42.08
2025-11-27T04:00,2025-11-27,4,5.1,54,0.0,0.0,0.0,0.0,2,Partly Cloudy,68,,15.1,37.4,Cloudy,41.18
2025-11-27T05:00,2025-11-27,5,4.6,55,0.0,0.0,0.0,0.0,2,Partly Cloudy,52,,15.9,36.4,Cloudy,40.28
2025-11-27T06:00,2025-11-27,6,3.8,54,0.0,0.0,0.0,0.0,1,Mainly Clear,27,,17.5,38.5,Clear,38.839999999999996
2025-11-27T07:00,2025-11-27,7,4.0,57,0.0,0.0,0.0,0.0,2,Partly Cloudy,58,,13.3,38.9,Cloudy,39.2
2025-11-27T08:00,2025-11-27,8,4.7,53,0.0,0.0,0.0,0.0,3,Overcast,84,,13.7,29.9,Cloudy,40.46
2025-11-27T09:00,2025-11-27,9,5.7,49,0.0,0.0,0.0,0.0,2,Partly Cloudy,76,,12.9,32.4,Cloudy,42.260000000000005
2025-11-27T10:00,2025-11-27,10,6.4,45,0.0,0.0,0.0,0.0,3,Overcast,99,,16.6,38.9,Cloudy,43.519999999999996
2025-11-27T11:00,2025-11-27,11,7.1,42,0.0,0.0,0.0,0.0,3,Overcast,89,,17.3,43.6,Cloudy,44.78
2025-11-27T12:00,2025-11-27,12,7.2,40,0.0,0.0,0.0,0.0,3,Overcast,98,,17.5,42.5,Cloudy,44.96
2025-11-27T13:00,2025-11-27,13,7.4,40,0.0,0.0,0.0,0.0,1,Mainly Clear,20,,16.2,42.5,Clear,45.32
2025-11-27T14:00,2025-11-27,14,7.1,41,0.0,0.0,0.0,0.0,2,Partly Cloudy,73,,16.9,40.3,Cloudy,44.78
2025-11-27T15:00,2025-11-27,15,6.4,41,0.0,0.0,0.0,0.0,3,Overcast,100,,16.7,40.0,Cloudy,43.519999999999996
2025-11-27T16:00,2025-11-27,16,5.3,46,0.0,0.0,0.0,0.0,3,Overcast,99,,14.1,38.5,Cloudy,41.54
2025-11-27T17:00,2025-11-27,17,4.4,50,0.0,0.0,0.0,0.0,3,Overcast,100,,13.1,32.4,Cloudy,39.92
2025-11-27T18:00,2025-11-27,18,4.0,51,0.0,0.0,0.0,0.0,3,Overcast,93,,12.6,30.2,Cloudy,39.2
2025-11-27T19:00,2025-11-27,19,3.6,51,0.0,0.0,0.0,0.0,3,Overcast,100,,13.6,28.8,Cloudy,38.48
2025-11-27T20:00,2025-11-27,20,3.3,53,0.0,0.0,0.0,0.0,3,Overcast,96,,12.8,30.6,Cloudy,37.94
2025-11-27T21:00,2025-11-27,21,3.0,54,0.0,0.0,0.0,0.0,3,Overcast,99,,12.1,29.5,Cloudy,37.4
2025-11-27T22:00,2025-11-27,22,2.5,56,0.0,0.0,0.0,0.0,0,Clear,8,,13.3,29.9,Clear,36.5
2025-11-27T23:00,2025-11-27,23,1.9,58,0.0,0.0,0.0,0.0,0,Clear,0,,13.5,31.3,Clear,35.42
2025-11-28T00:00,2025-11-28,0,1.3,60,0.0,0.0,0.0,0.0,0,Clear,0,,13.4,30.2,Clear,34.34
2025-11-28T01:00,2025-11-28,1,1.4,60,0.0,0.0,0.0,0.0,0,Clear,2,,14.7,30.2,Clear,34.52
2025-11-28T02:00,2025-11-28,2,1.0,62,0.0,0.0,0.0,0.0,0,Clear,0,,13.3,32.4,Clear,33.8
2025-11-28T03:00,2025-11-28,3,0.7,64,0.0,0.0,0.0,0.0,0,Clear,0,,12.6,29.9,Clear,33.26
2025-11-28T04:00,2025-11-28,4,0.4,65,0.0,0.0,0.0,0.0,0,Clear,0,,13.1,29.5,Clear,32.72
2025-11-28T05:00,2025-11-28,5,0.2,65,0.0,0.0,0.0,0.0,0,Clear,0,,13.8,30.6,Clear,32.36
2025-11-28T06:00,2025-11-28,6,0.1,65,0.0,0.0,0.0,0.0,0,Clear,2,,13.7,31.3,Clear,32.18
2025-11-28T07:00,2025-11-28,7,0.4,60,0.0,0.0,0.0,0.0,0,Clear,6,,16.2,32.4,Clear,32.72
2025-11-28T08:00,2025-11-28,8,1.1,58,0.0,0.0,0.0,0.0,0,Clear,0,,16.3,36.7,Clear,33.98
2025-11-28T09:00,2025-11-28,9,2.2,55,0.0,0.0,0.0,0.0,0,Clear,12,,15.0,37.1,Clear,35.96
2025-11-28T10:00,2025-11-28,10,3.5,49,0.0,0.0,0.0,0.0,0,Clear,17,,19.7,45.7,Clear,38.3
2025-11-28T11:00,2025-11-28,11,4.2,46,0.0,0.0,0.0,0.0,0,Clear,15,,21.0,49.3,Clear,39.56
2025-11-28T12:00,2025-11-28,12,5.4,39,0.0,0.0,0.0,0.0,1,Mainly Clear,43,,21.3,50.4,Clear,41.72
2025-11-28T13:00,2025-11-28,13,5.5,38,0.0,0.0,0.0,0.0,1,Mainly Clear,41,,23.1,57.2,Clear,41.9
2025-11-28T14:00,2025-11-28,14,5.7,35,0.0,0.0,0.0,0.0,2,Partly Cloudy,77,,25.9,58.3,Cloudy,42.260000000000005
2025-11-28T15:00,2025-11-28,15,5.1,37,0.0,0.0,0.0,0.0,1,Mainly Clear,37,,24.5,63.4,Clear,41.18
2025-11-28T16:00,2025-11-28,16,4.7,40,0.0,0.0,0.0,0.0,0,Clear,12,,18.4,56.5,Clear,40.46
2025-11-28T17:00,2025-11-28,17,3.7,43,0.0,0.0,0.0,0.0,0,Clear,0,,17.8,42.8,Clear,38.660000000000004
2025-11-28T18:00,2025-11-28,18,3.2,43,0.0,0.0,0.0,0.0,0,Clear,10,,17.8,40.7,Clear,37.76
2025-11-28T19:00,2025-11-28,19,3.0,43,0.0,0.0,0.0,0.0,0,Clear,13,,18.0,40.3,Clear,37.4
2025-11-28T20:00,2025-11-28,20,2.5,47,0.0,0.0,0.0,0.0,0,Clear,5,,17.3,40.7,Clear,36.5
2025-11-28T21:00,2025-11-28,21,2.0,50,0.0,0.0,0.0,0.0,0,Clear,5,,16.9,39.2,Clear,35.6
2025-11-28T22:00,2025-11-28,22,1.6,52,0.0,0.0,0.0,0.0,0,Clear,2,,16.6,38.2,Clear,34.88
2025-11-28T23:00,2025-11-28,23,1.1,55,0.0,0.0,0.0,0.0,0,Clear,8,,16.0,37.4,Clear,33.98
2025-11-29T00:00,2025-11-29,0,0.8,58,0.0,0.0,0.0,0.0,0,Clear,12,,15.7,36.0,Clear,33.44
2025-11-29T01:00,2025-11-29,1,0.8,57,0.0,0.0,0.0,0.0,0,Clear,0,,14.6,35.3,Clear,33.44
2025-11-29T02:00,2025-11-29,2,0.4,60,0.0,0.0,0.0,0.0,0,Clear,0,,13.5,32.0,Clear,32.72
2025-11-29T03:00,2025-11-29,3,0.3,61,0.0,0.0,0.0,0.0,0,Clear,0,,13.4,30.2,Clear,32.54
2025-11-29T04:00,2025-11-29,4,0.2,61,0.0,0.0,0.0,0.0,0,Clear,0,,13.1,29.9,Clear,32.36
2025-11-29T05:00,2025-11-29,5,0.1,61,0.0,0.0,0.0,0.0,0,Clear,0,,12.7,29.2,Clear,32.18
2025-11-29T06:00,2025-11-29,6,-0.2,62,0.0,0.0,0.0,0.0,0,Clear,0,,12.5,28.1,Clear,31.64
2025-11-29T07:00,2025-11-29,7,-0.2,59,0.0,0.0,0.0,0.0,0,Clear,0,,12.9,28.8,Clear,31.64
2025-11-29T08:00,2025-11-29,8,0.3,58,0.0,0.0,0.0,0.0,0,Clear,0,,13.4,29.2,Clear,32.54
2025-11-29T09:00,2025-11-29,9,1.5,56,0.0,0.0,0.0,0.0,0,Clear,0,,9.2,29.5,Clear,34.7
2025-11-29T10:00,2025-11-29,10,2.9,51,0.0,0.0,0.0,0.0,0,Clear,0,,12.0,28.8,Clear,37.22
2025-11-29T11:00,2025-11-29,11,3.8,46,0.0,0.0,0.0,0.0,0,Clear,0,,13.2,33.1,Clear,38.839999999999996
2025-11-29T12:00,2025-11-29,12,4.5,43,0.0,0.0,0.0,0.0,0,Clear,1,,13.0,33.8,Clear,40.1
2025-11-29T13:00,2025-11-29,13,5.6,37,0.0,0.0,0.0,0.0,0,Clear,0,,11.5,32.8,Clear,42.08
2025-11-29T14:00,2025-11-29,14,5.8,35,0.0,0.0,0.0,0.0,0,Clear,0,,11.7,29.9,Clear,42.44
2025-11-29T15:00,2025-11-29,15,5.4,36,0.0,0.0,0.0,0.0,0,Clear,0,,10.2,29.2,Clear,41.72
2025-11-29T16:00,2025-11-29,16,4.5,43,0.0,0.0,0.0,0.0,0,Clear,0,,6.0,23.8,Clear,40.1
2025-11-29T17:00,2025-11-29,17,2.5,56,0.0,0.0,0.0,0.0,2,Partly Cloudy,59,,5.1,13.3,Cloudy,36.5
2025-11-29T18:00,2025-11-29,18,1.9,58,0.0,0.0,0.0,0.0,2,Partly Cloudy,69,,5.8,13.0,Cloudy,35.42
2025-11-29T19:00,2025-11-29,19,1.2,62,0.0,0.0,0.0,0.0,3,Overcast,84,,4.6,13.3,Cloudy,34.16
2025-11-29T20:00,2025-11-29,20,0.6,64,0.0,0.0,0.0,0.0,2,Partly Cloudy,63,,4.6,9.4,Cloudy,33.08
2025-11-29T21:00,2025-11-29,21,-0.1,66,0.0,0.0,0.0,0.0,3,Overcast,100,,4.0,8.6,Cloudy,31.82
2025-11-29T22:00,2025-11-29,22,-0.2,67,0.0,0.0,0.0,0.0,3,Overcast,100,,3.9,7.6,Cloudy,31.64
2025-11-29T23:00,2025-11-29,23,-0.1,67,0.0,0.0,0.0,0.0,3,Overcast,100,,1.8,7.2,Cloudy,31.82
2025-11-30T00:00,2025-11-30,0,-0.3,71,0.0,0.0,0.0,0.0,3,Overcast,100,,2.6,4.7,Cloudy,31.46
2025-11-30T01:00,2025-11-30,1,0.3,67,0.0,0.0,0.0,0.0,3,Overcast,100,,5.8,13.0,Cloudy,32.54
2025-11-30T02:00,2025-11-30,2,0.7,64,0.0,0.0,0.0,0.0,3,Overcast,100,,7.3,15.8,Cloudy,33.26
2025-11-30T03:00,2025-11-30,3,0.7,73,0.0,0.0,0.0,0.0,3,Overcast,100,,2.2,14.4,Cloudy,33.26
2025-11-30T04:00,2025-11-30,4,0.8,75,0.0,0.0,0.0,0.0,3,Overcast,100,,1.4,5.4,Cloudy,33.44
2025-11-30T05:00,2025-11-30,5,0.6,75,0.0,0.0,0.0,0.0,3,Overcast,100,,4.1,5.8,Cloudy,33.08
2025-11-30T06:00,2025-11-30,6,0.9,73,0.0,0.0,0.0,0.0,3,Overcast,100,,5.6,11.9,Cloudy,33.62
2025-11-30T07:00,2025-11-30,7,0.3,81,0.0,0.0,0.0,0.0,3,Overcast,100,,4.1,15.8,Cloudy,32.54
2025-11-30T08:00,2025-11-30,8,1.8,74,0.0,0.0,0.0,0.0,3,Overcast,100,,5.5,9.7,Cloudy,35.24
2025-11-30T09:00,2025-11-30,9,3.2,70,0.0,0.0,0.0,0.0,3,Overcast,100,,6.0,11.5,Cloudy,37.76
2025-11-30T10:00,2025-11-30,10,3.7,72,0.0,0.0,0.0,0.0,3,Overcast,100,,5.3,10.8,Cloudy,38.660000000000004
2025-11-30T11:00,2025-11-30,11,4.3,71,0.3,0.3,0.0,0.0,51,Light Drizzle,100,,9.3,19.1,Rain,39.74
2025-11-30T12:00,2025-11-30,12,4.3,77,0.8,0.8,0.0,0.0,53,Moderate Drizzle,100,,11.9,24.1,Rain,39.74
2025-11-30T13:00,2025-11-30,13,3.9,88,0.6,0.6,0.0,0.0,53,Moderate Drizzle,100,,10.7,25.9,Rain,39.02
2025-11-30T14:00,2025-11-30,14,4.3,88,0.3,0.3,0.0,0.0,51,Light Drizzle,100,,11.5,23.8,Rain,39.74
2025-11-30T15:00,2025-11-30,15,4.4,89,0.4,0.4,0.0,0.0,51,Light Drizzle,100,,10.2,23.0,Rain,39.92
2025-11-30T16:00,2025-11-30,16,4.6,91,0.4,0.4,0.0,0.0,51,Light Drizzle,100,,12.5,24.1,Rain,40.28
2025-11-30T17:00,2025-11-30,17,4.7,92,0.3,0.3,0.0,0.0,51,Light Drizzle,100,,12.1,24.1,Rain,40.46
2025-11-30T18:00,2025-11-30,18,4.9,92,0.2,0.2,0.0,0.0,51,Light Drizzle,100,,12.4,24.8,Rain,40.82
2025-11-30T19:00,2025-11-30,19,4.8,94,0.0,0.0,0.0,0.0,3,Overcast,100,,11.8,24.1,Cloudy,40.64
2025-11-30T20:00,2025-11-30,20,4.8,94,0.0,0.0,0.0,0.0,3,Overcast,100,,12.3,25.2,Cloudy,40.64
2025-11-30T21:00,2025-11-30,21,4.7,95,0.0,0.0,0.0,0.0,3,Overcast,100,,11.9,25.2,Cloudy,40.46
2025-11-30T22:00,2025-11-30,22,3.8,95,0.0,0.0,0.0,0.0,3,Overcast,100,,10.0,24.5,Cloudy,38.839999999999996
2025-11-30T23:00,2025-11-30,23,4.0,90,0.0,0.0,0.0,0.0,3,Overcast,100,,14.8,29.5,Cloudy,39.2
2025-12-01T00:00,2025-12-01,0,3.9,83,0.0,0.0,0.0,0.0,3,Overcast,100,,17.8,37.1,Cloudy,39.02
2025-12-01T01:00,2025-12-01,1,3.7,72,0.0,0.0,0.0,0.0,3,Overcast,98,,17.1,39.2,Cloudy,38.660000000000004
2025-12-01T02:00,2025-12-01,2,3.0,67,0.0,0.0,0.0,0.0,0,Clear,6,,11.4,36.4,Clear,37.4
2025-12-01T03:00,2025-12-01,3,2.7,61,0.0,0.0,0.0,0.0,1,Mainly Clear,27,,13.8,29.2,Clear,36.86
2025-12-01T04:00,2025-12-01,4,2.4,59,0.0,0.0,0.0,0.0,1,Mainly Clear,45,,14.6,32.4,Clear,36.32
2025-12-01T05:00,2025-12-01,5,2.2,61,0.0,0.0,0.0,0.0,1,Mainly Clear,27,,13.4,32.0,Clear,35.96
2025-12-01T06:00,2025-12-01,6,2.0,64,0.0,0.0,0.0,0.0,1,Mainly Clear,23,,10.0,29.2,Clear,35.6
2025-12-01T07:00,2025-12-01,7,2.2,62,0.0,0.0,0.0,0.0,0,Clear,8,,11.5,21.6,Clear,35.96
2025-12-01T08:00,2025-12-01,8,2.9,58,0.0,0.0,0.0,0.0,0,Clear,5,,12.6,27.0,Clear,37.22
2025-12-01T09:00,2025-12-01,9,3.8,48,0.0,0.0,0.0,0.0,0,Clear,9,,15.1,32.4,Clear,38.839999999999996
2025-12-01T10:00,2025-12-01,10,4.1,45,0.0,0.0,0.0,0.0,0,Clear,7,,14.6,36.4,Clear,39.38
2025-12-01T11:00,2025-12-01,11,4.7,42,0.0,0.0,0.0,0.0,0,Clear,0,,13.8,35.6,Clear,40.46
2025-12-01T12:00,2025-12-01,12,5.0,42,0.0,0.0,0.0,0.0,1,Mainly Clear,23,,12.4,34.2,Clear,41.0
2025-12-01T13:00,2025-12-01,13,5.8,35,0.0,0.0,0.0,0.0,0,Clear,16,,11.2,32.4,Clear,42.44
2025-12-01T14:00,2025-12-01,14,6.1,34,0.0,0.0,0.0,0.0,2,Partly Cloudy,63,,10.2,29.2,Cloudy,42.980000000000004
2025-12-01T15:00,2025-12-01,15,5.6,35,0.0,0.0,0.0,0.0,2,Partly Cloudy,52,,9.8,27.0,Cloudy,42.08
2025-12-01T16:00,2025-12-01,16,4.6,41,0.0,0.0,0.0,0.0,3,Overcast,95,,7.3,24.5,Cloudy,40.28
2025-12-01T17:00,2025-12-01,17,3.0,50,0.0,0.0,0.0,0.0,3,Overcast,100,,6.4,16.6,Cloudy,37.4
2025-12-01T18:00,2025-12-01,18,2.3,54,0.0,0.0,0.0,0.0,3,Overcast,100,,7.4,16.6,Cloudy,36.14
2025-12-01T19:00,2025-12-01,19,1.3,64,0.0,0.0,0.0,0.0,3,Overcast,98,,4.6,15.8,Cloudy,34.34
2025-12-01T20:00,2025-12-01,20,0.8,63,0.0,0.0,0.0,0.0,3,Overcast,93,,4.2,9.4,Cloudy,33.44
2025-12-01T21:00,2025-12-01,21,0.1,66,0.0,0.0,0.0,0.0,3,Overcast,83,,4.4,9.7,Cloudy,32.18
2025-12-01T22:00,2025-12-01,22,-0.3,68,0.0,0.0,0.0,0.0,3,Overcast,91,,5.0,10.4,Cloudy,31.46
2025-12-01T23:00,2025-12-01,23,-1.0,73,0.0,0.0,0.0,0.0,3,Overcast,100,,4.8,10.8,Cloudy,30.2
2025-12-02T00:00,2025-12-02,0,-1.1,74,0.0,0.0,0.0,0.0,3,Overcast,100,,1.4,10.4,Cloudy,30.02
2025-12-02T01:00,2025-12-02,1,-1.6,81,0.0,0.0,0.0,0.0,3,Overcast,100,,3.9,8.3,Cloudy,29.12
2025-12-02T02:00,2025-12-02,2,-1.5,78,0.0,0.0,0.0,0.0,3,Overcast,100,,4.1,8.6,Cloudy,29.3
2025-12-02T03:00,2025-12-02,3,-1.4,76,0.0,0.0,0.0,0.0,3,Overcast,100,,4.6,9.4,Cloudy,29.48
2025-12-02T04:00,2025-12-02,4,-0.8,74,0.0,0.0,0.0,0.0,3,Overcast,100,,6.9,14.0,Cloudy,30.56
2025-12-02T05:00,2025-12-02,5,-0.7,76,0.0,0.0,0.0,0.0,3,Overcast,100,,5.6,14.4,Cloudy,30.74
2025-12-02T06:00,2025-12-02,6,-0.3,79,0.0,0.0,0.0,0.0,3,Overcast,100,,3.9,12.2,Cloudy,31.46
2025-12-02T07:00,2025-12-02,7,0.0,82,0.2,0.0,0.14,0.0,71,Slight Snow,100,,5.3,10.8,Snow,32.0
2025-12-02T08:00,2025-12-02,8,0.4,82,0.1,0.1,0.0,0.0,51,Light Drizzle,100,,6.7,13.0,Rain,32.72
2025-12-02T09:00,2025-12-02,9,0.9,84,0.4,0.4,0.0,0.0,51,Light Drizzle,100,,7.8,14.4,Rain,33.62
2025-12-02T10:00,2025-12-02,10,1.0,97,1.6,1.6,0.0,0.0,61,Slight Rain,100,,8.4,17.6,Rain,33.8
2025-12-02T11:00,2025-12-02,11,0.9,100,2.6,2.6,0.0,0.0,63,Moderate Rain,100,,13.7,24.1,Rain,33.62
2025-12-02T12:00,2025-12-02,12,1.4,100,2.2,2.2,0.0,0.0,61,Slight Rain,100,,15.6,26.6,Rain,34.52
2025-12-02T13:00,2025-12-02,13,2.0,100,2.2,2.2,0.0,0.0,61,Slight Rain,100,,17.0,25.9,Rain,35.6
2025-12-02T14:00,2025-12-02,14,3.0,98,2.5,2.5,0.0,0.0,63,Moderate Rain,100,,15.3,30.6,Rain,37.4
2025-12-02T15:00,2025-12-02,15,2.8,97,3.0,3.0,0.0,0.0,63,Moderate Rain,100,,15.2,33.5,Rain,37.04
2025-12-02T16:00,2025-12-02,16,2.7,97,1.8,1.8,0.0,0.0,61,Slight Rain,100,,17.2,34.2,Rain,36.86
2025-12-02T17:00,2025-12-02,17,2.5,95,0.6,0.6,0.0,0.0,53,Moderate Drizzle,100,,16.7,33.8,Rain,36.5
2025-12-02T18:00,2025-12-02,18,2.1,93,0.0,0.0,0.0,0.0,3,Overcast,100,,15.7,35.6,Cloudy,35.78
2025-12-02T19:00,2025-12-02,19,2.4,93,0.0,0.0,0.0,0.0,3,Overcast,100,,14.9,31.7,Cloudy,36.32
2025-12-02T20:00,2025-12-02,20,2.3,92,0.0,0.0,0.0,0.0,3,Overcast,100,,16.1,33.8,Cloudy,36.14
2025-12-02T21:00,2025-12-02,21,2.3,89,0.0,0.0,0.0,0.0,3,Overcast,100,,16.2,34.9,Cloudy,36.14
2025-12-02T22:00,2025-12-02,22,2.2,87,0.0,0.0,0.0,0.0,3,Overcast,100,,14.9,35.3,Cloudy,35.96
2025-12-02T23:00,2025-12-02,23,2.2,84,0.0,0.0,0.0,0.0,3,Overcast,100,,14.1,32.8,Cloudy,35.96
2025-12-03T00:00,2025-12-03,0,2.3,82,0.0,0.0,0.0,0.0,3,Overcast,96,,15.1,33.1,Cloudy,36.14
2025-12-03T01:00,2025-12-03,1,2.0,77,0.0,0.0,0.0,0.0,1,Mainly Clear,45,,17.7,37.8,Clear,35.6
2025-12-03T02:00,2025-12-03,2,1.4,77,0.0,0.0,0.0,0.0,2,Partly Cloudy,75,,17.6,40.0,Cloudy,34.52
2025-12-03T03:00,2025-12-03,3,0.9,75,0.0,0.0,0.0,0.0,1,Mainly Clear,34,,16.0,39.2,Clear,33.62
2025-12-03T04:00,2025-12-03,4,0.2,74,0.0,0.0,0.0,0.0,0,Clear,2,,15.3,35.6,Clear,32.36
2025-12-03T05:00,2025-12-03,5,-0.5,75,0.0,0.0,0.0,0.0,0,Clear,4,,12.5,33.8,Clear,31.1
2025-12-03T06:00,2025-12-03,6,-1.1,77,0.0,0.0,0.0,0.0,0,Clear,0,,10.5,27.0,Clear,30.02
2025-12-03T07:00,2025-12-03,7,-1.3,79,0.0,0.0,0.0,0.0,0,Clear,0,,8.8,22.7,Clear,29.66
2025-12-03T08:00,2025-12-03,8,-1.1,79,0.0,0.0,0.0,0.0,0,Clear,11,,8.4,18.7,Clear,30.02
2025-12-03T09:00,2025-12-03,9,-0.2,71,0.0,0.0,0.0,0.0,3,Overcast,98,,10.0,24.1,Cloudy,31.64
2025-12-03T10:00,2025-12-03,10,0.8,64,0.0,0.0,0.0,0.0,1,Mainly Clear,47,,7.7,24.5,Clear,33.44
2025-12-03T11:00,2025-12-03,11,1.8,59,0.0,0.0,0.0,0.0,0,Clear,15,,8.3,23.4,Clear,35.24
2025-12-03T12:00,2025-12-03,12,2.5,56,0.0,0.0,0.0,0.0,0,Clear,10,,7.5,23.8,Clear,36.5
2025-12-03T13:00,2025-12-03,13,3.8,52,0.0,0.0,0.0,0.0,0,Clear,2,,6.2,22.0,Clear,38.839999999999996
2025-12-03T14:00,2025-12-03,14,4.2,50,0.0,0.0,0.0,0.0,0,Clear,0,,5.5,19.1,Clear,39.56
2025-12-03T15:00,2025-12-03,15,4.2,50,0.0,0.0,0.0,0.0,0,Clear,4,,4.0,16.2,Clear,39.56
2025-12-03T16:00,2025-12-03,16,3.2,62,0.0,0.0,0.0,0.0,3,Overcast,88,,1.2,11.5,Cloudy,37.76
2025-12-03T17:00,2025-12-03,17,1.8,64,0.0,0.0,0.0,0.0,1,Mainly Clear,23,,1.9,3.6,Clear,35.24
2025-12-03T18:00,2025-12-03,18,1.0,68,0.0,0.0,0.0,0.0,0,Clear,15,,5.5,10.4,Clear,33.8
2025-12-03T19:00,2025-12-03,19,0.6,72,0.0,0.0,0.0,0.0,0,Clear,0,,5.9,14.4,Clear,33.08
2025-12-03T20:00,2025-12-03,20,0.1,73,0.0,0.0,0.0,0.0,0,Clear,0,,5.9,12.2,Clear,32.18
2025-12-03T21:00,2025-12-03,21,-0.3,75,0.0,0.0,0.0,0.0,0,Clear,0,,5.8,12.2,Clear,31.46
2025-12-03T22:00,2025-12-03,22,-0.3,76,0.0,0.0,0.0,0.0,0,Clear,0,,6.8,14.4,Clear,31.46
2025-12-03T23:00,2025-12-03,23,-0.6,79,0.0,0.0,0.0,0.0,0,Clear,1,,6.8,14.4,Clear,30.92
2025-12-04T00:00,2025-12-04,0,-0.6,80,0.0,0.0,0.0,0.0,0,Clear,16,,7.8,16.6,Clear,30.92
2025-12-04T01:00,2025-12-04,1,-0.7,77,0.0,0.0,0.0,0.0,1,Mainly Clear,33,,7.8,16.2,Clear,30.74
2025-12-04T02:00,2025-12-04,2,-0.8,78,0.0,0.0,0.0,0.0,0,Clear,2,,7.5,16.9,Clear,30.56
2025-12-04T03:00,2025-12-04,3,-0.8,78,0.0,0.0,0.0,0.0,0,Clear,0,,8.5,18.7,Clear,30.56
2025-12-04T04:00,2025-12-04,4,-0.9,79,0.0,0.0,0.0,0.0,0,Clear,0,,8.7,18.7,Clear,30.38
2025-12-04T05:00,2025-12-04,5,-1.0,80,0.0,0.0,0.0,0.0,0,Clear,4,,8.9,19.8,Clear,30.2
2025-12-04T06:00,2025-12-04,6,-1.2,80,0.0,0.0,0.0,0.0,0,Clear,18,,8.4,19.1,Clear,29.84
2025-12-04T07:00,2025-12-04,7,-0.9,77,0.0,0.0,0.0,0.0,3,Overcast,100,,9.2,18.4,Cloudy,30.38
2025-12-04T08:00,2025-12-04,8,-0.2,80,0.0,0.0,0.0,0.0,3,Overcast,88,,9.7,19.4,Cloudy,31.64
2025-12-04T09:00,2025-12-04,9,0.8,75,0.0,0.0,0.0,0.0,3,Overcast,100,,8.1,19.4,Cloudy,33.44
2025-12-04T10:00,2025-12-04,10,1.4,74,0.0,0.0,0.0,0.0,3,Overcast,100,,8.3,19.4,Cloudy,34.52
2025-12-04T11:00,2025-12-04,11,1.9,73,0.1,0.0,0.07,0.0,71,Slight Snow,73,,9.8,23.4,Snow,35.42
2025-12-04T12:00,2025-12-04,12,3.8,66,0.0,0.0,0.0,0.0,0,Clear,13,,11.0,28.4,Clear,38.839999999999996
2025-12-04T13:00,2025-12-04,13,5.1,54,0.0,0.0,0.0,0.0,1,Mainly Clear,21,,19.4,48.2,Clear,41.18
2025-12-04T14:00,2025-12-04,14,5.4,48,0.0,0.0,0.0,0.0,1,Mainly Clear,20,,18.6,45.7,Clear,41.72
2025-12-04T15:00,2025-12-04,15,4.6,51,0.0,0.0,0.0,0.0,3,Overcast,80,,19.8,51.8,Cloudy,40.28
2025-12-04T16:00,2025-12-04,16,3.8,54,0.0,0.0,0.0,0.0,1,Mainly Clear,29,,14.9,51.5,Clear,38.839999999999996
2025-12-04T17:00,2025-12-04,17,2.3,53,0.0,0.0,0.0,0.0,0,Clear,19,,20.4,43.9,Clear,36.14
2025-12-04T18:00,2025-12-04,18,0.6,54,0.0,0.0,0.0,0.0,1,Mainly Clear,31,,17.3,51.8,Clear,33.08
2025-12-04T19:00,2025-12-04,19,-0.1,46,0.0,0.0,0.0,0.0,0,Clear,0,,16.9,39.6,Clear,31.82
2025-12-04T20:00,2025-12-04,20,-0.9,50,0.0,0.0,0.0,0.0,0,Clear,0,,15.8,37.1,Clear,30.38
2025-12-04T21:00,2025-12-04,21,-2.3,50,0.0,0.0,0.0,0.0,0,Clear,2,,16.6,40.0,Clear,27.86
2025-12-04T22:00,2025-12-04,22,-3.4,49,0.0,0.0,0.0,0.0,0,Clear,0,,17.1,39.6,Clear,25.880000000000003
2025-12-04T23:00,2025-12-04,23,-4.5,49,0.0,0.0,0.0,0.0,0,Clear,0,,14.5,39.2,Clear,23.9
2025-12-05T00:00,2025-12-05,0,-5.1,50,0.0,0.0,0.0,0.0,0,Clear,0,,12.2,33.1,Clear,22.82
2025-12-05T01:00,2025-12-05,1,-4.7,46,0.0,0.0,0.0,0.0,0,Clear,2,,8.6,28.1,Clear,23.54
2025-12-05T02:00,2025-12-05,2,-4.8,50,0.0,0.0,0.0,0.0,3,Overcast,91,,5.3,19.1,Cloudy,23.36
2025-12-05T03:00,2025-12-05,3,-4.8,50,0.0,0.0,0.0,0.0,3,Overcast,97,,5.1,13.3,Cloudy,23.36
2025-12-05T04:00,2025-12-05,4,-4.9,51,0.0,0.0,0.0,0.0,3,Overcast,86,,5.5,13.7,Cloudy,23.18
2025-12-05T05:00,2025-12-05,5,-5.7,51,0.0,0.0,0.0,0.0,3,Overcast,94,,8.4,20.5,Cloudy,21.74
2025-12-05T06:00,2025-12-05,6,-6.3,46,0.0,0.0,0.0,0.0,0,Clear,0,,7.6,21.2,Clear,20.66
2025-12-05T07:00,2025-12-05,7,-6.7,50,0.0,0.0,0.0,0.0,0,Clear,2,,7.6,20.2,Clear,19.939999999999998
2025-12-05T08:00,2025-12-05,8,-6.7,47,0.0,0.0,0.0,0.0,0,Clear,5,,7.0,19.4,Clear,19.939999999999998
2025-12-05T09:00,2025-12-05,9,-5.7,39,0.0,0.0,0.0,0.0,0,Clear,1,,5.7,20.2,Clear,21.74
2025-12-05T10:00,2025-12-05,10,-4.5,36,0.0,0.0,0.0,0.0,0,Clear,0,,4.3,18.4,Clear,23.9
2025-12-05T11:00,2025-12-05,11,-3.5,40,0.0,0.0,0.0,0.0,0,Clear,6,,5.5,20.2,Clear,25.7
2025-12-05T12:00,2025-12-05,12,-2.0,54,0.0,0.0,0.0,0.0,3,Overcast,100,,6.6,20.9,Cloudy,28.4
2025-12-05T13:00,2025-12-05,13,-2.0,59,0.0,0.0,0.0,0.0,3,Overcast,100,,5.9,21.2,Cloudy,28.4
2025-12-05T14:00,2025-12-05,14,-1.4,64,0.0,0.0,0.0,0.0,3,Overcast,100,,5.2,16.2,Cloudy,29.48
2025-12-05T15:00,2025-12-05,15,-0.9,66,0.0,0.0,0.0,0.0,3,Overcast,100,,5.1,15.1,Cloudy,30.38
2025-12-05T16:00,2025-12-05,16,-0.8,70,0.0,0.0,0.0,0.0,3,Overcast,100,,5.1,14.0,Cloudy,30.56
2025-12-05T17:00,2025-12-05,17,-1.1,73,0.0,0.0,0.0,0.0,3,Overcast,100,,5.6,13.3,Cloudy,30.02
2025-12-05T18:00,2025-12-05,18,-1.5,76,0.0,0.0,0.0,0.0,3,Overcast,100,,5.6,14.4,Cloudy,29.3
2025-12-05T19:00,2025-12-05,19,-1.8,68,0.0,0.0,0.0,0.0,3,Overcast,100,,3.9,12.6,Cloudy,28.76
2025-12-05T20:00,2025-12-05,20,-1.8,69,0.0,0.0,0.0,0.0,3,Overcast,100,,4.6,10.4,Cloudy,28.76
2025-12-05T21:00,2025-12-05,21,-1.7,67,0.0,0.0,0.0,0.0,3,Overcast,100,,5.7,12.6,Cloudy,28.94
2025-12-05T22:00,2025-12-05,22,-1.6,64,0.0,0.0,0.0,0.0,3,Overcast,100,,5.7,13.0,Cloudy,29.12
2025-12-05T23:00,2025-12-05,23,-1.6,63,0.0,0.0,0.0,0.0,3,Overcast,100,,6.7,13.7,Cloudy,29.12
2025-12-06T00:00,2025-12-06,0,-1.6,65,0.0,0.0,0.0,0.0,3,Overcast,100,,5.9,13.7,Cloudy,29.12
2025-12-06T01:00,2025-12-06,1,-1.8,68,0.0,0.0,0.0,0.0,3,Overcast,100,,4.5,11.9,Cloudy,28.76
2025-12-06T02:00,2025-12-06,2,-1.6,69,0.0,0.0,0.0,0.0,3,Overcast,100,,4.8,11.2,Cloudy,29.12
2025-12-06T03:00,2025-12-06,3,-1.5,70,0.0,0.0,0.0,0.0,3,Overcast,100,,4.8,11.5,Cloudy,29.3
2025-12-06T04:00,2025-12-06,4,-1.4,75,0.0,0.0,0.0,0.0,3,Overcast,100,,6.1,13.7,Cloudy,29.48
2025-12-06T05:00,2025-12-06,5,-1.4,85,0.1,0.0,0.07,0.0,71,Slight Snow,100,,5.3,14.4,Snow,29.48
2025-12-06T06:00,2025-12-06,6,-1.1,90,0.2,0.0,0.14,0.0,71,Slight Snow,100,,4.0,12.2,Snow,30.02
2025-12-06T07:00,2025-12-06,7,-1.5,87,0.1,0.0,0.07,0.0,71,Slight Snow,100,,3.6,9.4,Snow,29.3
2025-12-06T08:00,2025-12-06,8,-1.2,87,0.0,0.0,0.0,0.0,3,Overcast,100,,0.9,8.6,Cloudy,29.84
2025-12-06T09:00,2025-12-06,9,-0.4,84,0.0,0.0,0.0,0.0,3,Overcast,100,,1.6,7.2,Cloudy,31.28
2025-12-06T10:00,2025-12-06,10,0.9,77,0.0,0.0,0.0,0.0,3,Overcast,100,,2.9,10.4,Cloudy,33.62
2025-12-06T11:00,2025-12-06,11,2.4,70,0.0,0.0,0.0,0.0,3,Overcast,100,,4.1,13.7,Cloudy,36.32
2025-12-06T12:00,2025-12-06,12,3.8,67,0.0,0.0,0.0,0.0,3,Overcast,100,,5.8,17.6,Cloudy,38.839999999999996
2025-12-06T13:00,2025-12-06,13,4.0,70,0.0,0.0,0.0,0.0,3,Overcast,87,,6.7,20.5,Cloudy,39.2
2025-12-06T14:00,2025-12-06,14,4.3,69,0.0,0.0,0.0,0.0,2,Partly Cloudy,53,,7.5,19.4,Cloudy,39.74
2025-12-06T15:00,2025-12-06,15,4.2,69,0.0,0.0,0.0,0.0,1,Mainly Clear,40,,8.4,20.2,Clear,39.56
2025-12-06T16:00,2025-12-06,16,2.8,75,0.0,0.0,0.0,0.0,3,Overcast,100,,5.9,18.4,Cloudy,37.04
2025-12-06T17:00,2025-12-06,17,1.7,75,0.0,0.0,0.0,0.0,3,Overcast,99,,7.2,14.0,Cloudy,35.06
2025-12-06T18:00,2025-12-06,18,1.2,74,0.0,0.0,0.0,0.0,0,Clear,11,,8.8,18.4,Clear,34.16
2025-12-06T19:00,2025-12-06,19,1.3,74,0.0,0.0,0.0,0.0,0,Clear,7,,9.7,18.7,Clear,34.34
2025-12-06T20:00,2025-12-06,20,0.7,76,0.0,0.0,0.0,0.0,0,Clear,1,,8.8,20.2,Clear,33.26
2025-12-06T21:00,2025-12-06,21,0.3,76,0.0,0.0,0.0,0.0,0,Clear,0,,7.7,18.0,Clear,32.54
2025-12-06T22:00,2025-12-06,22,0.1,76,0.0,0.0,0.0,0.0,0,Clear,0,,7.2,15.8,Clear,32.18
2025-12-06T23:00,2025-12-06,23,-0.4,78,0.0,0.0,0.0,0.0,0,Clear,0,,5.9,14.8,Clear,31.28
2025-12-07T00:00,2025-12-07,0,-0.9,80,0.0,0.0,0.0,0.0,0,Clear,5,,5.4,12.2,Clear,30.38
2025-12-07T01:00,2025-12-07,1,-0.9,78,0.0,0.0,0.0,0.0,0,Clear,19,,5.5,11.2,Clear,30.38
2025-12-07T02:00,2025-12-07,2,-1.1,79,0.0,0.0,0.0,0.0,3,Overcast,98,,5.2,11.5,Cloudy,30.02
2025-12-07T03:00,2025-12-07,3,-0.8,80,0.0,0.0,0.0,0.0,3,Overcast,89,,4.5,10.1,Cloudy,30.56
2025-12-07T04:00,2025-12-07,4,-1.2,82,0.0,0.0,0.0,0.0,0,Clear,2,,4.7,9.0,Clear,29.84
2025-12-07T05:00,2025-12-07,5,-1.5,83,0.0,0.0,0.0,0.0,2,Partly Cloudy,58,,4.9,9.4,Cloudy,29.3
2025-12-07T06:00,2025-12-07,6,-1.7,83,0.0,0.0,0.0,0.0,3,Overcast,80,,4.6,9.4,Cloudy,28.94
2025-12-07T07:00,2025-12-07,7,-1.3,81,0.0,0.0,0.0,0.0,3,Overcast,100,,4.4,8.6,Cloudy,29.66
2025-12-07T08:00,2025-12-07,8,-0.2,76,0.0,0.0,0.0,0.0,3,Overcast,100,,3.6,8.6,Cloudy,31.64
2025-12-07T09:00,2025-12-07,9,1.7,66,0.0,0.0,0.0,0.0,1,Mainly Clear,20,,3.9,10.4,Clear,35.06
2025-12-07T10:00,2025-12-07,10,3.9,59,0.0,0.0,0.0,0.0,0,Clear,5,,2.8,11.9,Clear,39.02
2025-12-07T11:00,2025-12-07,11,4.7,50,0.0,0.0,0.0,0.0,1,Mainly Clear,49,,2.1,12.6,Clear,40.46
2025-12-07T12:00,2025-12-07,12,5.1,50,0.0,0.0,0.0,0.0,3,Overcast,94,,4.8,14.8,Cloudy,41.18
2025-12-07T13:00,2025-12-07,13,5.0,51,0.0,0.0,0.0,0.0,3,Overcast,95,,9.9,25.9,Cloudy,41.0
2025-12-07T14:00,2025-12-07,14,4.8,54,0.0,0.0,0.0,0.0,3,Overcast,80,,11.8,28.8,Cloudy,40.64
2025-12-07T15:00,2025-12-07,15,4.7,55,0.0,0.0,0.0,0.0,3,Overcast,90,,11.2,28.1,Cloudy,40.46
2025-12-07T16:00,2025-12-07,16,3.8,62,0.0,0.0,0.0,0.0,2,Partly Cloudy,55,,7.3,25.2,Cloudy,38.839999999999996
2025-12-07T17:00,2025-12-07,17,2.0,71,0.0,0.0,0.0,0.0,0,Clear,12,,5.7,16.2,Clear,35.6
2025-12-07T18:00,2025-12-07,18,1.2,74,0.0,0.0,0.0,0.0,0,Clear,10,,6.1,12.6,Clear,34.16
2025-12-07T19:00,2025-12-07,19,1.9,65,0.0,0.0,0.0,0.0,1,Mainly Clear,33,,10.3,13.3,Clear,35.42
2025-12-07T20:00,2025-12-07,20,2.2,67,0.0,0.0,0.0,0.0,3,Overcast,80,,10.7,23.4,Cloudy,35.96
2025-12-07T21:00,2025-12-07,21,2.5,69,0.0,0.0,0.0,0.0,0,Clear,7,,9.9,22.7,Clear,36.5
2025-12-07T22:00,2025-12-07,22,2.1,73,0.0,0.0,0.0,0.0,0,Clear,8,,8.6,21.2,Clear,35.78
2025-12-07T23:00,2025-12-07,23,1.0,78,0.0,0.0,0.0,0.0,0,Clear,0,,6.7,18.0,Clear,33.8
2025-12-08T00:00,2025-12-08,0,0.6,80,0.0,0.0,0.0,0.0,1,Mainly Clear,24,,7.3,14.8,Clear,33.08
2025-12-08T01:00,2025-12-08,1,1.4,75,0.0,0.0,0.0,0.0,2,Partly Cloudy,64,,10.4,24.5,Cloudy,34.52
2025-12-08T02:00,2025-12-08,2,1.8,73,0.0,0.0,0.0,0.0,0,Clear,5,,11.8,25.9,Clear,35.24
2025-12-08T03:00,2025-12-08,3,1.0,66,0.0,0.0,0.0,0.0,2,Partly Cloudy,55,,14.5,33.1,Cloudy,33.8
2025-12-08T04:00,2025-12-08,4,-0.2,64,0.0,0.0,0.0,0.0,3,Overcast,98,,15.3,35.6,Cloudy,31.64
2025-12-08T05:00,2025-12-08,5,-1.2,59,0.0,0.0,0.0,0.0,3,Overcast,98,,14.6,34.6,Cloudy,29.84
2025-12-08T06:00,2025-12-08,6,-2.3,56,0.0,0.0,0.0,0.0,3,Overcast,84,,15.2,34.9,Cloudy,27.86
2025-12-08T07:00,2025-12-08,7,-1.7,53,0.0,0.0,0.0,0.0,1,Mainly Clear,20,,12.4,34.9,Clear,28.94
2025-12-08T08:00,2025-12-08,8,-1.8,55,0.0,0.0,0.0,0.0,3,Overcast,100,,12.8,29.9,Cloudy,28.76
2025-12-08T09:00,2025-12-08,9,-1.5,43,0.0,0.0,0.0,0.0,3,Overcast,100,,18.6,42.8,Cloudy,29.3
2025-12-08T10:00,2025-12-08,10,-2.3,38,0.0,0.0,0.0,0.0,3,Overcast,100,,17.2,45.4,Cloudy,27.86
2025-12-08T11:00,2025-12-08,11,-2.7,34,0.0,0.0,0.0,0.0,3,Overcast,100,,15.1,41.4,Cloudy,27.14
2025-12-08T12:00,2025-12-08,12,-2.7,33,0.0,0.0,0.0,0.0,3,Overcast,100,,13.5,37.4,Cloudy,27.14
2025-12-08T13:00,2025-12-08,13,-2.0,27,0.0,0.0,0.0,0.0,3,Overcast,100,,13.5,36.0,Cloudy,28.4
2025-12-08T14:00,2025-12-08,14,-2.0,27,0.0,0.0,0.0,0.0,3,Overcast,100,,13.2,34.2,Cloudy,28.4
2025-12-08T15:00,2025-12-08,15,-2.6,27,0.0,0.0,0.0,0.0,3,Overcast,100,,14.3,34.6,Cloudy,27.32
2025-12-08T16:00,2025-12-08,16,-3.2,29,0.0,0.0,0.0,0.0,3,Overcast,100,,11.9,33.8,Cloudy,26.240000000000002
2025-12-08T17:00,2025-12-08,17,-3.8,35,0.0,0.0,0.0,0.0,3,Overcast,100,,10.7,27.0,Cloudy,25.16
2025-12-08T18:00,2025-12-08,18,-3.9,35,0.0,0.0,0.0,0.0,3,Overcast,100,,10.8,25.6,Cloudy,24.98
2025-12-08T19:00,2025-12-08,19,-3.8,37,0.0,0.0,0.0,0.0,3,Overcast,100,,7.8,24.1,Cloudy,25.16
2025-12-08T20:00,2025-12-08,20,-4.1,41,0.0,0.0,0.0,0.0,3,Overcast,100,,5.6,16.6,Cloudy,24.62
2025-12-08T21:00,2025-12-08,21,-4.2,43,0.0,0.0,0.0,0.0,3,Overcast,100,,4.5,13.3,Cloudy,24.439999999999998
2025-12-08T22:00,2025-12-08,22,-4.4,44,0.0,0.0,0.0,0.0,3,Overcast,100,,7.1,16.2,Cloudy,24.08
2025-12-08T23:00,2025-12-08,23,-5.1,39,0.0,0.0,0.0,0.0,0,Clear,2,,10.9,25.2,Clear,22.82
2025-12-09T00:00,2025-12-09,0,-5.9,38,0.0,0.0,0.0,0.0,1,Mainly Clear,40,,9.7,25.2,Clear,21.38
2025-12-09T01:00,2025-12-09,1,-6.7,42,0.0,0.0,0.0,0.0,2,Partly Cloudy,63,,8.1,22.0,Cloudy,19.939999999999998
2025-12-09T02:00,2025-12-09,2,-6.9,45,0.0,0.0,0.0,0.0,3,Overcast,99,,8.1,19.4,Cloudy,19.58
2025-12-09T03:00,2025-12-09,3,-6.9,45,0.0,0.0,0.0,0.0,3,Overcast,100,,8.3,20.2,Cloudy,19.58
2025-12-09T04:00,2025-12-09,4,-6.9,46,0.0,0.0,0.0,0.0,1,Mainly Clear,34,,7.4,20.2,Clear,19.58
2025-12-09T05:00,2025-12-09,5,-7.1,47,0.0,0.0,0.0,0.0,0,Clear,4,,6.7,18.0,Clear,19.22
2025-12-09T06:00,2025-12-09,6,-7.2,49,0.0,0.0,0.0,0.0,0,Clear,0,,5.9,16.2,Clear,19.04
2025-12-09T07:00,2025-12-09,7,-7.4,49,0.0,0.0,0.0,0.0,0,Clear,0,,2.8,14.0,Clear,18.68
2025-12-09T08:00,2025-12-09,8,-7.3,50,0.0,0.0,0.0,0.0,0,Clear,0,,1.0,6.8,Clear,18.86
2025-12-09T09:00,2025-12-09,9,-6.3,45,0.0,0.0,0.0,0.0,0,Clear,0,,0.5,9.4,Clear,20.66
2025-12-09T10:00,2025-12-09,10,-4.8,39,0.0,0.0,0.0,0.0,0,Clear,0,,0.7,11.2,Clear,23.36
2025-12-09T11:00,2025-12-09,11,-3.3,29,0.0,0.0,0.0,0.0,0,Clear,3,,4.5,18.0,Clear,26.060000000000002
2025-12-09T12:00,2025-12-09,12,-2.2,25,0.0,0.0,0.0,0.0,1,Mainly Clear,43,,7.1,23.0,Clear,28.04
2025-12-09T13:00,2025-12-09,13,-1.4,36,0.0,0.0,0.0,0.0,3,Overcast,95,,8.7,25.2,Cloudy,29.48
2025-12-09T14:00,2025-12-09,14,-0.8,36,0.0,0.0,0.0,0.0,3,Overcast,100,,8.3,26.6,Cloudy,30.56
2025-12-09T15:00,2025-12-09,15,-0.6,25,0.0,0.0,0.0,0.0,3,Overcast,89,,7.9,23.0,Cloudy,30.92
2025-12-09T16:00,2025-12-09,16,-0.9,28,0.0,0.0,0.0,0.0,3,Overcast,98,,8.1,21.2,Cloudy,30.38
2025-12-09T17:00,2025-12-09,17,-1.5,33,0.0,0.0,0.0,0.0,2,Partly Cloudy,52,,8.3,19.8,Cloudy,29.3
2025-12-09T18:00,2025-12-09,18,-1.5,35,0.0,0.0,0.0,0.0,3,Overcast,100,,9.5,20.2,Cloudy,29.3
2025-12-09T19:00,2025-12-09,19,-0.6,39,0.0,0.0,0.0,0.0,3,Overcast,100,,13.8,25.2,Cloudy,30.92
2025-12-09T20:00,2025-12-09,20,-0.6,52,0.0,0.0,0.0,0.0,3,Overcast,99,,14.9,32.8,Cloudy,30.92
2025-12-09T21:00,2025-12-09,21,-0.8,63,0.0,0.0,0.0,0.0,3,Overcast,100,,15.8,34.9,Cloudy,30.56
2025-12-09T22:00,2025-12-09,22,-0.3,67,0.0,0.0,0.0,0.0,3,Overcast,100,,14.8,34.6,Cloudy,31.46
2025-12-09T23:00,2025-12-09,23,-0.2,67,0.0,0.0,0.0,0.0,3,Overcast,100,,14.8,33.1,Cloudy,31.64
2025-12-10T00:00,2025-12-10,0,-0.1,68,0.0,0.0,0.0,0.0,3,Overcast,100,,14.7,32.8,Cloudy,31.82
2025-12-10T01:00,2025-12-10,1,0.3,66,0.0,0.0,0.0,0.0,3,Overcast,100,,15.8,33.8,Cloudy,32.54
2025-12-10T02:00,2025-12-10,2,0.3,69,0.0,0.0,0.0,0.0,3,Overcast,100,,14.9,34.9,Cloudy,32.54
2025-12-10T03:00,2025-12-10,3,0.1,73,0.0,0.0,0.0,0.0,3,Overcast,100,,12.4,32.8,Cloudy,32.18
2025-12-10T04:00,2025-12-10,4,0.1,75,0.0,0.0,0.0,0.0,3,Overcast,100,,11.5,27.0,Cloudy,32.18
2025-12-10T05:00,2025-12-10,5,-0.2,79,0.0,0.0,0.0,0.0,3,Overcast,100,,10.3,25.2,Cloudy,31.64
2025-12-10T06:00,2025-12-10,6,-0.1,81,0.0,0.0,0.0,0.0,3,Overcast,94,,9.2,22.3,Cloudy,31.82
2025-12-10T07:00,2025-12-10,7,-0.6,81,0.0,0.0,0.0,0.0,3,Overcast,95,,8.3,21.6,Cloudy,30.92
2025-12-10T08:00,2025-12-10,8,-0.4,81,0.0,0.0,0.0,0.0,3,Overcast,100,,9.2,18.7,Cloudy,31.28
2025-12-10T09:00,2025-12-10,9,0.6,80,0.0,0.0,0.0,0.0,3,Overcast,99,,9.4,21.2,Cloudy,33.08
2025-12-10T10:00,2025-12-10,10,2.2,75,0.0,0.0,0.0,0.0,3,Overcast,100,,11.7,29.2,Cloudy,35.96
2025-12-10T11:00,2025-12-10,11,3.0,74,0.0,0.0,0.0,0.0,3,Overcast,100,,11.4,29.2,Cloudy,37.4
2025-12-10T12:00,2025-12-10,12,4.3,72,0.0,0.0,0.0,0.0,3,Overcast,100,,9.2,27.7,Cloudy,39.74
2025-12-10T13:00,2025-12-10,13,5.7,67,0.0,0.0,0.0,0.0,3,Overcast,100,,7.8,23.4,Cloudy,42.260000000000005
2025-12-10T14:00,2025-12-10,14,5.9,68,0.0,0.0,0.0,0.0,3,Overcast,100,,6.3,19.1,Cloudy,42.620000000000005
2025-12-10T15:00,2025-12-10,15,6.4,71,0.0,0.0,0.0,0.0,3,Overcast,100,,10.1,15.8,Cloudy,43.519999999999996
2025-12-10T16:00,2025-12-10,16,6.4,69,0.3,0.3,0.0,0.0,51,Light Drizzle,100,,15.0,32.0,Rain,43.519999999999996
2025-12-10T17:00,2025-12-10,17,5.8,75,0.3,0.3,0.0,0.0,51,Light Drizzle,100,,17.7,38.2,Rain,42.44
2025-12-10T18:00,2025-12-10,18,5.1,83,1.0,1.0,0.0,0.0,55,Dense Drizzle,100,,18.3,40.3,Rain,41.18
2025-12-10T19:00,2025-12-10,19,3.8,93,0.8,0.8,0.0,0.0,53,Moderate Drizzle,100,,15.9,38.5,Rain,38.839999999999996
2025-12-10T20:00,2025-12-10,20,4.1,91,0.6,0.6,0.0,0.0,53,Moderate Drizzle,100,,16.0,33.8,Rain,39.38
2025-12-10T21:00,2025-12-10,21,4.3,90,0.1,0.1,0.0,0.0,51,Light Drizzle,100,,15.8,32.4,Rain,39.74
2025-12-10T22:00,2025-12-10,22,4.2,90,0.0,0.0,0.0,0.0,3,Overcast,90,,14.9,32.8,Cloudy,39.56
2025-12-10T23:00,2025-12-10,23,3.6,92,0.0,0.0,0.0,0.0,0,Clear,8,,13.3,30.6,Clear,38.48
2025-12-11T00:00,2025-12-11,0,3.2,92,0.0,0.0,0.0,0.0,0,Clear,8,,13.3,27.0,Clear,37.76
2025-12-11T01:00,2025-12-11,1,3.8,85,0.0,0.0,0.0,0.0,0,Clear,8,,17.3,30.6,Clear,38.839999999999996
2025-12-11T02:00,2025-12-11,2,4.0,80,0.0,0.0,0.0,0.0,0,Clear,16,,17.7,37.8,Clear,39.2
2025-12-11T03:00,2025-12-11,3,3.3,81,0.0,0.0,0.0,0.0,0,Clear,5,,17.8,39.6,Clear,37.94
2025-12-11T04:00,2025-12-11,4,2.7,75,0.0,0.0,0.0,0.0,1,Mainly Clear,35,,19.8,43.2,Clear,36.86
2025-12-11T05:00,2025-12-11,5,1.2,71,0.0,0.0,0.0,0.0,1,Mainly Clear,28,,19.4,43.6,Clear,34.16
2025-12-11T06:00,2025-12-11,6,-0.6,65,0.0,0.0,0.0,0.0,1,Mainly Clear,23,,18.9,54.4,Clear,30.92
2025-12-11T07:00,2025-12-11,7,0.2,57,0.0,0.0,0.0,0.0,3,Overcast,95,,17.1,41.8,Cloudy,32.36
2025-12-11T08:00,2025-12-11,8,0.3,58,0.0,0.0,0.0,0.0,3,Overcast,100,,11.7,38.2,Cloudy,32.54
2025-12-11T09:00,2025-12-11,9,0.1,40,0.0,0.0,0.0,0.0,3,Overcast,91,,21.4,47.9,Cloudy,32.18
2025-12-11T10:00,2025-12-11,10,-0.3,36,0.0,0.0,0.0,0.0,2,Partly Cloudy,58,,21.5,53.3,Cloudy,31.46
2025-12-11T11:00,2025-12-11,11,0.1,37,0.0,0.0,0.0,0.0,3,Overcast,80,,18.7,50.4,Cloudy,32.18
2025-12-11T12:00,2025-12-11,12,0.7,36,0.0,0.0,0.0,0.0,0,Clear,1,,17.5,45.0,Clear,33.26
2025-12-11T13:00,2025-12-11,13,1.6,34,0.0,0.0,0.0,0.0,2,Partly Cloudy,62,,24.1,54.4,Cloudy,34.88
2025-12-11T14:00,2025-12-11,14,1.9,35,0.0,0.0,0.0,0.0,3,Overcast,95,,24.0,58.7,Cloudy,35.42
2025-12-11T15:00,2025-12-11,15,1.3,36,0.0,0.0,0.0,0.0,2,Partly Cloudy,62,,23.3,55.4,Cloudy,34.34
2025-12-11T16:00,2025-12-11,16,0.8,39,0.0,0.0,0.0,0.0,3,Overcast,100,,17.7,54.0,Cloudy,33.44
2025-12-11T17:00,2025-12-11,17,0.2,45,0.0,0.0,0.0,0.0,2,Partly Cloudy,73,,14.5,40.7,Cloudy,32.36
2025-12-11T18:00,2025-12-11,18,-0.5,51,0.0,0.0,0.0,0.0,0,Clear,12,,16.7,38.2,Clear,31.1
2025-12-11T19:00,2025-12-11,19,-1.4,58,0.0,0.0,0.0,0.0,1,Mainly Clear,30,,14.9,38.5,Clear,29.48
2025-12-11T20:00,2025-12-11,20,-1.8,61,0.0,0.0,0.0,0.0,1,Mainly Clear,34,,14.4,33.8,Clear,28.76
2025-12-11T21:00,2025-12-11,21,-2.1,61,0.0,0.0,0.0,0.0,0,Clear,6,,14.0,32.4,Clear,28.22
2025-12-11T22:00,2025-12-11,22,-2.2,61,0.0,0.0,0.0,0.0,3,Overcast,92,,14.0,31.3,Cloudy,28.04
2025-12-11T23:00,2025-12-11,23,-2.4,60,0.0,0.0,0.0,0.0,0,Clear,1,,14.5,33.1,Clear,27.68
2025-12-12T00:00,2025-12-12,0,-2.7,57,0.0,0.0,0.0,0.0,0,Clear,9,,15.0,34.9,Clear,27.14
2025-12-12T01:00,2025-12-12,1,-2.3,52,0.0,0.0,0.0,0.0,0,Clear,15,,13.9,34.2,Clear,27.86
2025-12-12T02:00,2025-12-12,2,-2.7,50,0.0,0.0,0.0,0.0,0,Clear,2,,13.3,31.3,Clear,27.14
2025-12-12T03:00,2025-12-12,3,-3.0,50,0.0,0.0,0.0,0.0,0,Clear,1,,11.6,30.2,Clear,26.6
2025-12-12T04:00,2025-12-12,4,-3.4,53,0.0,0.0,0.0,0.0,0,Clear,0,,11.6,26.6,Clear,25.880000000000003
2025-12-12T05:00,2025-12-12,5,-4.2,51,0.0,0.0,0.0,0.0,0,Clear,0,,14.9,33.5,Clear,24.439999999999998
2025-12-12T06:00,2025-12-12,6,-4.8,50,0.0,0.0,0.0,0.0,0,Clear,0,,14.7,37.4,Clear,23.36
2025-12-12T07:00,2025-12-12,7,-4.1,45,0.0,0.0,0.0,0.0,0,Clear,0,,14.1,33.8,Clear,24.62
2025-12-12T08:00,2025-12-12,8,-4.1,48,0.0,0.0,0.0,0.0,0,Clear,0,,12.3,31.7,Clear,24.62
2025-12-12T09:00,2025-12-12,9,-3.3,44,0.0,0.0,0.0,0.0,0,Clear,0,,15.2,36.0,Clear,26.060000000000002
2025-12-12T10:00,2025-12-12,10,-2.3,42,0.0,0.0,0.0,0.0,0,Clear,0,,15.8,38.9,Clear,27.86
2025-12-12T11:00,2025-12-12,11,-1.3,40,0.0,0.0,0.0,0.0,0,Clear,0,,16.0,39.2,Clear,29.66
2025-12-12T12:00,2025-12-12,12,-0.2,37,0.0,0.0,0.0,0.0,0,Clear,0,,16.1,40.0,Clear,31.64
2025-12-12T13:00,2025-12-12,13,0.9,35,0.0,0.0,0.0,0.0,0,Clear,0,,16.0,40.3,Clear,33.62
2025-12-12T14:00,2025-12-12,14,1.5,36,0.0,0.0,0.0,0.0,0,Clear,0,,15.5,39.6,Clear,34.7
2025-12-12T15:00,2025-12-12,15,1.5,38,0.0,0.0,0.0,0.0,0,Clear,0,,14.5,37.4,Clear,34.7
2025-12-12T16:00,2025-12-12,16,0.7,43,0.0,0.0,0.0,0.0,0,Clear,0,,11.5,33.8,Clear,33.26
2025-12-12T17:00,2025-12-12,17,-0.4,49,0.0,0.0,0.0,0.0,0,Clear,0,,9.5,25.9,Clear,31.28
2025-12-12T18:00,2025-12-12,18,-1.1,54,0.0,0.0,0.0,0.0,0,Clear,0,,9.6,20.9,Clear,30.02
2025-12-12T19:00,2025-12-12,19,-1.5,52,0.0,0.0,0.0,0.0,0,Clear,0,,9.8,20.5,Clear,29.3
2025-12-12T20:00,2025-12-12,20,-1.8,55,0.0,0.0,0.0,0.0,0,Clear,0,,8.9,20.2,Clear,28.76
2025-12-12T21:00,2025-12-12,21,-2.2,57,0.0,0.0,0.0,0.0,0,Clear,0,,8.0,18.7,Clear,28.04
2025-12-12T22:00,2025-12-12,22,-2.7,61,0.0,0.0,0.0,0.0,0,Clear,0,,5.8,16.9,Clear,27.14
2025-12-12T23:00,2025-12-12,23,-3.0,62,0.0,0.0,0.0,0.0,0,Clear,0,,5.7,12.6,Clear,26.6
2025-12-13T00:00,2025-12-13,0,-3.2,63,0.0,0.0,0.0,0.0,0,Clear,0,,5.6,12.2,Clear,26.240000000000002
2025-12-13T01:00,2025-12-13,1,-3.8,61,0.0,0.0,0.0,0.0,3,Overcast,100,,6.2,12.6,Cloudy,25.16
2025-12-13T02:00,2025-12-13,2,-4.2,68,0.0,0.0,0.0,0.0,3,Overcast,95,,4.6,12.6,Cloudy,24.439999999999998
2025-12-13T03:00,2025-12-13,3,-4.2,71,0.0,0.0,0.0,0.0,3,Overcast,100,,3.8,10.8,Cloudy,24.439999999999998
2025-12-13T04:00,2025-12-13,4,-4.2,69,0.0,0.0,0.0,0.0,1,Mainly Clear,41,,3.9,9.0,Clear,24.439999999999998
2025-12-13T05:00,2025-12-13,5,-4.4,71,0.0,0.0,0.0,0.0,3,Overcast,100,,3.4,9.7,Cloudy,24.08
2025-12-13T06:00,2025-12-13,6,-4.0,68,0.0,0.0,0.0,0.0,3,Overcast,100,,3.9,9.7,Cloudy,24.8
2025-12-13T07:00,2025-12-13,7,-4.0,72,0.0,0.0,0.0,0.0,3,Overcast,100,,4.5,11.9,Cloudy,24.8
2025-12-13T08:00,2025-12-13,8,-3.5,72,0.0,0.0,0.0,0.0,2,Partly Cloudy,77,,4.2,10.8,Cloudy,25.7
2025-12-13T09:00,2025-12-13,9,-2.0,63,0.0,0.0,0.0,0.0,3,Overcast,100,,4.0,13.0,Cloudy,28.4
2025-12-13T10:00,2025-12-13,10,-0.4,55,0.0,0.0,0.0,0.0,3,Overcast,98,,4.9,14.8,Cloudy,31.28
2025-12-13T11:00,2025-12-13,11,1.5,50,0.0,0.0,0.0,0.0,3,Overcast,100,,6.5,19.1,Cloudy,34.7
2025-12-13T12:00,2025-12-13,12,2.8,50,0.0,0.0,0.0,0.0,3,Overcast,100,,7.7,21.6,Cloudy,37.04
2025-12-13T13:00,2025-12-13,13,3.5,51,0.0,0.0,0.0,0.0,3,Overcast,100,,6.0,22.0,Cloudy,38.3
2025-12-13T14:00,2025-12-13,14,3.8,53,0.0,0.0,0.0,0.0,3,Overcast,100,,8.0,19.8,Cloudy,38.839999999999996
2025-12-13T15:00,2025-12-13,15,3.4,60,0.0,0.0,0.0,0.0,3,Overcast,100,,5.5,19.1,Cloudy,38.12
2025-12-13T16:00,2025-12-13,16,2.8,65,0.0,0.0,0.0,0.0,3,Overcast,100,,5.6,12.2,Cloudy,37.04
2025-12-13T17:00,2025-12-13,17,1.5,74,0.0,0.0,0.0,0.0,3,Overcast,100,,4.3,11.5,Cloudy,34.7
2025-12-13T18:00,2025-12-13,18,1.0,77,0.0,0.0,0.0,0.0,3,Overcast,100,,4.1,9.0,Cloudy,33.8
2025-12-13T19:00,2025-12-13,19,1.1,77,0.3,0.0,0.21,0.0,73,Moderate Snow,100,,4.0,8.6,Snow,33.98
2025-12-13T20:00,2025-12-13,20,0.9,82,0.3,0.0,0.21,0.0,73,Moderate Snow,100,,5.0,9.7,Snow,33.62
2025-12-13T21:00,2025-12-13,21,0.8,84,0.1,0.0,0.07,0.0,71,Slight Snow,100,,5.2,10.8,Snow,33.44
2025-12-13T22:00,2025-12-13,22,0.6,87,0.1,0.0,0.07,0.0,71,Slight Snow,100,,4.5,10.1,Snow,33.08
2025-12-13T23:00,2025-12-13,23,0.5,90,0.3,0.0,0.21,0.01,73,Moderate Snow,100,,5.4,10.1,Snow,32.9
2025-12-14T00:00,2025-12-14,0,0.4,94,0.5,0.0,0.35,0.01,73,Moderate Snow,100,,5.7,11.2,Snow,32.72
2025-12-14T01:00,2025-12-14,1,0.2,97,0.5,0.0,0.35,0.01,73,Moderate Snow,100,,6.1,10.8,Snow,32.36
2025-12-14T02:00,2025-12-14,2,-0.1,99,0.8,0.0,0.56,0.02,73,Moderate Snow,100,,3.7,12.2,Snow,31.82
2025-12-14T03:00,2025-12-14,3,-0.3,99,0.8,0.0,0.56,0.02,73,Moderate Snow,100,,2.6,7.6,Snow,31.46
2025-12-14T04:00,2025-12-14,4,-0.3,100,0.7,0.0,0.49,0.03,73,Moderate Snow,100,,3.0,6.1,Snow,31.46
2025-12-14T05:00,2025-12-14,5,-0.4,99,0.9,0.0,0.63,0.04,73,Moderate Snow,100,,2.3,6.1,Snow,31.28
2025-12-14T06:00,2025-12-14,6,-0.6,99,0.9,0.0,0.63,0.04,73,Moderate Snow,100,,1.1,4.0,Snow,30.92
2025-12-14T07:00,2025-12-14,7,-0.6,100,1.0,0.0,0.7,0.06,73,Moderate Snow,100,,4.3,5.8,Snow,30.92
2025-12-14T08:00,2025-12-14,8,-0.3,99,1.8,0.0,1.26,0.08,75,Heavy Snow,100,,4.6,7.9,Snow,31.46
2025-12-14T09:00,2025-12-14,9,-0.2,97,1.3,0.0,0.91,0.08,75,Heavy Snow,100,,7.4,13.3,Snow,31.64
2025-12-14T10:00,2025-12-14,10,-0.6,91,1.3,0.0,0.91,0.09,75,Heavy Snow,100,,14.8,29.9,Snow,30.92
2025-12-14T11:00,2025-12-14,11,-2.0,87,0.7,0.0,0.49,0.1,73,Moderate Snow,100,,13.7,35.6,Snow,28.4
2025-12-14T12:00,2025-12-14,12,-2.7,77,0.2,0.0,0.14,0.09,71,Slight Snow,100,,16.9,35.6,Snow,27.14
2025-12-14T13:00,2025-12-14,13,-2.6,67,0.0,0.0,0.0,0.09,3,Overcast,99,,16.7,39.6,Cloudy,27.32
2025-12-14T14:00,2025-12-14,14,-3.0,65,0.0,0.0,0.0,0.09,3,Overcast,98,,15.2,35.6,Cloudy,26.6
2025-12-14T15:00,2025-12-14,15,-3.8,65,0.0,0.0,0.0,0.09,1,Mainly Clear,27,,17.6,36.4,Clear,25.16
2025-12-14T16:00,2025-12-14,16,-4.8,65,0.0,0.0,0.0,0.09,0,Clear,10,,18.1,38.9,Clear,23.36
2025-12-14T17:00,2025-12-14,17,-6.2,66,0.0,0.0,0.0,0.09,1,Mainly Clear,41,,17.6,37.4,Clear,20.84
2025-12-14T18:00,2025-12-14,18,-6.8,67,0.0,0.0,0.0,0.08,0,Clear,9,,19.0,39.2,Clear,19.76
2025-12-14T19:00,2025-12-14,19,-6.9,65,0.0,0.0,0.0,0.08,0,Clear,3,,19.0,39.2,Clear,19.58
2025-12-14T20:00,2025-12-14,20,-7.2,67,0.0,0.0,0.0,0.08,0,Clear,12,,16.9,38.5,Clear,19.04
2025-12-14T21:00,2025-12-14,21,-7.3,67,0.0,0.0,0.0,0.08,0,Clear,2,,18.1,37.1,Clear,18.86
2025-12-14T22:00,2025-12-14,22,-7.8,67,0.0,0.0,0.0,0.08,0,Clear,16,,18.3,38.5,Clear,17.96
2025-12-14T23:00,2025-12-14,23,-8.3,67,0.0,0.0,0.0,0.07,0,Clear,11,,17.3,38.2,Clear,17.06
2025-12-15T00:00,2025-12-15,0,-8.6,68,0.0,0.0,0.0,0.07,0,Clear,5,,16.9,36.0,Clear,16.520000000000003
2025-12-15T01:00,2025-12-15,1,-8.2,65,0.0,0.0,0.0,0.08,0,Clear,4,,16.1,34.9,Clear,17.240000000000002
2025-12-15T02:00,2025-12-15,2,-8.2,66,0.0,0.0,0.0,0.08,0,Clear,3,,16.4,33.1,Clear,17.240000000000002
2025-12-15T03:00,2025-12-15,3,-8.3,67,0.0,0.0,0.0,0.08,0,Clear,4,,16.2,33.8,Clear,17.06
2025-12-15T04:00,2025-12-15,4,-8.3,69,0.0,0.0,0.0,0.08,1,Mainly Clear,28,,15.2,32.8,Clear,17.06
2025-12-15T05:00,2025-12-15,5,-8.3,70,0.0,0.0,0.0,0.07,1,Mainly Clear,25,,16.7,33.8,Clear,17.06
2025-12-15T06:00,2025-12-15,6,-8.4,70,0.0,0.0,0.0,0.07,0,Clear,2,,16.9,34.6,Clear,16.88
2025-12-15T07:00,2025-12-15,7,-7.9,68,0.0,0.0,0.0,0.08,0,Clear,0,,17.4,34.9,Clear,17.779999999999998
2025-12-15T08:00,2025-12-15,8,-7.7,69,0.0,0.0,0.0,0.08,1,Mainly Clear,20,,18.1,36.7,Clear,18.14
2025-12-15T09:00,2025-12-15,9,-7.1,70,0.0,0.0,0.0,0.08,0,Clear,16,,15.0,37.4,Clear,19.22
2025-12-15T10:00,2025-12-15,10,-5.8,69,0.0,0.0,0.0,0.08,1,Mainly Clear,30,,11.0,30.6,Clear,21.560000000000002
2025-12-15T11:00,2025-12-15,11,-5.0,67,0.0,0.0,0.0,0.08,2,Partly Cloudy,79,,10.0,22.0,Cloudy,23.0
2025-12-15T12:00,2025-12-15,12,-4.1,68,0.0,0.0,0.0,0.07,3,Overcast,81,,9.5,21.6,Cloudy,24.62
2025-12-15T13:00,2025-12-15,13,-3.1,62,0.0,0.0,0.0,0.08,3,Overcast,100,,9.7,23.0,Cloudy,26.42
2025-12-15T14:00,2025-12-15,14,-2.9,62,0.0,0.0,0.0,0.08,3,Overcast,98,,8.5,22.7,Cloudy,26.78
2025-12-15T15:00,2025-12-15,15,-3.0,65,0.0,0.0,0.0,0.08,3,Overcast,95,,10.6,21.6,Cloudy,26.6
2025-12-15T16:00,2025-12-15,16,-3.7,70,0.0,0.0,0.0,0.08,3,Overcast,85,,10.1,22.3,Cloudy,25.34
2025-12-15T17:00,2025-12-15,17,-4.8,79,0.0,0.0,0.0,0.08,3,Overcast,98,,10.7,21.2,Cloudy,23.36
2025-12-15T18:00,2025-12-15,18,-5.1,80,0.0,0.0,0.0,0.08,3,Overcast,100,,11.3,22.3,Cloudy,22.82
2025-12-15T19:00,2025-12-15,19,-4.8,75,0.0,0.0,0.0,0.07,3,Overcast,84,,10.3,22.7,Cloudy,23.36
2025-12-15T20:00,2025-12-15,20,-5.4,77,0.0,0.0,0.0,0.07,2,Partly Cloudy,70,,9.7,19.8,Cloudy,22.28
2025-12-15T21:00,2025-12-15,21,-5.9,79,0.0,0.0,0.0,0.07,1,Mainly Clear,38,,10.4,20.5,Clear,21.38
2025-12-15T22:00,2025-12-15,22,-6.4,80,0.0,0.0,0.0,0.07,1,Mainly Clear,27,,11.0,21.6,Clear,20.48
2025-12-15T23:00,2025-12-15,23,-6.9,82,0.0,0.0,0.0,0.07,1,Mainly Clear,38,,11.0,21.6,Clear,19.58
2025-12-16T00:00,2025-12-16,0,-7.6,83,0.0,0.0,0.0,0.07,0,Clear,3,,10.7,21.6,Clear,18.32
2025-12-16T01:00,2025-12-16,1,-5.8,78,0.0,0.0,0.0,0.06,3,Overcast,95,,11.7,20.9,Cloudy,21.560000000000002
2025-12-16T02:00,2025-12-16,2,-5.4,78,0.0,0.0,0.0,0.06,3,Overcast,92,,10.5,23.0,Cloudy,22.28
2025-12-16T03:00,2025-12-16,3,-5.3,77,0.0,0.0,0.0,0.06,3,Overcast,95,,8.9,20.9,Cloudy,22.46
2025-12-16T04:00,2025-12-16,4,-5.1,77,0.0,0.0,0.0,0.06,3,Overcast,100,,7.8,18.0,Cloudy,22.82
2025-12-16T05:00,2025-12-16,5,-5.9,78,0.0,0.0,0.0,0.06,2,Partly Cloudy,65,,6.0,15.5,Cloudy,21.38
2025-12-16T06:00,2025-12-16,6,-7.8,80,0.0,0.0,0.0,0.06,0,Clear,2,,6.0,11.2,Clear,17.96
2025-12-16T07:00,2025-12-16,7,-9.3,85,0.0,0.0,0.0,0.07,0,Clear,0,,6.2,10.1,Clear,15.259999999999998
2025-12-16T08:00,2025-12-16,8,-9.1,85,0.0,0.0,0.0,0.07,0,Clear,0,,5.8,10.4,Clear,15.620000000000001
2025-12-16T09:00,2025-12-16,9,-7.6,81,0.0,0.0,0.0,0.07,0,Clear,0,,4.9,10.4,Clear,18.32
2025-12-16T10:00,2025-12-16,10,-6.1,79,0.0,0.0,0.0,0.07,0,Clear,0,,4.8,9.7,Clear,21.02
2025-12-16T11:00,2025-12-16,11,-4.8,75,0.0,0.0,0.0,0.07,0,Clear,0,,3.5,9.7,Clear,23.36
2025-12-16T12:00,2025-12-16,12,-4.0,74,0.0,0.0,0.0,0.07,1,Mainly Clear,28,,4.1,10.4,Clear,24.8
2025-12-16T13:00,2025-12-16,13,-2.3,67,0.0,0.0,0.0,0.06,1,Mainly Clear,41,,5.4,10.4,Clear,27.86
2025-12-16T14:00,2025-12-16,14,-2.4,66,0.0,0.0,0.0,0.06,0,Clear,9,,5.3,13.0,Clear,27.68
2025-12-16T15:00,2025-12-16,15,-2.8,68,0.0,0.0,0.0,0.06,2,Partly Cloudy,54,,6.0,13.0,Cloudy,26.96
2025-12-16T16:00,2025-12-16,16,-4.0,67,0.0,0.0,0.0,0.06,3,Overcast,99,,7.1,13.7,Cloudy,24.8
2025-12-16T17:00,2025-12-16,17,-4.6,69,0.0,0.0,0.0,0.06,3,Overcast,95,,9.0,17.3,Cloudy,23.72
2025-12-16T18:00,2025-12-16,18,-5.1,71,0.0,0.0,0.0,0.06,3,Overcast,100,,8.0,18.0,Cloudy,22.82
2025-12-16T19:00,2025-12-16,19,-5.1,68,0.0,0.0,0.0,0.06,3,Overcast,100,,8.7,15.5,Cloudy,22.82
2025-12-16T20:00,2025-12-16,20,-5.2,70,0.0,0.0,0.0,0.06,3,Overcast,100,,9.2,18.0,Cloudy,22.64
2025-12-16T21:00,2025-12-16,21,-5.7,72,0.0,0.0,0.0,0.06,3,Overcast,100,,9.2,18.0,Cloudy,21.74
2025-12-16T22:00,2025-12-16,22,-6.0,73,0.0,0.0,0.0,0.06,3,Overcast,100,,8.7,18.0,Cloudy,21.2
2025-12-16T23:00,2025-12-16,23,-6.3,73,0.0,0.0,0.0,0.06,1,Mainly Clear,41,,7.9,16.9,Clear,20.66
2025-12-17T00:00,2025-12-17,0,-6.4,73,0.0,0.0,0.0,0.06,0,Clear,0,,8.6,16.6,Clear,20.48
2025-12-17T01:00,2025-12-17,1,-6.3,66,0.0,0.0,0.0,0.06,0,Clear,0,,10.8,17.3,Clear,20.66
2025-12-17T02:00,2025-12-17,2,-6.3,67,0.0,0.0,0.0,0.06,0,Clear,0,,9.4,20.5,Clear,20.66
2025-12-17T03:00,2025-12-17,3,-6.3,69,0.0,0.0,0.0,0.06,0,Clear,0,,8.9,18.0,Clear,20.66
2025-12-17T04:00,2025-12-17,4,-6.1,72,0.0,0.0,0.0,0.06,0,Clear,0,,9.0,18.4,Clear,21.02
2025-12-17T05:00,2025-12-17,5,-5.9,75,0.0,0.0,0.0,0.06,0,Clear,0,,8.0,17.6,Clear,21.38
2025-12-17T06:00,2025-12-17,6,-5.6,75,0.0,0.0,0.0,0.06,1,Mainly Clear,30,,9.9,18.4,Clear,21.92
2025-12-17T07:00,2025-12-17,7,-3.2,72,0.0,0.0,0.0,0.06,3,Overcast,100,,11.4,21.2,Cloudy,26.240000000000002
2025-12-17T08:00,2025-12-17,8,-1.8,72,0.0,0.0,0.0,0.06,3,Overcast,100,,11.7,22.7,Cloudy,28.76
2025-12-17T09:00,2025-12-17,9,-0.9,72,0.0,0.0,0.0,0.06,3,Overcast,98,,12.5,25.2,Cloudy,30.38
2025-12-17T10:00,2025-12-17,10,0.2,71,0.0,0.0,0.0,0.06,3,Overcast,100,,14.5,28.8,Cloudy,32.36
2025-12-17T11:00,2025-12-17,11,1.3,71,0.0,0.0,0.0,0.06,3,Overcast,99,,14.2,31.0,Cloudy,34.34
2025-12-17T12:00,2025-12-17,12,2.2,72,0.0,0.0,0.0,0.05,2,Partly Cloudy,75,,12.0,29.9,Cloudy,35.96
2025-12-17T13:00,2025-12-17,13,3.8,68,0.0,0.0,0.0,0.06,3,Overcast,99,,10.7,26.3,Cloudy,38.839999999999996
2025-12-17T14:00,2025-12-17,14,3.8,70,0.0,0.0,0.0,0.05,1,Mainly Clear,30,,10.7,22.7,Clear,38.839999999999996
2025-12-17T15:00,2025-12-17,15,4.3,69,0.0,0.0,0.0,0.05,3,Overcast,93,,11.2,24.5,Cloudy,39.74
2025-12-17T16:00,2025-12-17,16,4.3,69,0.0,0.0,0.0,0.05,3,Overcast,100,,10.4,22.3,Cloudy,39.74
2025-12-17T17:00,2025-12-17,17,4.2,70,0.0,0.0,0.0,0.05,3,Overcast,95,,11.6,22.3,Cloudy,39.56
2025-12-17T18:00,2025-12-17,18,3.6,72,0.0,0.0,0.0,0.05,1,Mainly Clear,21,,12.4,23.8,Clear,38.48
2025-12-17T19:00,2025-12-17,19,3.7,71,0.0,0.0,0.0,0.05,2,Partly Cloudy,79,,11.5,23.8,Cloudy,38.660000000000004
2025-12-17T20:00,2025-12-17,20,2.8,71,0.0,0.0,0.0,0.05,3,Overcast,95,,8.7,21.6,Cloudy,37.04
2025-12-17T21:00,2025-12-17,21,2.2,72,0.0,0.0,0.0,0.05,3,Overcast,96,,9.3,16.2,Cloudy,35.96
2025-12-17T22:00,2025-12-17,22,3.4,71,0.0,0.0,0.0,0.05,3,Overcast,99,,13.8,25.9,Cloudy,38.12
2025-12-17T23:00,2025-12-17,23,3.6,73,0.0,0.0,0.0,0.05,3,Overcast,100,,12.2,26.3,Cloudy,38.48
2025-12-18T00:00,2025-12-18,0,1.6,79,0.0,0.0,0.0,0.05,3,Overcast,96,,6.2,23.0,Cloudy,34.88
2025-12-18T01:00,2025-12-18,1,-0.9,80,0.0,0.0,0.0,0.04,3,Overcast,99,,5.1,9.0,Cloudy,30.38
2025-12-18T02:00,2025-12-18,2,-2.1,85,0.0,0.0,0.0,0.04,1,Mainly Clear,31,,6.6,12.2,Clear,28.22
2025-12-18T03:00,2025-12-18,3,-2.6,86,0.0,0.0,0.0,0.04,2,Partly Cloudy,69,,7.1,13.0,Cloudy,27.32
2025-12-18T04:00,2025-12-18,4,-2.8,86,0.0,0.0,0.0,0.04,1,Mainly Clear,45,,6.7,13.3,Clear,26.96
2025-12-18T05:00,2025-12-18,5,-3.7,88,0.0,0.0,0.0,0.04,1,Mainly Clear,27,,5.6,11.9,Clear,25.34
2025-12-18T06:00,2025-12-18,6,-4.4,91,0.0,0.0,0.0,0.04,0,Clear,7,,5.2,10.1,Clear,24.08
2025-12-18T07:00,2025-12-18,7,-4.2,91,0.0,0.0,0.0,0.05,0,Clear,0,,5.1,9.7,Clear,24.439999999999998
2025-12-18T08:00,2025-12-18,8,-4.6,92,0.0,0.0,0.0,0.05,0,Clear,0,,5.4,9.4,Clear,23.72
2025-12-18T09:00,2025-12-18,9,-1.6,87,0.0,0.0,0.0,0.05,0,Clear,0,,5.1,11.5,Clear,29.12
2025-12-18T10:00,2025-12-18,10,0.8,82,0.0,0.0,0.0,0.05,0,Clear,0,,2.9,10.8,Clear,33.44
2025-12-18T11:00,2025-12-18,11,2.7,73,0.0,0.0,0.0,0.04,0,Clear,0,,0.7,5.4,Clear,36.86
2025-12-18T12:00,2025-12-18,12,3.8,70,0.0,0.0,0.0,0.04,0,Clear,0,,1.9,6.1,Clear,38.839999999999996
2025-12-18T13:00,2025-12-18,13,5.9,78,0.0,0.0,0.0,0.04,0,Clear,0,,3.6,9.0,Clear,42.620000000000005
2025-12-18T14:00,2025-12-18,14,5.8,83,0.0,0.0,0.0,0.04,0,Clear,2,,7.3,14.0,Clear,42.44
2025-12-18T15:00,2025-12-18,15,5.9,85,0.0,0.0,0.0,0.04,0,Clear,0,,8.3,18.4,Clear,42.620000000000005
2025-12-18T16:00,2025-12-18,16,5.4,88,0.0,0.0,0.0,0.03,3,Overcast,100,,8.8,18.7,Cloudy,41.72
2025-12-18T17:00,2025-12-18,17,4.8,91,0.0,0.0,0.0,0.03,3,Overcast,96,,8.2,18.4,Cloudy,40.64
2025-12-18T18:00,2025-12-18,18,4.8,93,0.0,0.0,0.0,0.03,3,Overcast,100,,8.0,15.8,Cloudy,40.64
2025-12-18T19:00,2025-12-18,19,5.0,96,0.0,0.0,0.0,0.04,3,Overcast,100,,7.9,15.5,Cloudy,41.0
2025-12-18T20:00,2025-12-18,20,4.8,98,0.0,0.0,0.0,0.04,3,Overcast,100,,7.5,13.7,Cloudy,40.64
2025-12-18T21:00,2025-12-18,21,5.6,99,0.0,0.0,0.0,0.03,3,Overcast,100,,8.4,15.5,Cloudy,42.08
2025-12-18T22:00,2025-12-18,22,5.5,100,0.0,0.0,0.0,0.03,3,Overcast,100,,7.7,16.2,Cloudy,41.9
2025-12-18T23:00,2025-12-18,23,5.9,100,0.0,0.0,0.0,0.03,3,Overcast,100,,8.2,15.5,Cloudy,42.620000000000005
2025-12-19T00:00,2025-12-19,0,8.2,95,2.0,2.0,0.0,0.03,61,Slight Rain,100,,10.9,18.0,Rain,46.76
2025-12-19T01:00,2025-12-19,1,9.1,86,2.5,2.5,0.0,0.02,63,Moderate Rain,100,,21.4,33.1,Rain,48.379999999999995
2025-12-19T02:00,2025-12-19,2,10.5,91,0.1,0.1,0.0,0.02,51,Light Drizzle,100,,20.7,41.8,Rain,50.9
2025-12-19T03:00,2025-12-19,3,10.6,89,3.0,3.0,0.0,0.01,63,Moderate Rain,100,,20.1,50.4,Rain,51.08
2025-12-19T04:00,2025-12-19,4,11.4,92,1.1,1.1,0.0,0.01,55,Dense Drizzle,100,,23.6,46.1,Rain,52.52
2025-12-19T05:00,2025-12-19,5,11.8,92,1.4,1.4,0.0,0.0,61,Slight Rain,100,,24.0,51.5,Rain,53.24
2025-12-19T06:00,2025-12-19,6,11.9,92,1.2,1.2,0.0,0.0,55,Dense Drizzle,100,,24.6,50.8,Rain,53.42
2025-12-19T07:00,2025-12-19,7,12.6,92,2.5,2.5,0.0,0.0,63,Moderate Rain,100,,26.8,59.4,Rain,54.68
2025-12-19T08:00,2025-12-19,8,12.9,94,4.5,4.5,0.0,0.0,63,Moderate Rain,100,,29.9,70.6,Rain,55.22
2025-12-19T09:00,2025-12-19,9,12.6,95,4.2,4.2,0.0,0.0,63,Moderate Rain,100,,22.6,68.0,Rain,54.68
2025-12-19T10:00,2025-12-19,10,13.1,96,2.4,2.4,0.0,0.0,61,Slight Rain,100,,30.6,63.7,Rain,55.58
2025-12-19T11:00,2025-12-19,11,14.5,91,0.2,0.2,0.0,0.0,51,Light Drizzle,100,,23.1,62.6,Rain,58.1
2025-12-19T12:00,2025-12-19,12,12.9,86,0.5,0.5,0.0,0.0,53,Moderate Drizzle,100,,17.4,51.8,Rain,55.22
2025-12-19T13:00,2025-12-19,13,10.6,84,0.6,0.6,0.0,0.0,53,Moderate Drizzle,100,,17.7,43.6,Rain,51.08
2025-12-19T14:00,2025-12-19,14,10.8,80,0.0,0.0,0.0,0.0,2,Partly Cloudy,73,,19.1,41.4,Cloudy,51.44
2025-12-19T15:00,2025-12-19,15,11.1,67,0.0,0.0,0.0,0.0,3,Overcast,91,,17.3,44.6,Cloudy,51.98
2025-12-19T16:00,2025-12-19,16,8.8,62,0.0,0.0,0.0,0.0,3,Overcast,97,,23.4,59.0,Cloudy,47.84
2025-12-19T17:00,2025-12-19,17,7.4,57,0.0,0.0,0.0,0.0,3,Overcast,82,,26.9,60.1,Cloudy,45.32
2025-12-19T18:00,2025-12-19,18,4.5,54,0.0,0.0,0.0,0.0,3,Overcast,100,,25.9,64.1,Cloudy,40.1
2025-12-19T19:00,2025-12-19,19,2.3,54,0.0,0.0,0.0,0.0,0,Clear,8,,25.5,59.4,Clear,36.14
2025-12-19T20:00,2025-12-19,20,1.4,57,0.0,0.0,0.0,0.0,1,Mainly Clear,20,,23.3,58.0,Clear,34.52
2025-12-19T21:00,2025-12-19,21,0.4,56,0.0,0.0,0.0,0.0,0,Clear,5,,21.6,54.4,Clear,32.72
2025-12-19T22:00,2025-12-19,22,-0.4,54,0.0,0.0,0.0,0.0,0,Clear,9,,19.7,49.0,Clear,31.28
2025-12-19T23:00,2025-12-19,23,-1.3,52,0.0,0.0,0.0,0.0,0,Clear,0,,18.6,46.4,Clear,29.66
2025-12-20T00:00,2025-12-20,0,-2.1,52,0.0,0.0,0.0,0.0,0,Clear,12,,16.7,42.1,Clear,28.22
2025-12-20T01:00,2025-12-20,1,-1.3,51,0.0,0.0,0.0,0.0,2,Partly Cloudy,70,,16.1,37.4,Cloudy,29.66
2025-12-20T02:00,2025-12-20,2,-1.1,52,0.0,0.0,0.0,0.0,2,Partly Cloudy,51,,18.4,40.3,Cloudy,30.02
2025-12-20T03:00,2025-12-20,3,-0.9,53,0.0,0.0,0.0,0.0,1,Mainly Clear,27,,18.9,43.9,Clear,30.38
2025-12-20T04:00,2025-12-20,4,-1.0,55,0.0,0.0,0.0,0.0,0,Clear,18,,16.7,41.8,Clear,30.2
2025-12-20T05:00,2025-12-20,5,-1.5,58,0.0,0.0,0.0,0.0,0,Clear,5,,12.5,37.1,Clear,29.3
2025-12-20T06:00,2025-12-20,6,-1.6,60,0.0,0.0,0.0,0.0,0,Clear,5,,10.7,27.7,Clear,29.12
2025-12-20T07:00,2025-12-20,7,-2.0,64,0.0,0.0,0.0,0.0,0,Clear,12,,9.0,23.8,Clear,28.4
2025-12-20T08:00,2025-12-20,8,-2.0,67,0.0,0.0,0.0,0.0,0,Clear,3,,9.9,21.6,Clear,28.4
2025-12-20T09:00,2025-12-20,9,-1.2,65,0.0,0.0,0.0,0.0,0,Clear,9,,12.1,28.4,Clear,29.84
2025-12-20T10:00,2025-12-20,10,0.0,60,0.0,0.0,0.0,0.0,2,Partly Cloudy,78,,9.3,27.7,Cloudy,32.0
2025-12-20T11:00,2025-12-20,11,1.1,57,0.0,0.0,0.0,0.0,3,Overcast,95,,7.9,23.8,Cloudy,33.98
2025-12-20T12:00,2025-12-20,12,2.0,56,0.0,0.0,0.0,0.0,2,Partly Cloudy,61,,5.0,22.3,Cloudy,35.6
2025-12-20T13:00,2025-12-20,13,2.3,54,0.0,0.0,0.0,0.0,2,Partly Cloudy,76,,8.9,25.2,Cloudy,36.14
2025-12-20T14:00,2025-12-20,14,2.5,55,0.0,0.0,0.0,0.0,3,Overcast,95,,10.6,28.8,Cloudy,36.5
2025-12-20T15:00,2025-12-20,15,2.2,56,0.0,0.0,0.0,0.0,3,Overcast,100,,8.4,27.0,Cloudy,35.96
2025-12-20T16:00,2025-12-20,16,1.8,62,0.0,0.0,0.0,0.0,3,Overcast,100,,6.7,20.5,Cloudy,35.24
2025-12-20T17:00,2025-12-20,17,1.0,67,0.0,0.0,0.0,0.0,1,Mainly Clear,34,,6.6,14.8,Clear,33.8
2025-12-20T18:00,2025-12-20,18,0.2,69,0.0,0.0,0.0,0.0,0,Clear,13,,7.8,15.5,Clear,32.36
2025-12-20T19:00,2025-12-20,19,-0.1,70,0.0,0.0,0.0,0.0,2,Partly Cloudy,64,,7.1,16.9,Cloudy,31.82
2025-12-20T20:00,2025-12-20,20,0.2,68,0.0,0.0,0.0,0.0,3,Overcast,100,,9.6,19.8,Cloudy,32.36
2025-12-20T21:00,2025-12-20,21,0.6,66,0.0,0.0,0.0,0.0,3,Overcast,94,,11.4,24.1,Cloudy,33.08
2025-12-20T22:00,2025-12-20,22,0.4,65,0.0,0.0,0.0,0.0,2,Partly Cloudy,54,,12.5,26.6,Cloudy,32.72
2025-12-20T23:00,2025-12-20,23,0.2,65,0.0,0.0,0.0,0.0,2,Partly Cloudy,74,,13.1,27.7,Cloudy,32.36
2025-12-21T00:00,2025-12-21,0,0.4,67,0.0,0.0,0.0,0.0,3,Overcast,82,,12.6,28.8,Cloudy,32.72
2025-12-21T01:00,2025-12-21,1,0.8,71,0.0,0.0,0.0,0.0,3,Overcast,95,,12.7,26.3,Cloudy,33.44
2025-12-21T02:00,2025-12-21,2,1.4,73,0.0,0.0,0.0,0.0,2,Partly Cloudy,79,,13.9,29.5,Cloudy,34.52
2025-12-21T03:00,2025-12-21,3,1.9,73,0.0,0.0,0.0,0.0,3,Overcast,100,,14.5,31.3,Cloudy,35.42
2025-12-21T04:00,2025-12-21,4,2.0,75,0.0,0.0,0.0,0.0,1,Mainly Clear,20,,13.0,31.3,Clear,35.6
2025-12-21T05:00,2025-12-21,5,1.8,78,0.0,0.0,0.0,0.0,3,Overcast,94,,10.5,27.4,Cloudy,35.24
2025-12-21T06:00,2025-12-21,6,2.0,78,0.0,0.0,0.0,0.0,0,Clear,0,,10.3,21.2,Clear,35.6
2025-12-21T07:00,2025-12-21,7,2.0,75,0.0,0.0,0.0,0.0,0,Clear,0,,11.9,23.0,Clear,35.6
2025-12-21T08:00,2025-12-21,8,2.1,71,0.0,0.0,0.0,0.0,0,Clear,2,,13.0,26.6,Clear,35.78
2025-12-21T09:00,2025-12-21,9,3.7,63,0.0,0.0,0.0,0.0,0,Clear,11,,13.6,27.7,Clear,38.660000000000004
2025-12-21T10:00,2025-12-21,10,4.9,59,0.0,0.0,0.0,0.0,2,Partly Cloudy,65,,10.7,28.4,Cloudy,40.82
2025-12-21T11:00,2025-12-21,11,6.2,57,0.0,0.0,0.0,0.0,2,Partly Cloudy,78,,10.3,24.5,Cloudy,43.16
2025-12-21T12:00,2025-12-21,12,7.9,42,0.0,0.0,0.0,0.0,2,Partly Cloudy,53,,14.7,31.3,Cloudy,46.22
2025-12-21T13:00,2025-12-21,13,7.6,41,0.0,0.0,0.0,0.0,1,Mainly Clear,35,,17.5,41.0,Clear,45.68
2025-12-21T14:00,2025-12-21,14,7.1,39,0.0,0.0,0.0,0.0,3,Overcast,84,,19.7,43.9,Cloudy,44.78
2025-12-21T15:00,2025-12-21,15,4.8,43,0.0,0.0,0.0,0.0,2,Partly Cloudy,65,,22.4,51.1,Cloudy,40.64
2025-12-21T16:00,2025-12-21,16,3.0,42,0.0,0.0,0.0,0.0,2,Partly Cloudy,79,,22.8,52.9,Cloudy,37.4
2025-12-21T17:00,2025-12-21,17,1.2,45,0.0,0.0,0.0,0.0,0,Clear,1,,19.5,51.8,Clear,34.16
2025-12-21T18:00,2025-12-21,18,0.2,48,0.0,0.0,0.0,0.0,0,Clear,0,,14.8,43.6,Clear,32.36
2025-12-21T19:00,2025-12-21,19,0.2,44,0.0,0.0,0.0,0.0,0,Clear,0,,13.4,32.8,Clear,32.36
2025-12-21T20:00,2025-12-21,20,-0.5,47,0.0,0.0,0.0,0.0,0,Clear,0,,12.4,29.2,Clear,31.1
2025-12-21T21:00,2025-12-21,21,-1.1,50,0.0,0.0,0.0,0.0,0,Clear,0,,12.4,27.7,Clear,30.02
2025-12-21T22:00,2025-12-21,22,-1.8,52,0.0,0.0,0.0,0.0,0,Clear,0,,13.4,29.9,Clear,28.76
2025-12-21T23:00,2025-12-21,23,-2.2,54,0.0,0.0,0.0,0.0,0,Clear,0,,13.9,31.0,Clear,28.04
2025-12-22T00:00,2025-12-22,0,-2.6,55,0.0,0.0,0.0,0.0,0,Clear,16,,13.5,31.0,Clear,27.32
2025-12-22T01:00,2025-12-22,1,-2.5,54,0.0,0.0,0.0,0.0,1,Mainly Clear,36,,14.1,29.9,Clear,27.5
2025-12-22T02:00,2025-12-22,2,-2.7,57,0.0,0.0,0.0,0.0,1,Mainly Clear,20,,12.5,31.0,Clear,27.14
2025-12-22T03:00,2025-12-22,3,-2.7,59,0.0,0.0,0.0,0.0,0,Clear,5,,11.2,28.1,Clear,27.14
2025-12-22T04:00,2025-12-22,4,-2.7,60,0.0,0.0,0.0,0.0,0,Clear,0,,10.9,24.8,Clear,27.14
2025-12-22T05:00,2025-12-22,5,-3.0,61,0.0,0.0,0.0,0.0,0,Clear,1,,11.1,24.5,Clear,26.6
2025-12-22T06:00,2025-12-22,6,-3.0,62,0.0,0.0,0.0,0.0,0,Clear,3,,9.2,24.5,Clear,26.6
2025-12-22T07:00,2025-12-22,7,-3.0,61,0.0,0.0,0.0,0.0,0,Clear,2,,6.8,20.5,Clear,26.6
2025-12-22T08:00,2025-12-22,8,-3.0,60,0.0,0.0,0.0,0.0,0,Clear,3,,6.7,14.4,Clear,26.6
2025-12-22T09:00,2025-12-22,9,-1.5,53,0.0,0.0,0.0,0.0,0,Clear,0,,6.0,16.2,Clear,29.3
2025-12-22T10:00,2025-12-22,10,0.1,46,0.0,0.0,0.0,0.0,0,Clear,0,,6.1,19.1,Clear,32.18
2025-12-22T11:00,2025-12-22,11,1.1,45,0.0,0.0,0.0,0.0,1,Mainly Clear,20,,8.3,23.8,Clear,33.98
2025-12-22T12:00,2025-12-22,12,2.0,45,0.0,0.0,0.0,0.0,1,Mainly Clear,21,,8.8,25.9,Clear,35.6
2025-12-22T13:00,2025-12-22,13,2.7,47,0.0,0.0,0.0,0.0,2,Partly Cloudy,55,,8.8,24.5,Cloudy,36.86
2025-12-22T14:00,2025-12-22,14,3.1,46,0.0,0.0,0.0,0.0,3,Overcast,88,,9.5,24.5,Cloudy,37.58
2025-12-22T15:00,2025-12-22,15,2.8,48,0.0,0.0,0.0,0.0,3,Overcast,85,,8.8,24.1,Cloudy,37.04
2025-12-22T16:00,2025-12-22,16,1.6,55,0.0,0.0,0.0,0.0,1,Mainly Clear,48,,7.5,19.4,Clear,34.88
2025-12-22T17:00,2025-12-22,17,0.2,60,0.0,0.0,0.0,0.0,2,Partly Cloudy,50,,7.4,15.8,Cloudy,32.36
2025-12-22T18:00,2025-12-22,18,0.2,61,0.0,0.0,0.0,0.0,3,Overcast,81,,9.2,18.4,Cloudy,32.36
2025-12-22T19:00,2025-12-22,19,0.4,65,0.0,0.0,0.0,0.0,2,Partly Cloudy,66,,11.6,24.1,Cloudy,32.72
2025-12-22T20:00,2025-12-22,20,0.3,66,0.0,0.0,0.0,0.0,2,Partly Cloudy,60,,11.7,24.5,Cloudy,32.54
2025-12-22T21:00,2025-12-22,21,0.1,67,0.0,0.0,0.0,0.0,3,Overcast,98,,11.9,24.8,Cloudy,32.18
2025-12-22T22:00,2025-12-22,22,0.2,66,0.0,0.0,0.0,0.0,3,Overcast,100,,11.6,25.6,Cloudy,32.36
2025-12-22T23:00,2025-12-22,23,0.2,66,0.0,0.0,0.0,0.0,3,Overcast,100,,10.8,24.1,Cloudy,32.36
2025-12-23T00:00,2025-12-23,0,0.6,66,0.0,0.0,0.0,0.0,3,Overcast,100,,10.8,22.7,Cloudy,33.08
2025-12-23T01:00,2025-12-23,1,1.0,64,0.0,0.0,0.0,0.0,3,Overcast,100,,10.2,22.3,Cloudy,33.8
2025-12-23T02:00,2025-12-23,2,1.1,65,0.0,0.0,0.0,0.0,3,Overcast,100,,8.7,20.9,Cloudy,33.98
2025-12-23T03:00,2025-12-23,3,1.0,67,0.0,0.0,0.0,0.0,3,Overcast,100,,9.5,19.4,Cloudy,33.8
2025-12-23T04:00,2025-12-23,4,0.9,69,0.0,0.0,0.0,0.0,3,Overcast,100,,6.4,19.4,Cloudy,33.62
2025-12-23T05:00,2025-12-23,5,0.8,70,0.1,0.0,0.07,0.0,71,Slight Snow,100,,7.3,15.1,Snow,33.44
2025-12-23T06:00,2025-12-23,6,0.6,75,0.2,0.0,0.14,0.0,71,Slight Snow,100,,6.2,15.1,Snow,33.08
2025-12-23T07:00,2025-12-23,7,0.5,83,0.3,0.0,0.21,0.01,73,Moderate Snow,100,,7.0,15.1,Snow,32.9
2025-12-23T08:00,2025-12-23,8,0.5,87,0.5,0.0,0.35,0.01,73,Moderate Snow,100,,6.0,14.0,Snow,32.9
2025-12-23T09:00,2025-12-23,9,0.6,91,0.4,0.0,0.28,0.01,73,Moderate Snow,100,,5.6,11.9,Snow,33.08
2025-12-23T10:00,2025-12-23,10,0.6,97,0.6,0.0,0.42,0.02,73,Moderate Snow,100,,5.8,12.6,Snow,33.08
2025-12-23T11:00,2025-12-23,11,1.5,95,0.2,0.2,0.0,0.01,51,Light Drizzle,100,,3.6,11.5,Rain,34.7
2025-12-23T12:00,2025-12-23,12,2.0,91,0.3,0.3,0.0,0.01,51,Light Drizzle,100,,4.0,10.1,Rain,35.6
2025-12-23T13:00,2025-12-23,13,2.5,93,0.1,0.1,0.0,0.01,51,Light Drizzle,100,,3.3,10.4,Rain,36.5
2025-12-23T14:00,2025-12-23,14,3.1,91,0.1,0.1,0.0,0.01,51,Light Drizzle,100,,3.8,9.7,Rain,37.58
2025-12-23T15:00,2025-12-23,15,2.8,96,0.1,0.1,0.0,0.01,51,Light Drizzle,100,,5.2,12.2,Rain,37.04
2025-12-23T16:00,2025-12-23,16,2.5,97,0.0,0.0,0.0,0.01,3,Overcast,95,,4.3,11.5,Cloudy,36.5
2025-12-23T17:00,2025-12-23,17,1.8,98,0.0,0.0,0.0,0.01,3,Overcast,100,,4.0,9.4,Cloudy,35.24
2025-12-23T18:00,2025-12-23,18,1.8,97,0.0,0.0,0.0,0.01,3,Overcast,100,,5.5,9.4,Cloudy,35.24
2025-12-23T19:00,2025-12-23,19,2.0,91,0.0,0.0,0.0,0.02,3,Overcast,100,,6.7,14.4,Cloudy,35.6
2025-12-23T20:00,2025-12-23,20,1.8,91,0.0,0.0,0.0,0.02,3,Overcast,100,,7.8,15.8,Cloudy,35.24
2025-12-23T21:00,2025-12-23,21,1.9,90,0.0,0.0,0.0,0.01,3,Overcast,95,,8.5,17.6,Cloudy,35.42
2025-12-23T22:00,2025-12-23,22,1.5,92,0.0,0.0,0.0,0.01,3,Overcast,95,,8.8,17.6,Cloudy,34.7
2025-12-23T23:00,2025-12-23,23,1.6,92,0.0,0.0,0.0,0.01,3,Overcast,100,,10.3,20.5,Cloudy,34.88
2025-12-24T00:00,2025-12-24,0,2.2,92,0.0,0.0,0.0,0.01,3,Overcast,97,,11.4,23.4,Cloudy,35.96
2025-12-24T01:00,2025-12-24,1,2.2,90,0.0,0.0,0.0,0.01,1,Mainly Clear,35,,12.0,24.5,Clear,35.96
2025-12-24T02:00,2025-12-24,2,2.1,91,0.0,0.0,0.0,0.01,0,Clear,5,,10.8,24.1,Clear,35.78
2025-12-24T03:00,2025-12-24,3,2.1,91,0.0,0.0,0.0,0.01,0,Clear,4,,10.1,21.6,Clear,35.78
2025-12-24T04:00,2025-12-24,4,2.5,89,0.0,0.0,0.0,0.01,0,Clear,2,,10.8,20.5,Clear,36.5
2025-12-24T05:00,2025-12-24,5,4.2,78,0.0,0.0,0.0,0.01,2,Partly Cloudy,56,,18.5,37.8,Cloudy,39.56
2025-12-24T06:00,2025-12-24,6,4.2,70,0.0,0.0,0.0,0.01,0,Clear,18,,20.0,43.9,Clear,39.56
2025-12-24T07:00,2025-12-24,7,4.6,60,0.0,0.0,0.0,0.01,0,Clear,4,,20.4,43.6,Clear,40.28
2025-12-24T08:00,2025-12-24,8,4.1,63,0.0,0.0,0.0,0.01,0,Clear,3,,18.1,43.9,Clear,39.38
2025-12-24T09:00,2025-12-24,9,4.6,64,0.0,0.0,0.0,0.01,0,Clear,7,,16.9,39.2,Clear,40.28
2025-12-24T10:00,2025-12-24,10,5.5,62,0.0,0.0,0.0,0.01,2,Partly Cloudy,79,,14.5,40.7,Cloudy,41.9
2025-12-24T11:00,2025-12-24,11,5.9,58,0.0,0.0,0.0,0.0,3,Overcast,95,,20.5,63.0,Cloudy,42.620000000000005
2025-12-24T12:00,2025-12-24,12,5.9,54,0.0,0.0,0.0,0.0,2,Partly Cloudy,70,,24.6,59.0,Cloudy,42.620000000000005
2025-12-24T13:00,2025-12-24,13,7.4,48,0.0,0.0,0.0,0.0,1,Mainly Clear,27,,23.3,59.4,Clear,45.32
2025-12-24T14:00,2025-12-24,14,6.9,52,0.0,0.0,0.0,0.0,0,Clear,2,,22.3,54.4,Clear,44.42
2025-12-24T15:00,2025-12-24,15,6.6,54,0.0,0.0,0.0,0.0,0,Clear,16,,17.7,48.6,Clear,43.879999999999995
2025-12-24T16:00,2025-12-24,16,5.1,57,0.0,0.0,0.0,0.0,0,Clear,1,,14.5,40.3,Clear,41.18
2025-12-24T17:00,2025-12-24,17,3.3,63,0.0,0.0,0.0,0.0,0,Clear,0,,11.4,31.7,Clear,37.94
2025-12-24T18:00,2025-12-24,18,2.2,69,0.0,0.0,0.0,0.0,0,Clear,0,,8.8,24.5,Clear,35.96
2025-12-24T19:00,2025-12-24,19,0.9,73,0.0,0.0,0.0,0.0,1,Mainly Clear,24,,5.0,18.0,Clear,33.62
2025-12-24T20:00,2025-12-24,20,0.2,74,0.0,0.0,0.0,0.0,3,Overcast,85,,5.6,11.5,Cloudy,32.36
2025-12-24T21:00,2025-12-24,21,-0.5,77,0.0,0.0,0.0,0.0,3,Overcast,98,,4.8,12.6,Cloudy,31.1
2025-12-24T22:00,2025-12-24,22,-0.9,77,0.0,0.0,0.0,0.0,3,Overcast,100,,1.8,9.4,Cloudy,30.38
2025-12-24T23:00,2025-12-24,23,-1.3,79,0.0,0.0,0.0,0.0,3,Overcast,100,,0.6,2.9,Cloudy,29.66
2025-12-25T00:00,2025-12-25,0,-1.6,86,0.0,0.0,0.0,0.0,3,Overcast,100,,2.0,4.7,Cloudy,29.12
2025-12-25T01:00,2025-12-25,1,-1.3,84,0.0,0.0,0.0,0.0,3,Overcast,100,,3.4,7.9,Cloudy,29.66
2025-12-25T02:00,2025-12-25,2,-0.9,83,0.0,0.0,0.0,0.0,1,Mainly Clear,45,,1.8,6.8,Clear,30.38
2025-12-25T03:00,2025-12-25,3,-1.5,83,0.0,0.0,0.0,0.0,3,Overcast,100,,3.6,6.8,Cloudy,29.3
2025-12-25T04:00,2025-12-25,4,0.1,78,0.0,0.0,0.0,0.0,3,Overcast,100,,5.2,11.2,Cloudy,32.18
2025-12-25T05:00,2025-12-25,5,0.3,79,0.0,0.0,0.0,0.0,3,Overcast,100,,6.0,13.0,Cloudy,32.54
2025-12-25T06:00,2025-12-25,6,0.8,76,0.0,0.0,0.0,0.0,3,Overcast,95,,10.7,22.0,Cloudy,33.44
2025-12-25T07:00,2025-12-25,7,1.0,72,0.0,0.0,0.0,0.0,1,Mainly Clear,41,,12.8,26.3,Clear,33.8
2025-12-25T08:00,2025-12-25,8,1.2,70,0.0,0.0,0.0,0.0,3,Overcast,98,,12.9,27.0,Cloudy,34.16
2025-12-25T09:00,2025-12-25,9,2.8,63,0.0,0.0,0.0,0.0,3,Overcast,100,,14.7,33.8,Cloudy,37.04
2025-12-25T10:00,2025-12-25,10,3.3,62,0.0,0.0,0.0,0.0,3,Overcast,94,,16.0,36.4,Cloudy,37.94
2025-12-25T11:00,2025-12-25,11,4.8,62,0.0,0.0,0.0,0.0,3,Overcast,100,,10.5,35.6,Cloudy,40.64
2025-12-25T12:00,2025-12-25,12,5.2,63,0.0,0.0,0.0,0.0,3,Overcast,98,,7.5,24.1,Cloudy,41.36
2025-12-25T13:00,2025-12-25,13,7.3,53,0.0,0.0,0.0,0.0,3,Overcast,100,,9.4,23.8,Cloudy,45.14
2025-12-25T14:00,2025-12-25,14,8.0,53,0.0,0.0,0.0,0.0,3,Overcast,98,,9.0,22.7,Cloudy,46.4
2025-12-25T15:00,2025-12-25,15,8.4,46,0.0,0.0,0.0,0.0,3,Overcast,93,,18.8,41.0,Cloudy,47.120000000000005
2025-12-25T16:00,2025-12-25,16,5.9,55,0.0,0.0,0.0,0.0,2,Partly Cloudy,54,,19.8,47.5,Cloudy,42.620000000000005
2025-12-25T17:00,2025-12-25,17,3.9,53,0.0,0.0,0.0,0.0,3,Overcast,100,,21.2,47.5,Cloudy,39.02
2025-12-25T18:00,2025-12-25,18,1.9,50,0.0,0.0,0.0,0.0,2,Partly Cloudy,50,,19.5,48.2,Cloudy,35.42
2025-12-25T19:00,2025-12-25,19,2.0,43,0.0,0.0,0.0,0.0,1,Mainly Clear,24,,18.6,43.6,Clear,35.6
2025-12-25T20:00,2025-12-25,20,0.6,46,0.0,0.0,0.0,0.0,1,Mainly Clear,36,,16.1,41.0,Clear,33.08
2025-12-25T21:00,2025-12-25,21,-0.5,48,0.0,0.0,0.0,0.0,3,Overcast,98,,15.1,36.0,Cloudy,31.1
2025-12-25T22:00,2025-12-25,22,-1.5,51,0.0,0.0,0.0,0.0,0,Clear,17,,12.6,33.8,Clear,29.3
2025-12-25T23:00,2025-12-25,23,-2.7,53,0.0,0.0,0.0,0.0,2,Partly Cloudy,76,,11.1,28.4,Cloudy,27.14
2025-12-26T00:00,2025-12-26,0,-3.2,54,0.0,0.0,0.0,0.0,1,Mainly Clear,29,,12.0,27.4,Clear,26.240000000000002
2025-12-26T01:00,2025-12-26,1,-2.8,55,0.0,0.0,0.0,0.0,1,Mainly Clear,42,,9.3,27.7,Clear,26.96
2025-12-26T02:00,2025-12-26,2,-3.4,58,0.0,0.0,0.0,0.0,1,Mainly Clear,31,,9.4,21.6,Clear,25.880000000000003
2025-12-26T03:00,2025-12-26,3,-4.0,59,0.0,0.0,0.0,0.0,0,Clear,11,,9.7,22.0,Clear,24.8
2025-12-26T04:00,2025-12-26,4,-4.5,58,0.0,0.0,0.0,0.0,1,Mainly Clear,38,,10.6,23.8,Clear,23.9
2025-12-26T05:00,2025-12-26,5,-5.1,55,0.0,0.0,0.0,0.0,2,Partly Cloudy,56,,9.9,24.8,Cloudy,22.82
2025-12-26T06:00,2025-12-26,6,-5.5,53,0.0,0.0,0.0,0.0,3,Overcast,100,,9.4,22.7,Cloudy,22.1
2025-12-26T07:00,2025-12-26,7,-5.7,54,0.0,0.0,0.0,0.0,3,Overcast,100,,11.5,27.0,Cloudy,21.74
2025-12-26T08:00,2025-12-26,8,-5.8,55,0.0,0.0,0.0,0.0,3,Overcast,100,,10.4,26.6,Cloudy,21.560000000000002
2025-12-26T09:00,2025-12-26,9,-5.6,52,0.0,0.0,0.0,0.0,3,Overcast,100,,9.8,26.3,Cloudy,21.92
2025-12-26T10:00,2025-12-26,10,-4.9,48,0.0,0.0,0.0,0.0,3,Overcast,100,,9.0,25.2,Cloudy,23.18
2025-12-26T11:00,2025-12-26,11,-4.3,44,0.0,0.0,0.0,0.0,3,Overcast,100,,9.3,25.9,Cloudy,24.26
2025-12-26T12:00,2025-12-26,12,-3.4,43,0.0,0.0,0.0,0.0,3,Overcast,100,,6.1,25.2,Cloudy,25.880000000000003
2025-12-26T13:00,2025-12-26,13,-3.5,41,0.0,0.0,0.0,0.0,3,Overcast,100,,5.6,20.2,Cloudy,25.7
2025-12-26T14:00,2025-12-26,14,-2.7,38,0.0,0.0,0.0,0.0,3,Overcast,100,,1.5,17.6,Cloudy,27.14
2025-12-26T15:00,2025-12-26,15,-3.0,41,0.0,0.0,0.0,0.0,3,Overcast,100,,1.8,11.2,Cloudy,26.6
2025-12-26T16:00,2025-12-26,16,-3.1,43,0.0,0.0,0.0,0.0,3,Overcast,100,,4.3,11.9,Cloudy,26.42
2025-12-26T17:00,2025-12-26,17,-3.4,45,0.1,0.0,0.07,0.0,71,Slight Snow,100,,6.1,15.8,Snow,25.880000000000003
2025-12-26T18:00,2025-12-26,18,-3.5,52,0.5,0.0,0.35,0.0,73,Moderate Snow,100,,7.6,19.4,Snow,25.7
2025-12-26T19:00,2025-12-26,19,-4.8,70,2.2,0.0,1.54,0.0,75,Heavy Snow,100,,7.0,19.1,Snow,23.36
2025-12-26T20:00,2025-12-26,20,-4.9,84,2.5,0.0,1.75,0.02,75,Heavy Snow,100,,8.6,24.1,Snow,23.18
2025-12-26T21:00,2025-12-26,21,-4.5,90,1.5,0.0,1.05,0.03,75,Heavy Snow,100,,7.9,22.0,Snow,23.9
2025-12-26T22:00,2025-12-26,22,-4.3,94,0.6,0.0,0.42,0.04,73,Moderate Snow,100,,8.9,19.4,Snow,24.26
2025-12-26T23:00,2025-12-26,23,-3.3,94,0.7,0.1,0.42,0.04,73,Moderate Snow,100,,9.9,22.0,Snow,26.060000000000002
2025-12-27T00:00,2025-12-27,0,-2.5,96,0.7,0.0,0.49,0.05,73,Moderate Snow,100,,10.7,21.2,Snow,27.5
2025-12-27T01:00,2025-12-27,1,-2.8,96,1.0,0.0,0.7,0.06,73,Moderate Snow,100,,13.2,24.8,Snow,26.96
2025-12-27T02:00,2025-12-27,2,-2.3,96,1.3,0.0,0.91,0.06,75,Heavy Snow,100,,13.1,26.6,Snow,27.86
2025-12-27T03:00,2025-12-27,3,-2.0,98,0.5,0.1,0.28,0.07,73,Moderate Snow,100,,12.9,27.0,Snow,28.4
2025-12-27T04:00,2025-12-27,4,-1.0,96,0.3,0.1,0.14,0.07,71,Slight Snow,100,,13.6,27.7,Snow,30.2
2025-12-27T05:00,2025-12-27,5,-2.2,91,0.3,0.1,0.14,0.07,71,Slight Snow,100,,16.3,35.6,Snow,28.04
2025-12-27T06:00,2025-12-27,6,-3.7,91,0.1,0.0,0.07,0.07,71,Slight Snow,100,,14.9,35.6,Snow,25.34
2025-12-27T07:00,2025-12-27,7,-4.5,90,0.1,0.0,0.07,0.08,71,Slight Snow,100,,13.7,32.4,Snow,23.9
2025-12-27T08:00,2025-12-27,8,-4.7,88,0.1,0.0,0.07,0.08,71,Slight Snow,100,,15.2,31.3,Snow,23.54
2025-12-27T09:00,2025-12-27,9,-4.6,88,0.1,0.0,0.07,0.08,71,Slight Snow,100,,13.1,31.0,Snow,23.72
2025-12-27T10:00,2025-12-27,10,-4.3,89,0.1,0.0,0.07,0.08,71,Slight Snow,100,,11.8,27.4,Snow,24.26
2025-12-27T11:00,2025-12-27,11,-4.1,89,0.0,0.0,0.0,0.08,3,Overcast,100,,10.7,24.8,Cloudy,24.62
2025-12-27T12:00,2025-12-27,12,-3.8,88,0.0,0.0,0.0,0.08,3,Overcast,100,,11.0,23.8,Cloudy,25.16
2025-12-27T13:00,2025-12-27,13,-3.2,88,0.0,0.0,0.0,0.08,3,Overcast,100,,10.4,24.1,Cloudy,26.240000000000002
2025-12-27T14:00,2025-12-27,14,-3.0,88,0.0,0.0,0.0,0.08,3,Overcast,100,,9.4,22.0,Cloudy,26.6
2025-12-27T15:00,2025-12-27,15,-2.9,87,0.0,0.0,0.0,0.08,3,Overcast,100,,9.4,19.8,Cloudy,26.78
2025-12-27T16:00,2025-12-27,16,-3.0,87,0.0,0.0,0.0,0.08,3,Overcast,100,,8.8,20.2,Cloudy,26.6
2025-12-27T17:00,2025-12-27,17,-3.2,86,0.0,0.0,0.0,0.08,3,Overcast,100,,8.2,17.6,Cloudy,26.240000000000002
2025-12-27T18:00,2025-12-27,18,-3.5,86,0.0,0.0,0.0,0.08,1,Mainly Clear,38,,8.3,16.2,Clear,25.7
2025-12-27T19:00,2025-12-27,19,-3.2,88,0.0,0.0,0.0,0.08,3,Overcast,100,,7.0,16.2,Cloudy,26.240000000000002
2025-12-27T20:00,2025-12-27,20,-5.0,90,0.0,0.0,0.0,0.08,0,Clear,5,,5.5,13.3,Clear,23.0
2025-12-27T21:00,2025-12-27,21,-6.9,90,0.0,0.0,0.0,0.08,3,Overcast,91,,6.1,10.1,Cloudy,19.58
2025-12-27T22:00,2025-12-27,22,-7.3,88,0.0,0.0,0.0,0.08,2,Partly Cloudy,70,,7.2,13.3,Cloudy,18.86
2025-12-27T23:00,2025-12-27,23,-8.1,87,0.0,0.0,0.0,0.08,1,Mainly Clear,41,,7.2,13.7,Clear,17.42
2025-12-28T00:00,2025-12-28,0,-8.5,87,0.0,0.0,0.0,0.08,0,Clear,15,,7.1,13.7,Clear,16.7
2025-12-28T01:00,2025-12-28,1,-9.0,89,0.0,0.0,0.0,0.08,0,Clear,10,,7.2,13.7,Clear,15.8
2025-12-28T02:00,2025-12-28,2,-9.4,89,0.0,0.0,0.0,0.08,1,Mainly Clear,28,,5.7,14.0,Clear,15.079999999999998
2025-12-28T03:00,2025-12-28,3,-10.5,91,0.0,0.0,0.0,0.08,1,Mainly Clear,48,,4.9,10.1,Clear,13.100000000000001
2025-12-28T04:00,2025-12-28,4,-11.0,93,0.0,0.0,0.0,0.08,3,Overcast,95,,3.7,8.3,Cloudy,12.2
2025-12-28T05:00,2025-12-28,5,-11.2,95,0.0,0.0,0.0,0.08,3,Overcast,96,,2.7,6.8,Cloudy,11.84
2025-12-28T06:00,2025-12-28,6,-11.6,96,0.0,0.0,0.0,0.07,3,Overcast,88,,3.4,6.1,Cloudy,11.120000000000001
2025-12-28T07:00,2025-12-28,7,-11.1,96,0.0,0.0,0.0,0.08,3,Overcast,100,,4.3,9.0,Cloudy,12.020000000000003
2025-12-28T08:00,2025-12-28,8,-10.4,93,0.0,0.0,0.0,0.08,3,Overcast,100,,4.8,10.1,Cloudy,13.279999999999998
2025-12-28T09:00,2025-12-28,9,-9.8,93,0.0,0.0,0.0,0.08,3,Overcast,100,,3.1,9.0,Cloudy,14.36
2025-12-28T10:00,2025-12-28,10,-8.4,92,0.0,0.0,0.0,0.08,3,Overcast,100,,2.6,8.3,Cloudy,16.88
2025-12-28T11:00,2025-12-28,11,-6.8,91,0.0,0.0,0.0,0.07,3,Overcast,100,,2.4,8.6,Cloudy,19.76
2025-12-28T12:00,2025-12-28,12,-5.2,90,0.0,0.0,0.0,0.07,3,Overcast,100,,2.3,8.3,Cloudy,22.64
2025-12-28T13:00,2025-12-28,13,-3.5,89,0.0,0.0,0.0,0.07,3,Overcast,100,,4.0,10.4,Cloudy,25.7
2025-12-28T14:00,2025-12-28,14,-2.4,88,0.0,0.0,0.0,0.07,3,Overcast,100,,4.3,11.2,Cloudy,27.68
2025-12-28T15:00,2025-12-28,15,-1.6,88,0.0,0.0,0.0,0.07,3,Overcast,100,,5.7,13.3,Cloudy,29.12
2025-12-28T16:00,2025-12-28,16,-1.0,88,0.0,0.0,0.0,0.07,3,Overcast,100,,5.2,13.0,Cloudy,30.2
2025-12-28T17:00,2025-12-28,17,-0.9,89,0.0,0.0,0.0,0.07,3,Overcast,100,,7.2,13.3,Cloudy,30.38
2025-12-28T18:00,2025-12-28,18,-0.4,87,0.0,0.0,0.0,0.07,3,Overcast,100,,6.4,14.8,Cloudy,31.28
2025-12-28T19:00,2025-12-28,19,-0.6,87,0.4,0.4,0.0,0.07,51,Light Drizzle,100,,6.1,13.0,Rain,30.92
2025-12-28T20:00,2025-12-28,20,0.0,86,0.3,0.3,0.0,0.07,51,Light Drizzle,100,,7.9,15.1,Rain,32.0
2025-12-28T21:00,2025-12-28,21,0.4,90,0.2,0.2,0.0,0.07,51,Light Drizzle,100,,9.4,17.3,Rain,32.72
2025-12-28T22:00,2025-12-28,22,1.0,92,0.0,0.0,0.0,0.07,3,Overcast,100,,7.3,19.1,Cloudy,33.8
2025-12-28T23:00,2025-12-28,23,1.5,94,0.0,0.0,0.0,0.07,3,Overcast,100,,9.6,16.6,Cloudy,34.7
2025-12-29T00:00,2025-12-29,0,2.2,95,1.0,1.0,0.0,0.07,55,Dense Drizzle,100,,13.7,26.3,Rain,35.96
2025-12-29T01:00,2025-12-29,1,2.1,95,0.0,0.0,0.0,0.07,3,Overcast,100,,14.8,29.5,Cloudy,35.78
2025-12-29T02:00,2025-12-29,2,2.5,97,0.0,0.0,0.0,0.07,3,Overcast,100,,12.1,29.2,Cloudy,36.5
2025-12-29T03:00,2025-12-29,3,2.5,98,0.0,0.0,0.0,0.07,3,Overcast,100,,10.2,23.4,Cloudy,36.5
2025-12-29T04:00,2025-12-29,4,2.5,99,0.0,0.0,0.0,0.06,3,Overcast,100,,9.1,19.4,Cloudy,36.5
2025-12-29T05:00,2025-12-29,5,2.8,100,0.0,0.0,0.0,0.06,3,Overcast,100,,11.5,20.9,Cloudy,37.04
2025-12-29T06:00,2025-12-29,6,3.2,100,0.1,0.1,0.0,0.06,51,Light Drizzle,100,,10.5,22.3,Rain,37.76
2025-12-29T07:00,2025-12-29,7,3.1,100,0.0,0.0,0.0,0.05,3,Overcast,100,,7.7,19.8,Cloudy,37.58
2025-12-29T08:00,2025-12-29,8,3.2,100,0.0,0.0,0.0,0.05,3,Overcast,100,,7.4,13.3,Cloudy,37.76
2025-12-29T09:00,2025-12-29,9,3.7,100,0.5,0.5,0.0,0.05,53,Moderate Drizzle,100,,7.8,14.4,Rain,38.660000000000004
2025-12-29T10:00,2025-12-29,10,4.3,100,0.6,0.6,0.0,0.04,53,Moderate Drizzle,100,,10.2,19.1,Rain,39.74
2025-12-29T11:00,2025-12-29,11,5.0,100,0.6,0.6,0.0,0.04,53,Moderate Drizzle,100,,9.7,19.8,Rain,41.0
2025-12-29T12:00,2025-12-29,12,5.8,99,0.7,0.7,0.0,0.03,53,Moderate Drizzle,100,,12.3,24.1,Rain,42.44
2025-12-29T13:00,2025-12-29,13,6.7,95,0.4,0.4,0.0,0.03,51,Light Drizzle,100,,15.2,32.4,Rain,44.06
2025-12-29T14:00,2025-12-29,14,7.2,91,0.0,0.0,0.0,0.02,3,Overcast,99,,18.1,34.2,Cloudy,44.96
2025-12-29T15:00,2025-12-29,15,7.3,81,0.0,0.0,0.0,0.02,3,Overcast,100,,19.3,37.8,Cloudy,45.14
2025-12-29T16:00,2025-12-29,16,6.0,69,0.0,0.0,0.0,0.01,3,Overcast,100,,17.4,41.0,Cloudy,42.8
2025-12-29T17:00,2025-12-29,17,5.4,46,0.0,0.0,0.0,0.01,3,Overcast,91,,23.7,51.5,Cloudy,41.72
2025-12-29T18:00,2025-12-29,18,3.7,51,0.0,0.0,0.0,0.01,3,Overcast,97,,23.4,52.9,Cloudy,38.660000000000004
2025-12-29T19:00,2025-12-29,19,3.5,49,0.0,0.0,0.0,0.0,2,Partly Cloudy,52,,23.8,51.5,Cloudy,38.3
2025-12-29T20:00,2025-12-29,20,1.4,52,0.0,0.0,0.0,0.0,0,Clear,0,,21.8,52.9,Clear,34.52
2025-12-29T21:00,2025-12-29,21,-0.5,54,0.0,0.0,0.0,0.0,0,Clear,2,,20.2,52.2,Clear,31.1
2025-12-29T22:00,2025-12-29,22,-1.4,56,0.0,0.0,0.0,0.0,0,Clear,3,,20.2,51.1,Clear,29.48
2025-12-29T23:00,2025-12-29,23,-2.0,57,0.0,0.0,0.0,0.0,3,Overcast,100,,18.8,46.8,Cloudy,28.4
2025-12-30T00:00,2025-12-30,0,-1.8,59,0.0,0.0,0.0,0.0,3,Overcast,98,,17.4,42.5,Cloudy,28.76
2025-12-30T01:00,2025-12-30,1,-0.7,51,0.0,0.0,0.0,0.0,2,Partly Cloudy,79,,21.8,44.6,Cloudy,30.74
2025-12-30T02:00,2025-12-30,2,-0.9,52,0.0,0.0,0.0,0.0,3,Overcast,84,,17.6,49.0,Cloudy,30.38
2025-12-30T03:00,2025-12-30,3,-1.1,52,0.0,0.0,0.0,0.0,3,Overcast,98,,17.3,43.2,Cloudy,30.02
2025-12-30T04:00,2025-12-30,4,-1.5,53,0.0,0.0,0.0,0.0,3,Overcast,83,,12.9,38.9,Cloudy,29.3
2025-12-30T05:00,2025-12-30,5,-1.5,49,0.0,0.0,0.0,0.0,1,Mainly Clear,25,,13.9,34.2,Clear,29.3
2025-12-30T06:00,2025-12-30,6,-2.2,45,0.0,0.0,0.0,0.0,2,Partly Cloudy,64,,15.5,39.6,Cloudy,28.04
2025-12-30T07:00,2025-12-30,7,-0.8,44,0.0,0.0,0.0,0.0,3,Overcast,100,,15.2,36.4,Cloudy,30.56
2025-12-30T08:00,2025-12-30,8,-1.3,48,0.0,0.0,0.0,0.0,3,Overcast,95,,15.2,38.2,Cloudy,29.66
2025-12-30T09:00,2025-12-30,9,-0.9,44,0.0,0.0,0.0,0.0,3,Overcast,97,,23.8,50.0,Cloudy,30.38
2025-12-30T10:00,2025-12-30,10,-0.4,45,0.0,0.0,0.0,0.0,3,Overcast,80,,20.6,57.6,Cloudy,31.28
2025-12-30T11:00,2025-12-30,11,-0.6,43,0.0,0.0,0.0,0.0,3,Overcast,100,,25.1,59.4,Cloudy,30.92
2025-12-30T12:00,2025-12-30,12,-0.6,41,0.0,0.0,0.0,0.0,3,Overcast,100,,25.5,59.8,Cloudy,30.92
2025-12-30T13:00,2025-12-30,13,-0.2,41,0.0,0.0,0.0,0.0,3,Overcast,100,,23.9,58.3,Cloudy,31.64
2025-12-30T14:00,2025-12-30,14,-0.6,42,0.0,0.0,0.0,0.0,3,Overcast,100,,23.7,57.2,Cloudy,30.92
2025-12-30T15:00,2025-12-30,15,-0.6,41,0.0,0.0,0.0,0.0,3,Overcast,95,,22.2,61.6,Cloudy,30.92
2025-12-30T16:00,2025-12-30,16,-0.8,44,0.0,0.0,0.0,0.0,3,Overcast,100,,18.6,49.0,Cloudy,30.56
2025-12-30T17:00,2025-12-30,17,-1.3,47,0.0,0.0,0.0,0.0,3,Overcast,94,,18.7,44.6,Cloudy,29.66
2025-12-30T18:00,2025-12-30,18,-1.7,48,0.0,0.0,0.0,0.0,3,Overcast,86,,18.2,43.2,Cloudy,28.94
2025-12-30T19:00,2025-12-30,19,-1.9,44,0.0,0.0,0.0,0.0,1,Mainly Clear,43,,18.6,41.8,Clear,28.580000000000002
2025-12-30T20:00,2025-12-30,20,-2.5,48,0.0,0.0,0.0,0.0,2,Partly Cloudy,78,,16.6,42.1,Cloudy,27.5
2025-12-30T21:00,2025-12-30,21,-2.8,50,0.0,0.0,0.0,0.0,2,Partly Cloudy,50,,15.5,37.8,Cloudy,26.96
2025-12-30T22:00,2025-12-30,22,-3.0,52,0.0,0.0,0.0,0.0,0,Clear,16,,14.5,35.3,Clear,26.6
2025-12-30T23:00,2025-12-30,23,-3.3,53,0.0,0.0,0.0,0.0,1,Mainly Clear,29,,13.0,32.4,Clear,26.060000000000002
2025-12-31T00:00,2025-12-31,0,-3.7,53,0.0,0.0,0.0,0.0,0,Clear,18,,13.2,29.2,Clear,25.34
2025-12-31T01:00,2025-12-31,1,-3.3,47,0.0,0.0,0.0,0.0,0,Clear,16,,13.8,32.0,Clear,26.060000000000002
2025-12-31T02:00,2025-12-31,2,-3.3,46,0.0,0.0,0.0,0.0,2,Partly Cloudy,67,,14.0,31.0,Cloudy,26.060000000000002
2025-12-31T03:00,2025-12-31,3,-3.4,46,0.0,0.0,0.0,0.0,3,Overcast,99,,13.2,31.3,Cloudy,25.880000000000003
2025-12-31T04:00,2025-12-31,4,-3.3,44,0.0,0.0,0.0,0.0,3,Overcast,100,,13.2,29.9,Cloudy,26.060000000000002
2025-12-31T05:00,2025-12-31,5,-3.3,46,0.0,0.0,0.0,0.0,3,Overcast,100,,10.2,29.9,Cloudy,26.060000000000002
2025-12-31T06:00,2025-12-31,6,-3.4,49,0.0,0.0,0.0,0.0,3,Overcast,100,,5.0,22.3,Cloudy,25.880000000000003
2025-12-31T07:00,2025-12-31,7,-2.8,48,0.0,0.0,0.0,0.0,3,Overcast,100,,10.7,14.0,Cloudy,26.96
2025-12-31T08:00,2025-12-31,8,-3.0,49,0.0,0.0,0.0,0.0,3,Overcast,100,,10.9,24.1,Cloudy,26.6
2025-12-31T09:00,2025-12-31,9,-2.2,48,0.0,0.0,0.0,0.0,3,Overcast,98,,11.2,25.6,Cloudy,28.04
2025-12-31T10:00,2025-12-31,10,-1.4,45,0.0,0.0,0.0,0.0,2,Partly Cloudy,52,,13.6,33.5,Cloudy,29.48
2025-12-31T11:00,2025-12-31,11,-0.6,43,0.0,0.0,0.0,0.0,2,Partly Cloudy,64,,16.2,39.6,Cloudy,30.92
2025-12-31T12:00,2025-12-31,12,-0.2,45,0.0,0.0,0.0,0.0,3,Overcast,100,,16.2,40.0,Cloudy,31.64
2025-12-31T13:00,2025-12-31,13,-0.3,46,0.0,0.0,0.0,0.0,3,Overcast,99,,16.3,41.4,Cloudy,31.46
2025-12-31T14:00,2025-12-31,14,-0.4,50,0.0,0.0,0.0,0.0,3,Overcast,100,,16.5,41.0,Cloudy,31.28
2025-12-31T15:00,2025-12-31,15,-0.9,52,0.0,0.0,0.0,0.0,2,Partly Cloudy,77,,16.0,38.5,Cloudy,30.38
2025-12-31T16:00,2025-12-31,16,-1.4,55,0.0,0.0,0.0,0.0,1,Mainly Clear,48,,11.8,38.5,Clear,29.48
2025-12-31T17:00,2025-12-31,17,-2.2,58,0.0,0.0,0.0,0.0,1,Mainly Clear,24,,9.4,26.3,Clear,28.04
2025-12-31T18:00,2025-12-31,18,-2.5,57,0.0,0.0,0.0,0.0,3,Overcast,84,,9.4,20.9,Cloudy,27.5
2025-12-31T19:00,2025-12-31,19,-2.5,53,0.0,0.0,0.0,0.0,2,Partly Cloudy,63,,9.7,20.9,Cloudy,27.5
2025-12-31T20:00,2025-12-31,20,-2.5,56,0.0,0.0,0.0,0.0,3,Overcast,97,,10.5,22.0,Cloudy,27.5
2025-12-31T21:00,2025-12-31,21,-2.0,58,0.0,0.0,0.0,0.0,3,Overcast,100,,11.9,25.6,Cloudy,28.4
2025-12-31T22:00,2025-12-31,22,-1.5,60,0.0,0.0,0.0,0.0,3,Overcast,100,,11.4,26.3,Cloudy,29.3
2025-12-31T23:00,2025-12-31,23,-1.0,62,0.0,0.0,0.0,0.01,3,Overcast,100,,13.0,28.1,Cloudy,30.2
